# Blender 4.4.1
# www.blender.org
mtllib titleFont.mtl
o テキスト.001
v -10.336613 0.368088 -0.753389
v -10.356211 0.178643 -0.753389
v -10.421301 0.191193 -0.753389
v -10.497498 0.203735 -0.753389
v -10.582573 0.216171 -0.753389
v -10.674292 0.228404 -0.753389
v -10.770426 0.240333 -0.753389
v -10.868748 0.251862 -0.753389
v -10.967024 0.262892 -0.753389
v -11.063023 0.273325 -0.753389
v -11.154516 0.283062 -0.753389
v -11.239273 0.292006 -0.753389
v -11.315062 0.300057 -0.753389
v -11.379650 0.307117 -0.753389
v -11.329556 0.273964 -0.753389
v -11.279928 0.234603 -0.753389
v -11.231510 0.189360 -0.753389
v -11.185043 0.138560 -0.753389
v -11.141268 0.082528 -0.753389
v -11.100924 0.021589 -0.753389
v -11.064754 -0.043933 -0.753389
v -11.033501 -0.113711 -0.753389
v -11.007902 -0.187420 -0.753389
v -10.988699 -0.264737 -0.753389
v -10.976633 -0.345334 -0.753389
v -10.972452 -0.428888 -0.753389
v -10.981726 -0.544700 -0.753389
v -11.008350 -0.649504 -0.753389
v -11.050535 -0.743541 -0.753389
v -11.106489 -0.827053 -0.753389
v -11.174421 -0.900283 -0.753389
v -11.252537 -0.963472 -0.753389
v -11.339043 -1.016861 -0.753389
v -11.432152 -1.060694 -0.753389
v -11.530069 -1.095212 -0.753389
v -11.631002 -1.120657 -0.753389
v -11.733162 -1.137270 -0.753389
v -11.834753 -1.145295 -0.753389
v -11.897902 -0.964561 -0.753389
v -11.808558 -0.958655 -0.753389
v -11.719011 -0.947080 -0.753389
v -11.630779 -0.929244 -0.753389
v -11.545383 -0.904557 -0.753389
v -11.464342 -0.872431 -0.753389
v -11.389175 -0.832275 -0.753389
v -11.321404 -0.783500 -0.753389
v -11.262547 -0.725516 -0.753389
v -11.214123 -0.657733 -0.753389
v -11.177652 -0.579561 -0.753389
v -11.154655 -0.490411 -0.753389
v -11.146654 -0.389692 -0.753389
v -11.150560 -0.324089 -0.753389
v -11.162119 -0.256460 -0.753389
v -11.181087 -0.187863 -0.753389
v -11.207222 -0.119356 -0.753389
v -11.240282 -0.051999 -0.753389
v -11.280027 0.013151 -0.753389
v -11.326214 0.075034 -0.753389
v -11.378601 0.132592 -0.753389
v -11.436947 0.184767 -0.753389
v -11.501007 0.230501 -0.753389
v -11.570543 0.268733 -0.753389
v -11.645308 0.298407 -0.753389
v -11.674664 0.305954 -0.753389
v -11.706863 0.312329 -0.753389
v -11.741390 0.317631 -0.753389
v -11.777735 0.321957 -0.753389
v -11.815378 0.325406 -0.753389
v -11.853807 0.328076 -0.753389
v -11.892508 0.330066 -0.753389
v -11.930967 0.331473 -0.753389
v -11.968670 0.332397 -0.753389
v -12.005104 0.332935 -0.753389
v -12.039753 0.333186 -0.753389
v -12.072105 0.333248 -0.753389
v -12.072105 0.507450 -0.753389
v -12.034422 0.505722 -0.753389
v -11.994379 0.503791 -0.753389
v -11.952070 0.501632 -0.753389
v -11.907581 0.499224 -0.753389
v -11.861006 0.496544 -0.753389
v -11.812435 0.493568 -0.753389
v -11.761959 0.490276 -0.753389
v -11.709667 0.486643 -0.753389
v -11.655655 0.482647 -0.753389
v -11.600006 0.478265 -0.753389
v -11.542814 0.473475 -0.753389
v -11.484173 0.468255 -0.753389
v -11.383944 0.459927 -0.753389
v -11.284235 0.451358 -0.753389
v -11.186024 0.442668 -0.753389
v -11.090282 0.433979 -0.753389
v -10.997990 0.425410 -0.753389
v -10.910120 0.417082 -0.753389
v -10.827650 0.409118 -0.753389
v -10.751554 0.401638 -0.753389
v -10.682806 0.394763 -0.753389
v -10.622383 0.388613 -0.753389
v -10.571260 0.383311 -0.753389
v -10.530413 0.378976 -0.753389
v -10.519489 0.377888 -0.753389
v -10.507439 0.376808 -0.753389
v -10.494314 0.375744 -0.753389
v -10.480171 0.374701 -0.753389
v -10.465059 0.373689 -0.753389
v -10.449030 0.372715 -0.753389
v -10.432142 0.371787 -0.753389
v -10.414442 0.370911 -0.753389
v -10.395987 0.370095 -0.753389
v -10.376829 0.369348 -0.753389
v -10.357021 0.368676 -0.753389
v -8.714354 0.618504 -0.753389
v -8.494423 0.620682 -0.753389
v -8.497511 0.604584 -0.753389
v -8.500250 0.587898 -0.753389
v -8.502657 0.570666 -0.753389
v -8.504747 0.552936 -0.753389
v -8.506533 0.534752 -0.753389
v -8.508032 0.516160 -0.753389
v -8.509258 0.497205 -0.753389
v -8.510229 0.477932 -0.753389
v -8.510958 0.458388 -0.753389
v -8.511457 0.438616 -0.753389
v -8.511749 0.418663 -0.753389
v -8.511843 0.398574 -0.753389
v -8.511415 0.335018 -0.753389
v -8.510231 0.259947 -0.753389
v -8.508440 0.175275 -0.753389
v -8.506199 0.082912 -0.753389
v -8.503653 -0.015227 -0.753389
v -8.500957 -0.117229 -0.753389
v -8.498260 -0.221182 -0.753389
v -8.495714 -0.325173 -0.753389
v -8.493473 -0.427289 -0.753389
v -8.491682 -0.525617 -0.753389
v -8.490499 -0.618244 -0.753389
v -8.490068 -0.703257 -0.753389
v -8.494492 -0.787373 -0.753389
v -8.507490 -0.862469 -0.753389
v -8.528652 -0.928869 -0.753389
v -8.557573 -0.986900 -0.753389
v -8.593842 -1.036886 -0.753389
v -8.637053 -1.079153 -0.753389
v -8.686794 -1.114025 -0.753389
v -8.742661 -1.141827 -0.753389
v -8.804243 -1.162886 -0.753389
v -8.871136 -1.177525 -0.753389
v -8.942924 -1.186070 -0.753389
v -9.019207 -1.188846 -0.753389
v -9.134882 -1.183328 -0.753389
v -9.242537 -1.167565 -0.753389
v -9.342402 -1.142744 -0.753389
v -9.434713 -1.110052 -0.753389
v -9.519707 -1.070676 -0.753389
v -9.597614 -1.025804 -0.753389
v -9.668674 -0.976621 -0.753389
v -9.733116 -0.924316 -0.753389
v -9.791178 -0.870076 -0.753389
v -9.843092 -0.815087 -0.753389
v -9.889093 -0.760537 -0.753389
v -9.929415 -0.707612 -0.753389
v -9.805294 -0.559540 -0.753389
v -9.764631 -0.615982 -0.753389
v -9.720785 -0.671562 -0.753389
v -9.673386 -0.725508 -0.753389
v -9.622061 -0.777051 -0.753389
v -9.566442 -0.825418 -0.753389
v -9.506159 -0.869838 -0.753389
v -9.440840 -0.909540 -0.753389
v -9.370115 -0.943753 -0.753389
v -9.293613 -0.971705 -0.753389
v -9.210964 -0.992626 -0.753389
v -9.121798 -1.005744 -0.753389
v -9.025740 -1.010288 -0.753389
v -8.975258 -1.008479 -0.753389
v -8.927460 -1.002889 -0.753389
v -8.882671 -0.993277 -0.753389
v -8.841217 -0.979400 -0.753389
v -8.803421 -0.961017 -0.753389
v -8.769611 -0.937886 -0.753389
v -8.740110 -0.909764 -0.753389
v -8.715244 -0.876411 -0.753389
v -8.695337 -0.837583 -0.753389
v -8.680716 -0.793040 -0.753389
v -8.671705 -0.742538 -0.753389
v -8.668625 -0.685837 -0.753389
v -8.668930 -0.601041 -0.753389
v -8.669806 -0.509941 -0.753389
v -8.671179 -0.414122 -0.753389
v -8.672981 -0.315173 -0.753389
v -8.675146 -0.214681 -0.753389
v -8.677607 -0.114235 -0.753389
v -8.680294 -0.015422 -0.753389
v -8.683142 0.080170 -0.753389
v -8.686077 0.170953 -0.753389
v -8.689037 0.255340 -0.753389
v -8.691954 0.331743 -0.753389
v -8.694756 0.398574 -0.753389
v -8.695393 0.416624 -0.753389
v -8.696207 0.434825 -0.753389
v -8.697206 0.453148 -0.753389
v -8.698387 0.471561 -0.753389
v -8.699747 0.490035 -0.753389
v -8.701290 0.508539 -0.753389
v -8.703012 0.527043 -0.753389
v -8.704920 0.545516 -0.753389
v -8.707006 0.563930 -0.753389
v -8.709274 0.582252 -0.753389
v -8.711725 0.600454 -0.753389
v -6.593439 0.631569 -0.753389
v -6.593439 0.239614 -0.753389
v -6.730623 0.239614 -0.753389
v -6.730623 0.487852 -0.753389
v -7.669138 0.487852 -0.753389
v -7.669138 0.246146 -0.753389
v -7.812855 0.246146 -0.753389
v -7.812855 0.631569 -0.753389
v -6.972330 0.348490 -0.753389
v -6.948141 0.307911 -0.753389
v -6.921450 0.267922 -0.753389
v -6.892473 0.228658 -0.753389
v -6.861435 0.190257 -0.753389
v -6.828552 0.152853 -0.753389
v -6.794043 0.116583 -0.753389
v -6.758127 0.081584 -0.753389
v -6.721025 0.047991 -0.753389
v -6.682953 0.015941 -0.753389
v -6.644135 -0.014431 -0.753389
v -6.604786 -0.042989 -0.753389
v -6.565130 -0.069595 -0.753389
v -6.574764 -0.076773 -0.753389
v -6.585032 -0.085100 -0.753389
v -6.595753 -0.094365 -0.753389
v -6.606747 -0.104355 -0.753389
v -6.617832 -0.114860 -0.753389
v -6.628826 -0.125667 -0.753389
v -6.639547 -0.136565 -0.753389
v -6.649815 -0.147341 -0.753389
v -6.659447 -0.157786 -0.753389
v -6.668261 -0.167685 -0.753389
v -6.676081 -0.176829 -0.753389
v -6.682716 -0.185005 -0.753389
v -6.722641 -0.154285 -0.753389
v -6.762762 -0.121070 -0.753389
v -6.802822 -0.085587 -0.753389
v -6.842566 -0.048062 -0.753389
v -6.881733 -0.008723 -0.753389
v -6.920071 0.032204 -0.753389
v -6.957317 0.074492 -0.753389
v -6.993217 0.117914 -0.753389
v -7.027515 0.162244 -0.753389
v -7.059956 0.207253 -0.753389
v -7.090277 0.252717 -0.753389
v -7.118225 0.298407 -0.753389
v -7.268473 0.278809 -0.753389
v -7.307053 0.243950 -0.753389
v -7.346291 0.207163 -0.753389
v -7.385756 0.168878 -0.753389
v -7.425014 0.129528 -0.753389
v -7.463640 0.089542 -0.753389
v -7.501200 0.049352 -0.753389
v -7.537260 0.009389 -0.753389
v -7.571394 -0.029916 -0.753389
v -7.603168 -0.068133 -0.753389
v -7.632153 -0.104829 -0.753389
v -7.657915 -0.139575 -0.753389
v -7.680025 -0.171939 -0.753389
v -7.804146 -0.078306 -0.753389
v -7.781448 -0.046072 -0.753389
v -7.755030 -0.011699 -0.753389
v -7.725348 0.024413 -0.753389
v -7.692850 0.061863 -0.753389
v -7.657995 0.100251 -0.753389
v -7.621233 0.139175 -0.753389
v -7.583021 0.178236 -0.753389
v -7.543810 0.217032 -0.753389
v -7.504055 0.255163 -0.753389
v -7.464207 0.292227 -0.753389
v -7.424725 0.327825 -0.753389
v -7.386059 0.361555 -0.753389
v -7.120401 -0.073951 -0.753389
v -7.120401 -0.313479 -0.753389
v -6.571663 -0.313479 -0.753389
v -6.571663 -0.461551 -0.753389
v -7.022411 -0.461551 -0.753389
v -6.988607 -0.518622 -0.753389
v -6.951591 -0.574248 -0.753389
v -6.911594 -0.628166 -0.753389
v -6.868856 -0.680111 -0.753389
v -6.823605 -0.729817 -0.753389
v -6.776079 -0.777021 -0.753389
v -6.726511 -0.821457 -0.753389
v -6.675137 -0.862862 -0.753389
v -6.622190 -0.900970 -0.753389
v -6.567905 -0.935517 -0.753389
v -6.512516 -0.966238 -0.753389
v -6.456255 -0.992868 -0.753389
v -6.465172 -1.001052 -0.753389
v -6.474430 -1.010248 -0.753389
v -6.483915 -1.020292 -0.753389
v -6.493513 -1.031015 -0.753389
v -6.503111 -1.042253 -0.753389
v -6.512596 -1.053839 -0.753389
v -6.521852 -1.065606 -0.753389
v -6.530769 -1.077389 -0.753389
v -6.539234 -1.089020 -0.753389
v -6.547132 -1.100333 -0.753389
v -6.554348 -1.111163 -0.753389
v -6.560776 -1.121342 -0.753389
v -6.615408 -1.090117 -0.753389
v -6.669218 -1.055361 -0.753389
v -6.722015 -1.017263 -0.753389
v -6.773609 -0.976013 -0.753389
v -6.823812 -0.931798 -0.753389
v -6.872437 -0.884808 -0.753389
v -6.919289 -0.835233 -0.753389
v -6.964184 -0.783261 -0.753389
v -7.006933 -0.729081 -0.753389
v -7.047344 -0.672882 -0.753389
v -7.085230 -0.614854 -0.753389
v -7.120401 -0.555185 -0.753389
v -7.120401 -1.234574 -0.753389
v -7.275005 -1.234574 -0.753389
v -7.275005 -0.548652 -0.753389
v -7.308447 -0.605992 -0.753389
v -7.344374 -0.662418 -0.753389
v -7.382555 -0.717649 -0.753389
v -7.422756 -0.771405 -0.753389
v -7.464739 -0.823408 -0.753389
v -7.508274 -0.873376 -0.753389
v -7.553123 -0.921031 -0.753389
v -7.599054 -0.966093 -0.753389
v -7.645834 -1.008281 -0.753389
v -7.693226 -1.047317 -0.753389
v -7.740995 -1.082919 -0.753389
v -7.788902 -1.114810 -0.753389
v -7.795912 -1.104173 -0.753389
v -7.803782 -1.093045 -0.753389
v -7.812380 -1.081568 -0.753389
v -7.821568 -1.069888 -0.753389
v -7.831207 -1.058148 -0.753389
v -7.841164 -1.046490 -0.753389
v -7.851303 -1.035059 -0.753389
v -7.861486 -1.023999 -0.753389
v -7.871580 -1.013453 -0.753389
v -7.881447 -1.003564 -0.753389
v -7.890951 -0.994478 -0.753389
v -7.899956 -0.986336 -0.753389
v -7.850374 -0.958170 -0.753389
v -7.800898 -0.926141 -0.753389
v -7.751816 -0.890558 -0.753389
v -7.703413 -0.851732 -0.753389
v -7.655979 -0.809972 -0.753389
v -7.609800 -0.765589 -0.753389
v -7.565163 -0.718891 -0.753389
v -7.522356 -0.670190 -0.753389
v -7.481667 -0.619796 -0.753389
v -7.443380 -0.568018 -0.753389
v -7.407787 -0.515166 -0.753389
v -7.375174 -0.461551 -0.753389
v -7.838985 -0.461551 -0.753389
v -7.838985 -0.313479 -0.753389
v -7.275005 -0.313479 -0.753389
v -7.275005 -0.073951 -0.753389
v -6.160110 0.751333 -0.753389
v -6.160110 0.311472 -0.753389
v -5.905340 0.311472 -0.753389
v -5.905340 0.159045 -0.753389
v -6.160110 0.159045 -0.753389
v -6.160110 -0.309124 -0.753389
v -5.881386 -0.404935 -0.753389
v -5.929293 -0.561717 -0.753389
v -6.160110 -0.474616 -0.753389
v -6.160110 -1.058194 -0.753389
v -6.159924 -1.064827 -0.753389
v -6.159336 -1.070614 -0.753389
v -6.158308 -1.075614 -0.753389
v -6.156805 -1.079889 -0.753389
v -6.154787 -1.083498 -0.753389
v -6.152220 -1.086502 -0.753389
v -6.149061 -1.088961 -0.753389
v -6.145275 -1.090937 -0.753389
v -6.140821 -1.092490 -0.753389
v -6.135666 -1.093680 -0.753389
v -6.129770 -1.094567 -0.753389
v -6.123091 -1.095212 -0.753389
v -6.116453 -1.095254 -0.753389
v -6.107538 -1.095363 -0.753389
v -6.096521 -1.095518 -0.753389
v -6.083574 -1.095696 -0.753389
v -6.068876 -1.095873 -0.753389
v -6.052597 -1.096028 -0.753389
v -6.034910 -1.096138 -0.753389
v -6.015993 -1.096179 -0.753389
v -5.996016 -1.096130 -0.753389
v -5.975153 -1.095968 -0.753389
v -5.953581 -1.095669 -0.753389
v -5.931471 -1.095212 -0.753389
v -5.936861 -1.105525 -0.753389
v -5.942125 -1.116745 -0.753389
v -5.947224 -1.128692 -0.753389
v -5.952116 -1.141182 -0.753389
v -5.956768 -1.154036 -0.753389
v -5.961140 -1.167071 -0.753389
v -5.965193 -1.180106 -0.753389
v -5.968891 -1.192959 -0.753389
v -5.972198 -1.205450 -0.753389
v -5.975073 -1.217396 -0.753389
v -5.977476 -1.228616 -0.753389
v -5.979374 -1.238929 -0.753389
v -6.011005 -1.238829 -0.753389
v -6.040628 -1.238496 -0.753389
v -6.068314 -1.237875 -0.753389
v -6.094139 -1.236913 -0.753389
v -6.118181 -1.235558 -0.753389
v -6.140512 -1.233757 -0.753389
v -6.161213 -1.231458 -0.753389
v -6.180355 -1.228606 -0.753389
v -6.198015 -1.225150 -0.753389
v -6.214270 -1.221035 -0.753389
v -6.229193 -1.216210 -0.753389
v -6.242857 -1.210621 -0.753389
v -6.254747 -1.203713 -0.753389
v -6.265408 -1.196004 -0.753389
v -6.274872 -1.187417 -0.753389
v -6.283180 -1.177878 -0.753389
v -6.290371 -1.167310 -0.753389
v -6.296478 -1.155638 -0.753389
v -6.301542 -1.142788 -0.753389
v -6.305603 -1.128682 -0.753389
v -6.308695 -1.113245 -0.753389
v -6.310856 -1.096402 -0.753389
v -6.312126 -1.078077 -0.753389
v -6.312538 -1.058194 -0.753389
v -6.312538 -0.418000 -0.753389
v -6.541178 -0.330899 -0.753389
v -6.510693 -0.180649 -0.753389
v -6.312538 -0.252508 -0.753389
v -6.312538 0.159045 -0.753389
v -6.525936 0.159045 -0.753389
v -6.525936 0.311472 -0.753389
v -6.312538 0.311472 -0.753389
v -6.312538 0.751333 -0.753389
v -5.539515 -0.117501 -0.753389
v -5.467655 0.045814 -0.753389
v -5.452583 0.037822 -0.753389
v -5.437796 0.030148 -0.753389
v -5.423222 0.022745 -0.753389
v -5.408781 0.015570 -0.753389
v -5.394403 0.008576 -0.753389
v -5.380011 0.001719 -0.753389
v -5.365526 -0.005048 -0.753389
v -5.350876 -0.011770 -0.753389
v -5.335983 -0.018492 -0.753389
v -5.320772 -0.025259 -0.753389
v -5.305170 -0.032116 -0.753389
v -5.289099 -0.039110 -0.753389
v -5.260384 -0.052187 -0.753389
v -5.230860 -0.065331 -0.753389
v -5.200535 -0.078612 -0.753389
v -5.169415 -0.092097 -0.753389
v -5.137510 -0.105854 -0.753390
v -5.104824 -0.119951 -0.753390
v -5.071369 -0.134457 -0.753390
v -5.037149 -0.149439 -0.753390
v -5.002174 -0.164965 -0.753390
v -4.966452 -0.181103 -0.753390
v -4.929987 -0.197922 -0.753390
v -4.892788 -0.215490 -0.753390
v -4.882931 -0.185103 -0.753390
v -4.869823 -0.157120 -0.753390
v -4.853661 -0.131587 -0.753390
v -4.834641 -0.108549 -0.753390
v -4.812958 -0.088051 -0.753390
v -4.788811 -0.070140 -0.753390
v -4.762396 -0.054859 -0.753390
v -4.733910 -0.042255 -0.753390
v -4.703548 -0.032373 -0.753390
v -4.671507 -0.025258 -0.753390
v -4.637985 -0.020956 -0.753390
v -4.603176 -0.019512 -0.753390
v -4.579132 -0.020099 -0.753390
v -4.553991 -0.021851 -0.753390
v -4.528019 -0.024752 -0.753390
v -4.501478 -0.028787 -0.753390
v -4.474636 -0.033941 -0.753390
v -4.447756 -0.040199 -0.753390
v -4.421103 -0.047545 -0.753390
v -4.394941 -0.055966 -0.753390
v -4.369535 -0.065444 -0.753390
v -4.345150 -0.075967 -0.753390
v -4.322051 -0.087517 -0.753390
v -4.300500 -0.100081 -0.753390
v -4.318953 -0.075059 -0.753390
v -4.337246 -0.049070 -0.753390
v -4.355312 -0.022234 -0.753390
v -4.373085 0.005328 -0.753390
v -4.390493 0.033494 -0.753390
v -4.407471 0.062145 -0.753390
v -4.423950 0.091159 -0.753390
v -4.439861 0.120414 -0.753390
v -4.455139 0.149791 -0.753390
v -4.469713 0.179167 -0.753390
v -4.483515 0.208423 -0.753390
v -4.496477 0.237436 -0.753390
v -4.556444 0.239800 -0.753390
v -4.617472 0.242558 -0.753390
v -4.679255 0.245738 -0.753390
v -4.741489 0.249372 -0.753390
v -4.803877 0.253491 -0.753390
v -4.866114 0.258123 -0.753390
v -4.927896 0.263299 -0.753390
v -4.988922 0.269051 -0.753390
v -5.048891 0.275407 -0.753390
v -5.107496 0.282398 -0.753390
v -5.164440 0.290055 -0.753390
v -5.219418 0.298407 -0.753390
v -5.221596 0.459544 -0.753390
v -5.169769 0.450648 -0.753390
v -5.116751 0.442447 -0.753390
v -5.062702 0.434911 -0.753390
v -5.007793 0.428010 -0.753390
v -4.952188 0.421715 -0.753390
v -4.896053 0.415994 -0.753390
v -4.839556 0.410817 -0.753390
v -4.782862 0.406155 -0.753390
v -4.726139 0.401976 -0.753390
v -4.669550 0.398251 -0.753390
v -4.613266 0.394949 -0.753390
v -4.557449 0.392041 -0.753390
v -4.565302 0.417263 -0.753390
v -4.572559 0.441751 -0.753390
v -4.579256 0.465499 -0.753390
v -4.585432 0.488497 -0.753390
v -4.591125 0.510740 -0.753390
v -4.596371 0.532219 -0.753390
v -4.601208 0.552927 -0.753390
v -4.605675 0.572857 -0.753390
v -4.609810 0.591999 -0.753390
v -4.613649 0.610348 -0.753390
v -4.617231 0.627896 -0.753390
v -4.620596 0.644634 -0.753390
v -4.442039 0.659877 -0.753390
v -4.440636 0.639385 -0.753390
v -4.438612 0.618242 -0.753390
v -4.435984 0.596525 -0.753390
v -4.432764 0.574308 -0.753390
v -4.428972 0.551669 -0.753390
v -4.424620 0.528681 -0.753390
v -4.419722 0.505421 -0.753390
v -4.414295 0.481965 -0.753390
v -4.408356 0.458388 -0.753390
v -4.401917 0.434765 -0.753390
v -4.394993 0.411172 -0.753390
v -4.387602 0.387686 -0.753390
v -4.243884 0.385508 -0.753390
v -4.217806 0.385689 -0.753390
v -4.189859 0.386224 -0.753390
v -4.160356 0.387108 -0.753390
v -4.129604 0.388331 -0.753390
v -4.097916 0.389887 -0.753390
v -4.065598 0.391769 -0.753390
v -4.032965 0.393968 -0.753390
v -4.000323 0.396477 -0.753390
v -3.967984 0.399288 -0.753390
v -3.936257 0.402394 -0.753390
v -3.905453 0.405788 -0.753390
v -3.875881 0.409461 -0.753390
v -3.875881 0.246146 -0.753390
v -3.906279 0.244060 -0.753390
v -3.937417 0.242154 -0.753390
v -3.969039 0.240430 -0.753390
v -4.000888 0.238888 -0.753390
v -4.032706 0.237527 -0.753390
v -4.064238 0.236348 -0.753390
v -4.095224 0.235350 -0.753390
v -4.125409 0.234533 -0.753390
v -4.154536 0.233898 -0.753390
v -4.182348 0.233444 -0.753390
v -4.208587 0.233172 -0.753390
v -4.232997 0.233081 -0.753390
v -4.328808 0.233081 -0.753390
v -4.306768 0.187992 -0.753390
v -4.281871 0.140929 -0.753390
v -4.253888 0.091916 -0.753390
v -4.222593 0.040975 -0.753390
v -4.187760 -0.011872 -0.753390
v -4.149162 -0.066601 -0.753390
v -4.106572 -0.123191 -0.753390
v -4.059762 -0.181617 -0.753390
v -4.008507 -0.241859 -0.753390
v -3.952579 -0.303892 -0.753390
v -3.891752 -0.367694 -0.753390
v -3.825798 -0.433243 -0.753390
v -3.973870 -0.542120 -0.753390
v -3.992116 -0.520489 -0.753390
v -4.009871 -0.499184 -0.753390
v -4.027185 -0.478257 -0.753390
v -4.044115 -0.457760 -0.753390
v -4.060713 -0.437748 -0.753390
v -4.077030 -0.418272 -0.753390
v -4.093122 -0.399387 -0.753390
v -4.109038 -0.381144 -0.753390
v -4.124834 -0.363596 -0.753390
v -4.140561 -0.346797 -0.753390
v -4.156275 -0.330800 -0.753390
v -4.172026 -0.315656 -0.753390
v -4.197360 -0.293316 -0.753390
v -4.224266 -0.272126 -0.753390
v -4.252594 -0.252236 -0.753390
v -4.282192 -0.233797 -0.753390
v -4.312909 -0.216962 -0.753390
v -4.344594 -0.201880 -0.753390
v -4.377096 -0.188704 -0.753390
v -4.410263 -0.177585 -0.753390
v -4.443945 -0.168673 -0.753390
v -4.477987 -0.162120 -0.753390
v -4.512243 -0.158078 -0.753390
v -4.546560 -0.156697 -0.753390
v -4.570629 -0.157565 -0.753390
v -4.593750 -0.160195 -0.753390
v -4.615799 -0.164624 -0.753390
v -4.636646 -0.170891 -0.753390
v -4.656162 -0.179033 -0.753390
v -4.674217 -0.189088 -0.753390
v -4.690687 -0.201093 -0.753390
v -4.705441 -0.215087 -0.753390
v -4.718348 -0.231107 -0.753390
v -4.729282 -0.249191 -0.753390
v -4.738113 -0.269378 -0.753390
v -4.744717 -0.291703 -0.753390
v -4.681086 -0.325540 -0.753390
v -4.618189 -0.360790 -0.753390
v -4.556938 -0.397688 -0.753390
v -4.498253 -0.436469 -0.753390
v -4.443045 -0.477367 -0.753390
v -4.392229 -0.520616 -0.753390
v -4.346722 -0.566452 -0.753390
v -4.307436 -0.615107 -0.753390
v -4.275289 -0.666817 -0.753390
v -4.251193 -0.721816 -0.753390
v -4.236065 -0.780339 -0.753390
v -4.230819 -0.842619 -0.753390
v -4.235927 -0.904981 -0.753390
v -4.250810 -0.959540 -0.753390
v -4.274812 -1.006750 -0.753390
v -4.307275 -1.047065 -0.753390
v -4.347540 -1.080937 -0.753390
v -4.394949 -1.108822 -0.753390
v -4.448847 -1.131171 -0.753390
v -4.508574 -1.148440 -0.753390
v -4.573473 -1.161082 -0.753390
v -4.642885 -1.169550 -0.753389
v -4.716152 -1.174298 -0.753389
v -4.792622 -1.175781 -0.753389
v -4.840998 -1.175425 -0.753389
v -4.891106 -1.174390 -0.753389
v -4.942497 -1.172719 -0.753389
v -4.994728 -1.170458 -0.753389
v -5.047354 -1.167653 -0.753389
v -5.099926 -1.164349 -0.753389
v -5.151999 -1.160591 -0.753389
v -5.203127 -1.156425 -0.753389
v -5.252863 -1.151896 -0.753389
v -5.300762 -1.147050 -0.753389
v -5.346378 -1.141931 -0.753389
v -5.389265 -1.136585 -0.753389
v -5.393620 -0.962383 -0.753389
v -5.344913 -0.970273 -0.753389
v -5.294846 -0.977595 -0.753389
v -5.243778 -0.984328 -0.753389
v -5.192078 -0.990449 -0.753389
v -5.140104 -0.995934 -0.753389
v -5.088221 -1.000762 -0.753389
v -5.036791 -1.004909 -0.753389
v -4.986179 -1.008353 -0.753389
v -4.936747 -1.011071 -0.753389
v -4.888857 -1.013040 -0.753389
v -4.842871 -1.014239 -0.753389
v -4.799154 -1.014644 -0.753389
v -4.744284 -1.014031 -0.753389
v -4.692083 -1.011922 -0.753390
v -4.642952 -1.007907 -0.753390
v -4.597290 -1.001578 -0.753390
v -4.555498 -0.992528 -0.753390
v -4.517981 -0.980347 -0.753390
v -4.485136 -0.964628 -0.753390
v -4.457363 -0.944963 -0.753390
v -4.435066 -0.920942 -0.753390
v -4.418642 -0.892157 -0.753390
v -4.408495 -0.858201 -0.753390
v -4.405022 -0.818666 -0.753390
v -4.407923 -0.783315 -0.753390
v -4.416443 -0.749076 -0.753390
v -4.430300 -0.715880 -0.753390
v -4.449217 -0.683659 -0.753390
v -4.472912 -0.652346 -0.753390
v -4.501104 -0.621871 -0.753390
v -4.533518 -0.592169 -0.753390
v -4.569870 -0.563169 -0.753390
v -4.609880 -0.534804 -0.753390
v -4.653271 -0.507007 -0.753390
v -4.699760 -0.479708 -0.753390
v -4.749071 -0.452841 -0.753390
v -4.749025 -0.481689 -0.753390
v -4.748890 -0.511422 -0.753390
v -4.748663 -0.541745 -0.753390
v -4.748346 -0.572363 -0.753390
v -4.747938 -0.602981 -0.753390
v -4.747438 -0.633304 -0.753390
v -4.746849 -0.663037 -0.753390
v -4.746168 -0.691885 -0.753390
v -4.745396 -0.719554 -0.753390
v -4.744535 -0.745749 -0.753390
v -4.743582 -0.770174 -0.753390
v -4.742538 -0.792535 -0.753390
v -4.910208 -0.792535 -0.753389
v -4.903675 -0.374450 -0.753390
v -4.944809 -0.355171 -0.753390
v -4.985413 -0.336534 -0.753390
v -5.025414 -0.318548 -0.753390
v -5.064732 -0.301220 -0.753389
v -5.103294 -0.284557 -0.753389
v -5.141026 -0.268567 -0.753389
v -5.177851 -0.253258 -0.753389
v -5.213692 -0.238636 -0.753389
v -5.248474 -0.224710 -0.753389
v -5.282122 -0.211488 -0.753389
v -5.314560 -0.198976 -0.753389
v -5.345715 -0.187182 -0.753389
v -5.360798 -0.181070 -0.753389
v -5.376553 -0.174762 -0.753389
v -5.392838 -0.168333 -0.753389
v -5.409508 -0.161858 -0.753389
v -5.426420 -0.155414 -0.753389
v -5.443432 -0.149075 -0.753389
v -5.460398 -0.142918 -0.753389
v -5.477173 -0.137018 -0.753389
v -5.493618 -0.131451 -0.753389
v -5.509584 -0.126292 -0.753389
v -5.524933 -0.121617 -0.753389
v -1.585120 -1.021176 -0.753390
v -1.748434 -1.130053 -0.753390
v -1.793237 -1.091200 -0.753390
v -1.836120 -1.049867 -0.753390
v -1.876976 -1.006206 -0.753390
v -1.915700 -0.960366 -0.753390
v -1.952188 -0.912501 -0.753390
v -1.986329 -0.862761 -0.753390
v -2.018023 -0.811296 -0.753390
v -2.047160 -0.758259 -0.753390
v -2.073635 -0.703801 -0.753390
v -2.097343 -0.648072 -0.753390
v -2.118178 -0.591225 -0.753390
v -2.136036 -0.533409 -0.753390
v -2.149714 -0.474073 -0.753390
v -2.161449 -0.406034 -0.753390
v -2.171386 -0.330933 -0.753390
v -2.179666 -0.250411 -0.753390
v -2.186434 -0.166109 -0.753390
v -2.191833 -0.079666 -0.753390
v -2.196009 0.007275 -0.753390
v -2.199101 0.093074 -0.753390
v -2.201257 0.176091 -0.753390
v -2.202620 0.254685 -0.753390
v -2.203332 0.327215 -0.753390
v -2.203538 0.392041 -0.753390
v -2.203711 0.408350 -0.753390
v -2.204193 0.424522 -0.753390
v -2.204933 0.440423 -0.753390
v -2.205876 0.455915 -0.753390
v -2.206972 0.470863 -0.753390
v -2.208165 0.485130 -0.753390
v -2.209404 0.498581 -0.753390
v -2.210635 0.511079 -0.753390
v -2.211805 0.522489 -0.753390
v -2.212862 0.532673 -0.753390
v -2.213754 0.541497 -0.753390
v -2.214426 0.548823 -0.753390
v -2.014093 0.548823 -0.753390
v -2.016223 0.537337 -0.753390
v -2.018247 0.525707 -0.753390
v -2.020150 0.513880 -0.753390
v -2.021917 0.501805 -0.753390
v -2.023533 0.489426 -0.753390
v -2.024982 0.476692 -0.753390
v -2.026250 0.463550 -0.753390
v -2.027322 0.449947 -0.753390
v -2.028181 0.435830 -0.753390
v -2.028813 0.421145 -0.753390
v -2.029204 0.405841 -0.753390
v -2.029336 0.389863 -0.753390
v -2.029257 0.325649 -0.753390
v -2.028883 0.254857 -0.753390
v -2.028010 0.178983 -0.753390
v -2.026434 0.099526 -0.753390
v -2.023951 0.017982 -0.753390
v -2.020355 -0.064152 -0.753390
v -2.015444 -0.145378 -0.753390
v -2.009014 -0.224200 -0.753390
v -2.000860 -0.299121 -0.753390
v -1.990778 -0.368643 -0.753390
v -1.978562 -0.431270 -0.753390
v -1.964009 -0.485504 -0.753390
v -1.946325 -0.537919 -0.753390
v -1.925963 -0.589450 -0.753390
v -1.902970 -0.639938 -0.753390
v -1.877393 -0.689224 -0.753390
v -1.849274 -0.737148 -0.753390
v -1.818660 -0.783553 -0.753390
v -1.785596 -0.828279 -0.753390
v -1.750128 -0.871168 -0.753390
v -1.712300 -0.912061 -0.753390
v -1.672160 -0.950799 -0.753390
v -1.629750 -0.987224 -0.753390
v -2.582429 -1.032064 -0.753390
v -2.697838 -1.127875 -0.753390
v -2.701832 -1.124519 -0.753390
v -2.706196 -1.120990 -0.753390
v -2.710938 -1.117294 -0.753390
v -2.716064 -1.113439 -0.753390
v -2.721585 -1.109433 -0.753390
v -2.727508 -1.105283 -0.753390
v -2.733837 -1.100997 -0.753390
v -2.740582 -1.096583 -0.753390
v -2.747751 -1.092048 -0.753390
v -2.755351 -1.087399 -0.753390
v -2.763390 -1.082645 -0.753390
v -2.771873 -1.077792 -0.753390
v -2.835970 -1.044716 -0.753390
v -2.901578 -1.007708 -0.753390
v -2.968122 -0.967010 -0.753390
v -3.035031 -0.922865 -0.753390
v -3.101728 -0.875513 -0.753390
v -3.167640 -0.825198 -0.753390
v -3.232189 -0.772161 -0.753390
v -3.294804 -0.716645 -0.753390
v -3.354907 -0.658890 -0.753390
v -3.411926 -0.599138 -0.753390
v -3.465285 -0.537633 -0.753390
v -3.514412 -0.474616 -0.753390
v -3.412068 -0.326544 -0.753390
v -3.368160 -0.387027 -0.753390
v -3.320662 -0.445310 -0.753390
v -3.270154 -0.501189 -0.753390
v -3.217218 -0.554459 -0.753390
v -3.162438 -0.604916 -0.753390
v -3.106396 -0.652357 -0.753390
v -3.049673 -0.696577 -0.753390
v -2.992852 -0.737372 -0.753390
v -2.936514 -0.774537 -0.753390
v -2.881243 -0.807869 -0.753390
v -2.827620 -0.837164 -0.753390
v -2.776229 -0.862216 -0.753390
v -2.776229 -0.825934 -0.753390
v -2.776229 -0.755235 -0.753390
v -2.776229 -0.656712 -0.753390
v -2.776229 -0.536958 -0.753390
v -2.776229 -0.402566 -0.753390
v -2.776229 -0.260129 -0.753390
v -2.776229 -0.116241 -0.753390
v -2.776229 0.022506 -0.753390
v -2.776229 0.149518 -0.753390
v -2.776229 0.258203 -0.753390
v -2.776229 0.341968 -0.753390
v -2.776229 0.394219 -0.753390
v -2.776359 0.414439 -0.753390
v -2.776723 0.433676 -0.753390
v -2.777284 0.451855 -0.753390
v -2.778003 0.468900 -0.753390
v -2.778844 0.484735 -0.753390
v -2.779768 0.499284 -0.753390
v -2.780737 0.512473 -0.753390
v -2.781714 0.524225 -0.753390
v -2.782660 0.534465 -0.753390
v -2.783539 0.543117 -0.753390
v -2.784311 0.550106 -0.753390
v -2.784939 0.555356 -0.753390
v -2.584606 0.555356 -0.753390
v -2.585279 0.550106 -0.753390
v -2.586169 0.543117 -0.753390
v -2.587226 0.534465 -0.753390
v -2.588396 0.524225 -0.753390
v -2.589628 0.512473 -0.753390
v -2.590866 0.499284 -0.753390
v -2.592059 0.484735 -0.753390
v -2.593155 0.468900 -0.753390
v -2.594099 0.451855 -0.753390
v -2.594838 0.433676 -0.753390
v -2.595321 0.414439 -0.753390
v -2.595494 0.394219 -0.753390
v -2.595494 0.341649 -0.753390
v -2.595494 0.256923 -0.753390
v -2.595494 0.146627 -0.753390
v -2.595494 0.017344 -0.753390
v -2.595494 -0.124337 -0.753390
v -2.595494 -0.271834 -0.753390
v -2.595494 -0.418558 -0.753390
v -2.595494 -0.557927 -0.753390
v -2.595494 -0.683353 -0.753390
v -2.595494 -0.788251 -0.753390
v -2.595494 -0.866036 -0.753390
v -2.595494 -0.910122 -0.753390
v -2.595404 -0.921005 -0.753390
v -2.595132 -0.931857 -0.753390
v -2.594678 -0.942649 -0.753390
v -2.594043 -0.953350 -0.753390
v -2.593226 -0.963930 -0.753390
v -2.592229 -0.974359 -0.753390
v -2.591049 -0.984607 -0.753390
v -2.589688 -0.994642 -0.753390
v -2.588146 -1.004436 -0.753390
v -2.586422 -1.013958 -0.753390
v -2.584517 -1.023177 -0.753390
v 0.514019 -0.134921 -0.753390
v 0.514019 -0.348319 -0.753390
v 0.496170 -0.346733 -0.753390
v 0.476477 -0.345245 -0.753390
v 0.455090 -0.343862 -0.753390
v 0.432160 -0.342593 -0.753390
v 0.407839 -0.341445 -0.753390
v 0.382278 -0.340426 -0.753390
v 0.355629 -0.339542 -0.753390
v 0.328042 -0.338803 -0.753390
v 0.299668 -0.338214 -0.753390
v 0.270659 -0.337784 -0.753390
v 0.241167 -0.337521 -0.753390
v 0.211342 -0.337432 -0.753390
v 0.156631 -0.337432 -0.753390
v 0.077424 -0.337432 -0.753390
v -0.021381 -0.337432 -0.753390
v -0.134885 -0.337432 -0.753390
v -0.258187 -0.337432 -0.753390
v -0.386390 -0.337432 -0.753390
v -0.514592 -0.337432 -0.753390
v -0.637895 -0.337432 -0.753390
v -0.751398 -0.337432 -0.753390
v -0.850204 -0.337432 -0.753390
v -0.929411 -0.337432 -0.753390
v -0.984121 -0.337432 -0.753390
v -1.008459 -0.337604 -0.753390
v -1.032380 -0.338087 -0.753390
v -1.055741 -0.338827 -0.753390
v -1.078400 -0.339770 -0.753390
v -1.100212 -0.340865 -0.753390
v -1.121034 -0.342059 -0.753390
v -1.140720 -0.343297 -0.753390
v -1.159129 -0.344529 -0.753390
v -1.176118 -0.345699 -0.753390
v -1.191541 -0.346757 -0.753390
v -1.205256 -0.347648 -0.753390
v -1.217117 -0.348319 -0.753390
v -1.217117 -0.134921 -0.753390
v -1.204505 -0.136050 -0.753390
v -1.190624 -0.137240 -0.753390
v -1.175471 -0.138460 -0.753390
v -1.159050 -0.139679 -0.753390
v -1.141357 -0.140869 -0.753390
v -1.122395 -0.141998 -0.753390
v -1.102161 -0.143036 -0.753390
v -1.080659 -0.143954 -0.753390
v -1.057885 -0.144720 -0.753390
v -1.033842 -0.145305 -0.753390
v -1.008529 -0.145678 -0.753390
v -0.981944 -0.145809 -0.753390
v -0.927692 -0.145809 -0.753390
v -0.848792 -0.145809 -0.753390
v -0.750173 -0.145809 -0.753390
v -0.636765 -0.145809 -0.753390
v -0.513497 -0.145809 -0.753390
v -0.385301 -0.145809 -0.753390
v -0.257104 -0.145809 -0.753390
v -0.133837 -0.145809 -0.753390
v -0.020429 -0.145809 -0.753390
v 0.078191 -0.145809 -0.753390
v 0.157091 -0.145809 -0.753390
v 0.211342 -0.145809 -0.753390
v 0.241667 -0.145678 -0.753390
v 0.271567 -0.145305 -0.753390
v 0.300894 -0.144720 -0.753390
v 0.329494 -0.143954 -0.753390
v 0.357218 -0.143037 -0.753390
v 0.383913 -0.141998 -0.753390
v 0.409429 -0.140869 -0.753390
v 0.433614 -0.139680 -0.753390
v 0.456317 -0.138460 -0.753390
v 0.477386 -0.137240 -0.753390
v 0.496672 -0.136051 -0.753390
v 2.608803 -0.851329 -0.753390
v 2.608803 -1.049484 -0.753390
v 2.593317 -1.048398 -0.753390
v 2.576363 -1.047327 -0.753390
v 2.558108 -1.046286 -0.753390
v 2.538719 -1.045290 -0.753390
v 2.518363 -1.044355 -0.753390
v 2.497205 -1.043496 -0.753390
v 2.475411 -1.042727 -0.753390
v 2.453150 -1.042064 -0.753390
v 2.430586 -1.041522 -0.753390
v 2.407886 -1.041116 -0.753390
v 2.385216 -1.040862 -0.753390
v 2.362741 -1.040774 -0.753390
v 1.297930 -1.040774 -0.753390
v 1.302285 -1.162716 -0.753390
v 1.106307 -1.162716 -0.753390
v 1.106936 -1.152738 -0.753390
v 1.107709 -1.140416 -0.753390
v 1.108587 -1.126038 -0.753390
v 1.109533 -1.109890 -0.753390
v 1.110510 -1.092261 -0.753390
v 1.111478 -1.073437 -0.753390
v 1.112402 -1.053705 -0.753390
v 1.113242 -1.033354 -0.753390
v 1.113962 -1.012670 -0.753390
v 1.114523 -0.991940 -0.753390
v 1.114887 -0.971453 -0.753390
v 1.115017 -0.951495 -0.753390
v 1.115017 0.172110 -0.753390
v 1.114931 0.185474 -0.753390
v 1.114694 0.199360 -0.753390
v 1.114336 0.213654 -0.753390
v 1.113887 0.228242 -0.753390
v 1.113379 0.243012 -0.753390
v 1.112840 0.257851 -0.753390
v 1.112301 0.272643 -0.753390
v 1.111792 0.287278 -0.753390
v 1.111343 0.301639 -0.753390
v 1.110985 0.315616 -0.753390
v 1.110748 0.329093 -0.753390
v 1.110662 0.341958 -0.753390
v 1.121485 0.341415 -0.753390
v 1.133183 0.340879 -0.753390
v 1.145638 0.340359 -0.753390
v 1.158729 0.339861 -0.753390
v 1.172333 0.339393 -0.753390
v 1.186330 0.338964 -0.753390
v 1.200600 0.338579 -0.753390
v 1.215021 0.338248 -0.753390
v 1.229473 0.337977 -0.753390
v 1.243834 0.337774 -0.753390
v 1.257983 0.337647 -0.753390
v 1.271799 0.337603 -0.753390
v 2.343144 0.337603 -0.753390
v 2.361081 0.337693 -0.753390
v 2.379940 0.337966 -0.753390
v 2.399555 0.338419 -0.753390
v 2.419760 0.339054 -0.753390
v 2.440389 0.339871 -0.753390
v 2.461274 0.340869 -0.753390
v 2.482251 0.342048 -0.753390
v 2.503151 0.343409 -0.753390
v 2.523810 0.344952 -0.753390
v 2.544061 0.346676 -0.753390
v 2.563737 0.348581 -0.753390
v 2.582673 0.350668 -0.753390
v 2.582673 0.156868 -0.753390
v 2.568519 0.157454 -0.753390
v 2.552368 0.158108 -0.753390
v 2.534494 0.158807 -0.753390
v 2.515169 0.159529 -0.753390
v 2.494664 0.160251 -0.753390
v 2.473251 0.160951 -0.753390
v 2.451204 0.161605 -0.753390
v 2.428794 0.162191 -0.753390
v 2.406292 0.162686 -0.753390
v 2.383972 0.163068 -0.753390
v 2.362106 0.163313 -0.753390
v 2.340967 0.163400 -0.753390
v 1.297930 0.163400 -0.753390
v 1.297930 -0.864394 -0.753390
v 2.367097 -0.864394 -0.753390
v 2.390026 -0.864262 -0.753390
v 2.412977 -0.863880 -0.753390
v 2.435792 -0.863271 -0.753390
v 2.458312 -0.862459 -0.753390
v 2.480379 -0.861464 -0.753390
v 2.501833 -0.860311 -0.753390
v 2.522515 -0.859022 -0.753390
v 2.542269 -0.857620 -0.753390
v 2.560932 -0.856126 -0.753390
v 2.578349 -0.854565 -0.753390
v 2.594359 -0.852959 -0.753390
v 1.315350 0.718670 -0.753390
v 1.432937 0.668587 -0.753390
v 1.418906 0.648540 -0.753390
v 1.404165 0.626700 -0.753390
v 1.388910 0.603363 -0.753390
v 1.373337 0.578825 -0.753390
v 1.357643 0.553379 -0.753390
v 1.342024 0.527320 -0.753390
v 1.326678 0.500944 -0.753390
v 1.311801 0.474545 -0.753390
v 1.297589 0.448419 -0.753390
v 1.284240 0.422859 -0.753390
v 1.271948 0.398161 -0.753390
v 1.260912 0.374621 -0.753390
v 1.138970 0.429059 -0.753390
v 1.150591 0.450726 -0.753390
v 1.163527 0.474101 -0.753390
v 1.177553 0.498808 -0.753390
v 1.192441 0.524467 -0.753390
v 1.207964 0.550701 -0.753390
v 1.223895 0.577131 -0.753390
v 1.240006 0.603380 -0.753390
v 1.256074 0.629069 -0.753390
v 1.271869 0.653821 -0.753390
v 1.287165 0.677257 -0.753390
v 1.301734 0.699000 -0.753390
v 1.038804 0.781819 -0.753390
v 1.158567 0.731736 -0.753390
v 1.143661 0.711732 -0.753390
v 1.128414 0.690020 -0.753390
v 1.112942 0.666886 -0.753390
v 1.097355 0.642618 -0.753390
v 1.081769 0.617503 -0.753390
v 1.066296 0.591829 -0.753390
v 1.051048 0.565883 -0.753390
v 1.036142 0.539952 -0.753390
v 1.021690 0.514323 -0.753390
v 1.007805 0.489284 -0.753390
v 0.994599 0.465122 -0.753390
v 0.982188 0.442124 -0.753390
v 0.860247 0.494385 -0.753390
v 0.872368 0.516009 -0.753390
v 0.885722 0.539266 -0.753390
v 0.900089 0.563794 -0.753390
v 0.915250 0.589228 -0.753390
v 0.930985 0.615208 -0.753390
v 0.947077 0.641368 -0.753390
v 0.963304 0.667347 -0.753390
v 0.979447 0.692782 -0.753390
v 0.995290 0.717310 -0.753390
v 1.010609 0.740567 -0.753390
v 1.025188 0.762191 -0.753390
v 3.471105 0.381153 -0.753390
v 3.640953 0.322360 -0.753390
v 3.590332 0.254816 -0.753390
v 3.543024 0.180135 -0.753390
v 3.499073 0.099163 -0.753390
v 3.458524 0.012747 -0.753390
v 3.421423 -0.078265 -0.753390
v 3.387815 -0.173028 -0.753390
v 3.357745 -0.270695 -0.753390
v 3.331260 -0.370417 -0.753390
v 3.308403 -0.471350 -0.753390
v 3.289221 -0.572645 -0.753390
v 3.273759 -0.673457 -0.753390
v 3.262062 -0.772938 -0.753390
v 3.087859 -0.701079 -0.753390
v 3.098560 -0.607303 -0.753390
v 3.114131 -0.510676 -0.753390
v 3.134268 -0.412250 -0.753390
v 3.158669 -0.313076 -0.753390
v 3.187033 -0.214203 -0.753390
v 3.219055 -0.116685 -0.753390
v 3.254436 -0.021570 -0.753390
v 3.292870 0.070089 -0.753390
v 3.334056 0.157242 -0.753390
v 3.377692 0.238837 -0.753390
v 3.423476 0.313825 -0.753390
v 4.605598 0.442124 -0.753390
v 4.816819 0.446479 -0.753390
v 4.813774 0.432644 -0.753390
v 4.811153 0.417456 -0.753390
v 4.808925 0.401193 -0.753390
v 4.807060 0.384137 -0.753390
v 4.805528 0.366567 -0.753390
v 4.804298 0.348763 -0.753390
v 4.803340 0.331003 -0.753390
v 4.802624 0.313569 -0.753390
v 4.802120 0.296740 -0.753390
v 4.801798 0.280795 -0.753390
v 4.801626 0.266015 -0.753390
v 4.801576 0.252679 -0.753390
v 4.801520 0.218326 -0.753390
v 4.801314 0.178915 -0.753390
v 4.800895 0.135194 -0.753390
v 4.800205 0.087912 -0.753390
v 4.799181 0.037818 -0.753390
v 4.797765 -0.014341 -0.753390
v 4.795895 -0.067815 -0.753390
v 4.793511 -0.121856 -0.753390
v 4.790553 -0.175716 -0.753390
v 4.786958 -0.228646 -0.753390
v 4.782669 -0.279897 -0.753390
v 4.777623 -0.328722 -0.753390
v 4.760097 -0.462321 -0.753390
v 4.737218 -0.581486 -0.753390
v 4.709439 -0.686755 -0.753390
v 4.677215 -0.778664 -0.753390
v 4.640999 -0.857749 -0.753390
v 4.601243 -0.924548 -0.753390
v 4.558404 -0.979598 -0.753390
v 4.512933 -1.023434 -0.753390
v 4.465284 -1.056595 -0.753390
v 4.415912 -1.079616 -0.753390
v 4.365269 -1.093036 -0.753390
v 4.313809 -1.097389 -0.753390
v 4.277601 -1.094691 -0.753390
v 4.241900 -1.086320 -0.753390
v 4.206667 -1.071872 -0.753390
v 4.171866 -1.050936 -0.753390
v 4.137458 -1.023104 -0.753390
v 4.103405 -0.987969 -0.753390
v 4.069669 -0.945121 -0.753390
v 4.036214 -0.894153 -0.753390
v 4.003001 -0.834657 -0.753390
v 3.969991 -0.766224 -0.753390
v 3.937148 -0.688445 -0.753390
v 3.904433 -0.600913 -0.753390
v 4.041617 -0.446308 -0.753390
v 4.056703 -0.500792 -0.753390
v 4.073565 -0.554822 -0.753390
v 4.092075 -0.607581 -0.753390
v 4.112105 -0.658255 -0.753390
v 4.133526 -0.706024 -0.753390
v 4.156210 -0.750074 -0.753390
v 4.180028 -0.789587 -0.753390
v 4.204852 -0.823747 -0.753390
v 4.230553 -0.851737 -0.753390
v 4.257002 -0.872741 -0.753390
v 4.284071 -0.885943 -0.753390
v 4.311631 -0.890524 -0.753390
v 4.349271 -0.885558 -0.753390
v 4.384831 -0.870937 -0.753390
v 4.418229 -0.847076 -0.753390
v 4.449380 -0.814391 -0.753390
v 4.478204 -0.773299 -0.753390
v 4.504615 -0.724215 -0.753390
v 4.528532 -0.667556 -0.753390
v 4.549870 -0.603736 -0.753390
v 4.568546 -0.533171 -0.753390
v 4.584478 -0.456278 -0.753390
v 4.597582 -0.373473 -0.753390
v 4.607775 -0.285171 -0.753390
v 4.611319 -0.239670 -0.753390
v 4.614348 -0.193715 -0.753390
v 4.616894 -0.147578 -0.753390
v 4.618986 -0.101533 -0.753390
v 4.620654 -0.055850 -0.753390
v 4.621929 -0.010802 -0.753390
v 4.622841 0.033338 -0.753390
v 4.623421 0.076299 -0.753390
v 4.623699 0.117808 -0.753390
v 4.623704 0.157593 -0.753390
v 4.623467 0.195383 -0.753390
v 4.623018 0.230904 -0.753390
v 4.622842 0.245955 -0.753390
v 4.622333 0.262579 -0.753390
v 4.621521 0.280443 -0.753390
v 4.620437 0.299214 -0.753390
v 4.619111 0.318559 -0.753390
v 4.617574 0.338147 -0.753390
v 4.615855 0.357644 -0.753390
v 4.613985 0.376718 -0.753390
v 4.611994 0.395035 -0.753390
v 4.609912 0.412264 -0.753390
v 4.607770 0.428071 -0.753390
v 5.337248 -0.080483 -0.753390
v 5.239259 0.063234 -0.753390
v 5.267747 0.084069 -0.753390
v 5.301490 0.107067 -0.753390
v 5.339664 0.131758 -0.753390
v 5.381444 0.157674 -0.753390
v 5.426006 0.184346 -0.753390
v 5.472527 0.211306 -0.753390
v 5.520182 0.238084 -0.753390
v 5.568147 0.264212 -0.753390
v 5.615598 0.289221 -0.753390
v 5.661710 0.312642 -0.753390
v 5.705660 0.334006 -0.753390
v 5.746624 0.352845 -0.753390
v 5.835903 0.220016 -0.753390
v 5.797688 0.202293 -0.753390
v 5.756473 0.182030 -0.753390
v 5.712974 0.159590 -0.753390
v 5.667910 0.135334 -0.753390
v 5.621999 0.109627 -0.753390
v 5.575960 0.082832 -0.753390
v 5.530510 0.055310 -0.753390
v 5.486368 0.027426 -0.753390
v 5.444253 -0.000459 -0.753390
v 5.404882 -0.027980 -0.753390
v 5.368975 -0.054776 -0.753390
v 5.914294 -0.718499 -0.753390
v 5.912116 -0.816488 -0.753390
v 5.913420 -0.845889 -0.753390
v 5.917469 -0.874042 -0.753390
v 5.924467 -0.900697 -0.753390
v 5.934618 -0.925607 -0.753390
v 5.948125 -0.948520 -0.753390
v 5.965193 -0.969188 -0.753390
v 5.986028 -0.987360 -0.753390
v 6.010831 -1.002788 -0.753390
v 6.039808 -1.015222 -0.753390
v 6.073163 -1.024412 -0.753390
v 6.111100 -1.030109 -0.753390
v 6.153822 -1.032064 -0.753390
v 6.194472 -1.030633 -0.753390
v 6.231507 -1.026428 -0.753390
v 6.264944 -1.019577 -0.753390
v 6.294797 -1.010208 -0.753390
v 6.321081 -0.998449 -0.753390
v 6.343812 -0.984430 -0.753390
v 6.363004 -0.968279 -0.753390
v 6.378673 -0.950124 -0.753390
v 6.390833 -0.930094 -0.753390
v 6.399500 -0.908318 -0.753390
v 6.404689 -0.884923 -0.753390
v 6.406415 -0.860039 -0.753390
v 6.404181 -0.835569 -0.753390
v 6.397615 -0.812355 -0.753390
v 6.386920 -0.790562 -0.753390
v 6.372301 -0.770357 -0.753390
v 6.353962 -0.751906 -0.753390
v 6.332107 -0.735375 -0.753390
v 6.306941 -0.720931 -0.753390
v 6.278667 -0.708741 -0.753390
v 6.247490 -0.698970 -0.753390
v 6.213614 -0.691784 -0.753390
v 6.177242 -0.687351 -0.753390
v 6.138579 -0.685837 -0.753390
v 6.119029 -0.686063 -0.753390
v 6.099585 -0.686744 -0.753390
v 6.080261 -0.687878 -0.753390
v 6.061075 -0.689466 -0.753390
v 6.042039 -0.691507 -0.753390
v 6.023170 -0.694002 -0.753390
v 6.004482 -0.696951 -0.753390
v 5.985990 -0.700353 -0.753390
v 5.967710 -0.704209 -0.753390
v 5.949657 -0.708519 -0.753390
v 5.931847 -0.713282 -0.753390
v 5.772754 -0.021690 -0.753390
v 5.942602 -0.021690 -0.753390
v 5.941381 -0.061554 -0.753390
v 5.939919 -0.103619 -0.753390
v 5.938246 -0.147544 -0.753390
v 5.936391 -0.192989 -0.753390
v 5.934385 -0.239613 -0.753390
v 5.932258 -0.287076 -0.753390
v 5.930040 -0.335039 -0.753390
v 5.927763 -0.383160 -0.753390
v 5.925454 -0.431100 -0.753390
v 5.923145 -0.478517 -0.753390
v 5.920867 -0.525073 -0.753390
v 5.918649 -0.570427 -0.753390
v 5.935614 -0.566797 -0.753390
v 5.952753 -0.563522 -0.753390
v 5.970058 -0.560594 -0.753390
v 5.987523 -0.558007 -0.753390
v 6.005138 -0.555753 -0.753390
v 6.022897 -0.553824 -0.753390
v 6.040792 -0.552212 -0.753390
v 6.058816 -0.550910 -0.753390
v 6.076961 -0.549911 -0.753390
v 6.095220 -0.549206 -0.753390
v 6.113584 -0.548789 -0.753390
v 6.132046 -0.548652 -0.753390
v 6.192305 -0.551253 -0.753390
v 6.249744 -0.558935 -0.753390
v 6.303901 -0.571516 -0.753390
v 6.354315 -0.588815 -0.753390
v 6.400526 -0.610651 -0.753390
v 6.442072 -0.636842 -0.753390
v 6.478491 -0.667206 -0.753390
v 6.509323 -0.701563 -0.753390
v 6.534106 -0.739730 -0.753390
v 6.552380 -0.781527 -0.753390
v 6.563682 -0.826771 -0.753390
v 6.567553 -0.875282 -0.753390
v 6.563558 -0.926737 -0.753390
v 6.551927 -0.973361 -0.753390
v 6.533189 -1.015222 -0.753390
v 6.507872 -1.052387 -0.753390
v 6.476507 -1.084926 -0.753390
v 6.439623 -1.112905 -0.753390
v 6.397748 -1.136393 -0.753390
v 6.351413 -1.155457 -0.753390
v 6.301146 -1.170167 -0.753390
v 6.247476 -1.180590 -0.753390
v 6.190934 -1.186794 -0.753390
v 6.132046 -1.188846 -0.753390
v 6.067827 -1.185960 -0.753390
v 6.010064 -1.177555 -0.753390
v 5.958592 -1.164008 -0.753390
v 5.913245 -1.145699 -0.753390
v 5.873856 -1.123003 -0.753390
v 5.840257 -1.096301 -0.753390
v 5.812285 -1.065969 -0.753390
v 5.789771 -1.032386 -0.753390
v 5.772550 -0.995930 -0.753390
v 5.760455 -0.956979 -0.753390
v 5.753320 -0.915911 -0.753390
v 5.750979 -0.873104 -0.753390
v 5.753156 -0.781648 -0.753390
v 5.718270 -0.799633 -0.753390
v 5.684382 -0.818646 -0.753390
v 5.651493 -0.838536 -0.753390
v 5.619601 -0.859152 -0.753390
v 5.588707 -0.880342 -0.753390
v 5.558812 -0.901956 -0.753390
v 5.529914 -0.923843 -0.753390
v 5.502015 -0.945850 -0.753390
v 5.475113 -0.967827 -0.753390
v 5.449210 -0.989622 -0.753390
v 5.424304 -1.011085 -0.753390
v 5.400396 -1.032064 -0.753390
v 5.306763 -0.883992 -0.753390
v 5.335885 -0.859841 -0.753390
v 5.366625 -0.835411 -0.753390
v 5.398968 -0.810874 -0.753390
v 5.432898 -0.786406 -0.753390
v 5.468401 -0.762180 -0.753390
v 5.505463 -0.738369 -0.753390
v 5.544066 -0.715149 -0.753390
v 5.584197 -0.692692 -0.753390
v 5.625839 -0.671172 -0.753390
v 5.668979 -0.650764 -0.753390
v 5.713601 -0.631642 -0.753390
v 5.759689 -0.613978 -0.753390
v 5.774931 -0.256863 -0.753390
v 5.775429 -0.237473 -0.753390
v 5.775829 -0.218424 -0.753390
v 5.776123 -0.199601 -0.753390
v 5.776303 -0.180892 -0.753390
v 5.776362 -0.162182 -0.753390
v 5.776293 -0.143359 -0.753390
v 5.776088 -0.124310 -0.753390
v 5.775739 -0.104920 -0.753390
v 5.775238 -0.085076 -0.753390
v 5.774579 -0.064666 -0.753390
v 5.773754 -0.043575 -0.753390
v 6.286651 0.651167 -0.753391
v 6.478274 0.668587 -0.753391
v 6.479893 0.638803 -0.753391
v 6.482518 0.608322 -0.753391
v 6.486066 0.577267 -0.753391
v 6.490452 0.545758 -0.753391
v 6.495595 0.513917 -0.753391
v 6.501410 0.481864 -0.753391
v 6.507816 0.449720 -0.753391
v 6.514728 0.417607 -0.753391
v 6.522063 0.385644 -0.753391
v 6.529739 0.353954 -0.753391
v 6.537672 0.322657 -0.753391
v 6.545777 0.291874 -0.753391
v 6.566962 0.290288 -0.753391
v 6.588048 0.288800 -0.753391
v 6.609027 0.287417 -0.753391
v 6.629894 0.286148 -0.753391
v 6.650640 0.285000 -0.753391
v 6.671257 0.283981 -0.753391
v 6.691738 0.283098 -0.753391
v 6.712075 0.282358 -0.753391
v 6.732261 0.281769 -0.753391
v 6.752289 0.281340 -0.753391
v 6.772150 0.281076 -0.753391
v 6.791838 0.280987 -0.753391
v 6.814739 0.281079 -0.753391
v 6.837677 0.281360 -0.753391
v 6.860600 0.281838 -0.753391
v 6.883455 0.282519 -0.753391
v 6.906189 0.283413 -0.753391
v 6.928750 0.284525 -0.753391
v 6.951083 0.285865 -0.753391
v 6.973137 0.287439 -0.753391
v 6.994858 0.289255 -0.753391
v 7.016193 0.291320 -0.753391
v 7.037090 0.293643 -0.753391
v 7.057497 0.296230 -0.753391
v 7.046609 0.132915 -0.753391
v 7.025753 0.131872 -0.753391
v 7.004601 0.130919 -0.753391
v 6.983222 0.130057 -0.753391
v 6.961686 0.129286 -0.753391
v 6.940058 0.128605 -0.753391
v 6.918407 0.128015 -0.753391
v 6.896802 0.127516 -0.753391
v 6.875310 0.127108 -0.753391
v 6.854000 0.126791 -0.753391
v 6.832939 0.126564 -0.753391
v 6.812196 0.126428 -0.753391
v 6.791838 0.126382 -0.753391
v 6.776007 0.126428 -0.753391
v 6.760093 0.126564 -0.753391
v 6.744103 0.126791 -0.753391
v 6.728045 0.127108 -0.753391
v 6.711926 0.127516 -0.753391
v 6.695755 0.128015 -0.753391
v 6.679538 0.128605 -0.753391
v 6.663284 0.129286 -0.753391
v 6.646998 0.130057 -0.753391
v 6.630691 0.130919 -0.753391
v 6.614368 0.131871 -0.753391
v 6.598038 0.132915 -0.753391
v 6.624797 0.067405 -0.753391
v 6.654785 -0.001205 -0.753391
v 6.687691 -0.072113 -0.753391
v 6.723205 -0.144519 -0.753391
v 6.761018 -0.217620 -0.753391
v 6.800820 -0.290615 -0.753391
v 6.842300 -0.362703 -0.753391
v 6.885149 -0.433082 -0.753391
v 6.929056 -0.500951 -0.753391
v 6.973712 -0.565508 -0.753391
v 7.018806 -0.625952 -0.753391
v 7.064029 -0.681481 -0.753391
v 6.896359 -0.768583 -0.753391
v 6.852462 -0.706963 -0.753391
v 6.808119 -0.640179 -0.753391
v 6.763700 -0.568964 -0.753391
v 6.719577 -0.494053 -0.753391
v 6.676118 -0.416177 -0.753391
v 6.633695 -0.336071 -0.753391
v 6.592679 -0.254467 -0.753391
v 6.553439 -0.172101 -0.753391
v 6.516347 -0.089704 -0.753391
v 6.481772 -0.008010 -0.753391
v 6.450086 0.072248 -0.753391
v 6.421658 0.150335 -0.753391
v 6.385874 0.155413 -0.753391
v 6.350414 0.160840 -0.753391
v 6.315333 0.166598 -0.753391
v 6.280683 0.172675 -0.753390
v 6.246517 0.179054 -0.753390
v 6.212887 0.185720 -0.753390
v 6.179848 0.192658 -0.753390
v 6.147451 0.199854 -0.753390
v 6.115749 0.207291 -0.753390
v 6.084796 0.214955 -0.753390
v 6.054645 0.222831 -0.753390
v 6.025347 0.230904 -0.753390
v 6.029703 0.394219 -0.753390
v 6.057596 0.385190 -0.753390
v 6.085723 0.376607 -0.753390
v 6.114048 0.368462 -0.753390
v 6.142530 0.360749 -0.753390
v 6.171134 0.353459 -0.753390
v 6.199821 0.346585 -0.753390
v 6.228554 0.340119 -0.753391
v 6.257295 0.334054 -0.753391
v 6.286005 0.328382 -0.753391
v 6.314646 0.323096 -0.753391
v 6.343182 0.318188 -0.753391
v 6.371575 0.313650 -0.753391
v 6.362959 0.345325 -0.753391
v 6.354548 0.377060 -0.753391
v 6.346364 0.408645 -0.753391
v 6.338428 0.439866 -0.753391
v 6.330766 0.470513 -0.753391
v 6.323398 0.500373 -0.753391
v 6.316347 0.529235 -0.753391
v 6.309637 0.556888 -0.753391
v 6.303289 0.583119 -0.753391
v 6.297328 0.607717 -0.753391
v 6.291774 0.630470 -0.753391
v 7.863183 0.017506 -0.753391
v 7.967704 0.135092 -0.753391
v 7.973171 0.132875 -0.753391
v 7.979681 0.130596 -0.753391
v 7.987098 0.128288 -0.753391
v 7.995286 0.125979 -0.753391
v 8.004110 0.123701 -0.753391
v 8.013433 0.121483 -0.753391
v 8.023118 0.119356 -0.753391
v 8.033031 0.117349 -0.753391
v 8.043034 0.115494 -0.753391
v 8.052991 0.113821 -0.753391
v 8.062767 0.112359 -0.753391
v 8.072226 0.111139 -0.753391
v 8.119802 0.105950 -0.753391
v 8.179187 0.100292 -0.753391
v 8.247857 0.094332 -0.753391
v 8.323287 0.088235 -0.753391
v 8.402951 0.082169 -0.753391
v 8.484324 0.076299 -0.753391
v 8.564879 0.070792 -0.753391
v 8.642094 0.065815 -0.753391
v 8.713441 0.061533 -0.753391
v 8.776395 0.058113 -0.753391
v 8.828431 0.055721 -0.753391
v 8.867024 0.054524 -0.753391
v 8.884348 0.054069 -0.753391
v 8.901451 0.053788 -0.753391
v 8.918299 0.053673 -0.753391
v 8.934851 0.053717 -0.753391
v 8.951070 0.053913 -0.753391
v 8.966919 0.054252 -0.753391
v 8.982359 0.054727 -0.753391
v 8.997354 0.055330 -0.753391
v 9.011864 0.056055 -0.753391
v 9.025852 0.056893 -0.753391
v 9.039282 0.057837 -0.753391
v 9.052114 0.058879 -0.753391
v 9.036872 -0.132744 -0.753391
v 9.024710 -0.130610 -0.753391
v 9.012163 -0.128560 -0.753391
v 8.999207 -0.126585 -0.753391
v 8.985821 -0.124679 -0.753391
v 8.971981 -0.122833 -0.753391
v 8.957664 -0.121040 -0.753391
v 8.942848 -0.119292 -0.753391
v 8.927511 -0.117582 -0.753391
v 8.911630 -0.115902 -0.753391
v 8.895181 -0.114245 -0.753391
v 8.878142 -0.112603 -0.753391
v 8.860492 -0.110969 -0.753391
v 8.822678 -0.107861 -0.753391
v 8.776636 -0.104073 -0.753391
v 8.723852 -0.099741 -0.753391
v 8.665804 -0.095000 -0.753391
v 8.603976 -0.089987 -0.753391
v 8.539850 -0.084838 -0.753391
v 8.474908 -0.079689 -0.753391
v 8.410630 -0.074676 -0.753391
v 8.348500 -0.069936 -0.753391
v 8.289999 -0.065603 -0.753391
v 8.236609 -0.061816 -0.753391
v 8.189813 -0.058708 -0.753391
v 8.251044 -0.119941 -0.753391
v 8.324910 -0.193816 -0.753391
v 8.408348 -0.277277 -0.753391
v 8.498296 -0.367272 -0.753391
v 8.591692 -0.460745 -0.753391
v 8.685472 -0.554641 -0.753391
v 8.776577 -0.645905 -0.753391
v 8.861943 -0.731484 -0.753391
v 8.938509 -0.808323 -0.753391
v 9.003211 -0.873366 -0.753391
v 9.052988 -0.923560 -0.753391
v 9.084778 -0.955850 -0.753391
v 9.095570 -0.966012 -0.753391
v 9.106150 -0.975811 -0.753391
v 9.116488 -0.985247 -0.753391
v 9.126554 -0.994320 -0.753391
v 9.136317 -1.003030 -0.753391
v 9.145748 -1.011377 -0.753391
v 9.154816 -1.019361 -0.753391
v 9.163490 -1.026983 -0.753391
v 9.171742 -1.034241 -0.753391
v 9.179540 -1.041137 -0.753391
v 9.186853 -1.047669 -0.753391
v 9.193654 -1.053839 -0.753391
v 9.028162 -1.169248 -0.753391
v 8.995428 -1.128256 -0.753391
v 8.958823 -1.084284 -0.753391
v 8.919285 -1.038256 -0.753391
v 8.877750 -0.991094 -0.753391
v 8.835157 -0.943720 -0.753391
v 8.792444 -0.897057 -0.753391
v 8.750546 -0.852027 -0.753391
v 8.710403 -0.809552 -0.753391
v 8.672953 -0.770556 -0.753391
v 8.639130 -0.735960 -0.753391
v 8.609875 -0.706687 -0.753391
v 8.586123 -0.683659 -0.753391
v 8.573596 -0.672053 -0.753391
v 8.561031 -0.661218 -0.753391
v 8.548390 -0.651200 -0.753391
v 8.535637 -0.642044 -0.753391
v 8.522732 -0.633795 -0.753391
v 8.509637 -0.626499 -0.753391
v 8.496316 -0.620201 -0.753391
v 8.482731 -0.614946 -0.753391
v 8.468843 -0.610780 -0.753391
v 8.454615 -0.607748 -0.753391
v 8.440008 -0.605896 -0.753391
v 8.424986 -0.605268 -0.753391
v 8.410521 -0.606083 -0.753391
v 8.396547 -0.608524 -0.753391
v 8.383102 -0.612583 -0.753391
v 8.370225 -0.618252 -0.753391
v 8.357952 -0.625525 -0.753391
v 8.346323 -0.634392 -0.753391
v 8.335373 -0.644848 -0.753391
v 8.325142 -0.656883 -0.753391
v 8.315667 -0.670492 -0.753391
v 8.306986 -0.685665 -0.753391
v 8.299136 -0.702396 -0.753391
v 8.292156 -0.720677 -0.753391
v 8.286999 -0.737751 -0.753391
v 8.281380 -0.757100 -0.753391
v 8.275383 -0.778279 -0.753391
v 8.269091 -0.800842 -0.753391
v 8.262587 -0.824343 -0.753391
v 8.255955 -0.848335 -0.753391
v 8.249277 -0.872372 -0.753391
v 8.242638 -0.896008 -0.753391
v 8.236119 -0.918798 -0.753391
v 8.229805 -0.940295 -0.753391
v 8.223778 -0.960053 -0.753391
v 8.218121 -0.977626 -0.753391
v 8.205372 -1.011458 -0.753391
v 8.189983 -1.041238 -0.753391
v 8.171949 -1.067176 -0.753391
v 8.151262 -1.089486 -0.753391
v 8.127913 -1.108378 -0.753391
v 8.101894 -1.124064 -0.753391
v 8.073200 -1.136757 -0.753391
v 8.041821 -1.146667 -0.753391
v 8.007751 -1.154006 -0.753391
v 7.970981 -1.158986 -0.753391
v 7.931504 -1.161819 -0.753391
v 7.889313 -1.162716 -0.753391
v 7.858304 -1.162364 -0.753391
v 7.824512 -1.161355 -0.753391
v 7.788603 -1.159756 -0.753391
v 7.751242 -1.157635 -0.753391
v 7.713095 -1.155061 -0.753391
v 7.674827 -1.152101 -0.753391
v 7.637103 -1.148823 -0.753391
v 7.600589 -1.145296 -0.753391
v 7.565950 -1.141587 -0.753391
v 7.533852 -1.137765 -0.753391
v 7.504959 -1.133898 -0.753391
v 7.479938 -1.130053 -0.753391
v 7.469050 -0.947140 -0.753391
v 7.495903 -0.953486 -0.753391
v 7.525091 -0.959439 -0.753391
v 7.556321 -0.964969 -0.753391
v 7.589298 -0.970045 -0.753391
v 7.623726 -0.974637 -0.753391
v 7.659311 -0.978714 -0.753391
v 7.695759 -0.982248 -0.753391
v 7.732773 -0.985207 -0.753391
v 7.770060 -0.987561 -0.753391
v 7.807323 -0.989279 -0.753391
v 7.844269 -0.990333 -0.753391
v 7.880603 -0.990691 -0.753391
v 7.907161 -0.989957 -0.753391
v 7.931382 -0.987727 -0.753391
v 7.953380 -0.983954 -0.753391
v 7.973269 -0.978593 -0.753391
v 7.991162 -0.971600 -0.753391
v 8.007172 -0.962927 -0.753391
v 8.021413 -0.952531 -0.753391
v 8.033998 -0.940366 -0.753391
v 8.045040 -0.926385 -0.753391
v 8.054654 -0.910545 -0.753391
v 8.062952 -0.892800 -0.753391
v 8.070048 -0.873104 -0.753391
v 8.075663 -0.854416 -0.753391
v 8.081572 -0.834473 -0.753391
v 8.087708 -0.813562 -0.753391
v 8.094002 -0.791971 -0.753391
v 8.100387 -0.769986 -0.753391
v 8.106794 -0.747896 -0.753391
v 8.113156 -0.725987 -0.753391
v 8.119406 -0.704547 -0.753391
v 8.125473 -0.683863 -0.753391
v 8.131291 -0.664223 -0.753391
v 8.136792 -0.645913 -0.753391
v 8.141907 -0.629221 -0.753391
v 8.149945 -0.607547 -0.753391
v 8.158854 -0.587212 -0.753391
v 8.168684 -0.568284 -0.753391
v 8.179489 -0.550830 -0.753391
v 8.191323 -0.534918 -0.753391
v 8.204239 -0.520616 -0.753391
v 8.218287 -0.507993 -0.753391
v 8.233524 -0.497117 -0.753391
v 8.250001 -0.488055 -0.753391
v 8.267770 -0.480876 -0.753391
v 8.286885 -0.475648 -0.753391
v 8.307399 -0.472439 -0.753391
v 8.313686 -0.471396 -0.753391
v 8.320495 -0.470453 -0.753391
v 8.327711 -0.469615 -0.753391
v 8.335223 -0.468890 -0.753391
v 8.342916 -0.468286 -0.753391
v 8.350677 -0.467811 -0.753391
v 8.358394 -0.467472 -0.753391
v 8.365951 -0.467277 -0.753391
v 8.373236 -0.467233 -0.753391
v 8.380135 -0.467348 -0.753391
v 8.386536 -0.467629 -0.753391
v 8.392323 -0.468084 -0.753391
v 8.368923 -0.444530 -0.753391
v 8.339769 -0.415934 -0.753391
v 8.306004 -0.383330 -0.753391
v 8.268768 -0.347755 -0.753391
v 8.229203 -0.310244 -0.753391
v 8.188452 -0.271834 -0.753391
v 8.147655 -0.233559 -0.753391
v 8.107954 -0.196457 -0.753391
v 8.070491 -0.161562 -0.753391
v 8.036407 -0.129911 -0.753391
v 8.006845 -0.102539 -0.753391
v 7.982947 -0.080483 -0.753391
v 7.975892 -0.074064 -0.753391
v 7.967875 -0.066873 -0.753391
v 7.959028 -0.059048 -0.753391
v 7.949478 -0.050723 -0.753391
v 7.939353 -0.042036 -0.753391
v 7.928782 -0.033122 -0.753391
v 7.917892 -0.024117 -0.753391
v 7.906815 -0.015157 -0.753391
v 7.895676 -0.006379 -0.753391
v 7.884605 0.002082 -0.753391
v 7.873732 0.010089 -0.753391
v 8.766858 0.640279 -0.753391
v 8.795166 0.481320 -0.753391
v 8.726508 0.469317 -0.753391
v 8.654009 0.457337 -0.753391
v 8.578638 0.445492 -0.753391
v 8.501361 0.433898 -0.753391
v 8.423146 0.422666 -0.753391
v 8.344961 0.411911 -0.753391
v 8.267776 0.401745 -0.753391
v 8.192554 0.392283 -0.753391
v 8.120268 0.383637 -0.753391
v 8.051882 0.375921 -0.753391
v 7.988366 0.369249 -0.753391
v 7.930686 0.363733 -0.753391
v 7.906734 0.524870 -0.753391
v 7.962581 0.528888 -0.753391
v 8.025792 0.534326 -0.753391
v 8.095022 0.541066 -0.753391
v 8.168924 0.548984 -0.753391
v 8.246154 0.557962 -0.753391
v 8.325363 0.567877 -0.753391
v 8.405209 0.578608 -0.753391
v 8.484344 0.590035 -0.753391
v 8.561421 0.602037 -0.753391
v 8.635098 0.614492 -0.753391
v 8.704024 0.627280 -0.753391
v 11.061975 0.167755 -0.753391
v 10.008050 0.167755 -0.753391
v 10.008050 -0.056530 -0.753391
v 11.061975 -0.056530 -0.753391
v 11.061975 -0.195892 -0.753391
v 10.008050 -0.195892 -0.753391
v 10.008050 -0.422355 -0.753391
v 11.061975 -0.422355 -0.753391
v 11.061975 0.529225 -0.753391
v 10.008050 0.529225 -0.753391
v 10.008050 0.304940 -0.753391
v 11.061975 0.304940 -0.753391
v 11.220934 0.675120 -0.753391
v 11.220934 -0.568250 -0.753391
v 10.926968 -0.568250 -0.753391
v 10.939548 -0.636180 -0.753391
v 10.956112 -0.699597 -0.753391
v 10.977561 -0.758613 -0.753391
v 11.004794 -0.813343 -0.753391
v 11.038712 -0.863899 -0.753391
v 11.080212 -0.910394 -0.753391
v 11.130196 -0.952943 -0.753391
v 11.189562 -0.991658 -0.753391
v 11.259212 -1.026654 -0.753391
v 11.340043 -1.058043 -0.753391
v 11.432958 -1.085939 -0.753391
v 11.538854 -1.110455 -0.753391
v 11.529942 -1.119812 -0.753391
v 11.520728 -1.130325 -0.753391
v 11.511362 -1.141791 -0.753391
v 11.501997 -1.154006 -0.753391
v 11.492783 -1.166764 -0.753391
v 11.483871 -1.179864 -0.753391
v 11.475413 -1.193099 -0.753391
v 11.467560 -1.206266 -0.753391
v 11.460463 -1.219161 -0.753391
v 11.454273 -1.231580 -0.753391
v 11.449142 -1.243318 -0.753391
v 11.445220 -1.254172 -0.753391
v 11.327841 -1.223127 -0.753391
v 11.224412 -1.187636 -0.753391
v 11.134004 -1.147609 -0.753391
v 11.055684 -1.102954 -0.753391
v 10.988524 -1.053582 -0.753391
v 10.931595 -0.999401 -0.753391
v 10.883965 -0.940320 -0.753391
v 10.844706 -0.876249 -0.753391
v 10.812885 -0.807098 -0.753391
v 10.787576 -0.732774 -0.753391
v 10.767845 -0.653188 -0.753391
v 10.752766 -0.568250 -0.753391
v 10.395651 -0.568250 -0.753391
v 10.395651 -1.005934 -0.753391
v 10.394459 -1.047942 -0.753391
v 10.390650 -1.084869 -0.753391
v 10.383878 -1.116987 -0.753391
v 10.373795 -1.144570 -0.753391
v 10.360051 -1.167887 -0.753391
v 10.342300 -1.187213 -0.753391
v 10.320195 -1.202818 -0.753391
v 10.293387 -1.214976 -0.753391
v 10.261528 -1.223958 -0.753391
v 10.224271 -1.230037 -0.753391
v 10.181267 -1.233485 -0.753391
v 10.132169 -1.234574 -0.753391
v 10.117411 -1.234574 -0.753391
v 10.094849 -1.234574 -0.753391
v 10.066027 -1.234574 -0.753391
v 10.032487 -1.234574 -0.753391
v 9.995771 -1.234574 -0.753391
v 9.957422 -1.234574 -0.753391
v 9.918983 -1.234574 -0.753391
v 9.881995 -1.234574 -0.753391
v 9.848001 -1.234574 -0.753391
v 9.818544 -1.234574 -0.753391
v 9.795166 -1.234574 -0.753391
v 9.779409 -1.234574 -0.753391
v 9.735974 -1.232848 -0.753391
v 9.697953 -1.227295 -0.753391
v 9.664953 -1.217358 -0.753391
v 9.636580 -1.202476 -0.753391
v 9.612440 -1.182089 -0.753391
v 9.592142 -1.155639 -0.753391
v 9.575291 -1.122565 -0.753391
v 9.561495 -1.082308 -0.753391
v 9.550360 -1.034309 -0.753391
v 9.541494 -0.978009 -0.753391
v 9.534502 -0.912846 -0.753391
v 9.528994 -0.838264 -0.753391
v 9.540891 -0.835189 -0.753391
v 9.553581 -0.831449 -0.753391
v 9.566862 -0.827104 -0.753391
v 9.580528 -0.822214 -0.753391
v 9.594376 -0.816841 -0.753391
v 9.608201 -0.811044 -0.753391
v 9.621799 -0.804885 -0.753391
v 9.634967 -0.798423 -0.753391
v 9.647499 -0.791719 -0.753391
v 9.659191 -0.784833 -0.753391
v 9.669841 -0.777827 -0.753391
v 9.679243 -0.770760 -0.753391
v 9.682053 -0.833566 -0.753391
v 9.685211 -0.887419 -0.753391
v 9.688973 -0.932986 -0.753391
v 9.693599 -0.970932 -0.753391
v 9.699343 -1.001921 -0.753391
v 9.706462 -1.026620 -0.753391
v 9.715215 -1.045694 -0.753391
v 9.725859 -1.059807 -0.753391
v 9.738648 -1.069626 -0.753391
v 9.753843 -1.075816 -0.753391
v 9.771700 -1.079042 -0.753391
v 9.792475 -1.079970 -0.753391
v 9.810793 -1.079970 -0.753391
v 9.834503 -1.079970 -0.753391
v 9.862461 -1.079970 -0.753391
v 9.893528 -1.079970 -0.753391
v 9.926560 -1.079970 -0.753391
v 9.960417 -1.079970 -0.753391
v 9.993956 -1.079970 -0.753391
v 10.026034 -1.079970 -0.753391
v 10.055513 -1.079970 -0.753391
v 10.081249 -1.079970 -0.753391
v 10.102100 -1.079970 -0.753391
v 10.116926 -1.079970 -0.753391
v 10.138824 -1.079677 -0.753391
v 10.157825 -1.078720 -0.753391
v 10.174121 -1.076976 -0.753391
v 10.187898 -1.074324 -0.753391
v 10.199347 -1.070645 -0.753391
v 10.208655 -1.065816 -0.753391
v 10.216013 -1.059717 -0.753391
v 10.221609 -1.052226 -0.753391
v 10.225633 -1.043224 -0.753391
v 10.228273 -1.032588 -0.753391
v 10.229718 -1.020199 -0.753391
v 10.230158 -1.005934 -0.753391
v 10.230158 -0.568250 -0.753391
v 9.842558 -0.568250 -0.753391
v 9.842558 0.675120 -0.753391
v -10.336613 0.368088 0.707748
v -10.356211 0.178643 0.707748
v -10.421301 0.191193 0.707748
v -10.497498 0.203735 0.707748
v -10.582573 0.216171 0.707748
v -10.674292 0.228404 0.707748
v -10.770426 0.240333 0.707748
v -10.868748 0.251862 0.707748
v -10.967024 0.262892 0.707748
v -11.063023 0.273325 0.707748
v -11.154516 0.283062 0.707748
v -11.239273 0.292006 0.707748
v -11.315062 0.300057 0.707748
v -11.379650 0.307117 0.707748
v -11.329556 0.273964 0.707748
v -11.279928 0.234604 0.707748
v -11.231510 0.189361 0.707748
v -11.185043 0.138560 0.707748
v -11.141268 0.082528 0.707748
v -11.100924 0.021589 0.707748
v -11.064754 -0.043932 0.707748
v -11.033501 -0.113711 0.707748
v -11.007902 -0.187420 0.707748
v -10.988699 -0.264736 0.707748
v -10.976633 -0.345334 0.707748
v -10.972452 -0.428888 0.707748
v -10.981726 -0.544700 0.707748
v -11.008350 -0.649504 0.707748
v -11.050535 -0.743541 0.707748
v -11.106489 -0.827053 0.707748
v -11.174421 -0.900283 0.707748
v -11.252537 -0.963472 0.707748
v -11.339043 -1.016861 0.707748
v -11.432152 -1.060694 0.707748
v -11.530069 -1.095212 0.707748
v -11.631002 -1.120657 0.707748
v -11.733162 -1.137270 0.707748
v -11.834753 -1.145295 0.707748
v -11.897902 -0.964561 0.707748
v -11.808558 -0.958655 0.707748
v -11.719011 -0.947080 0.707748
v -11.630779 -0.929244 0.707748
v -11.545383 -0.904557 0.707748
v -11.464342 -0.872431 0.707748
v -11.389175 -0.832275 0.707748
v -11.321404 -0.783500 0.707748
v -11.262547 -0.725516 0.707748
v -11.214123 -0.657733 0.707748
v -11.177652 -0.579561 0.707748
v -11.154655 -0.490411 0.707748
v -11.146654 -0.389692 0.707748
v -11.150560 -0.324089 0.707748
v -11.162119 -0.256460 0.707748
v -11.181087 -0.187862 0.707748
v -11.207222 -0.119356 0.707748
v -11.240282 -0.051999 0.707748
v -11.280027 0.013151 0.707748
v -11.326214 0.075034 0.707748
v -11.378601 0.132592 0.707748
v -11.436947 0.184767 0.707748
v -11.501007 0.230501 0.707748
v -11.570543 0.268733 0.707748
v -11.645308 0.298407 0.707748
v -11.674664 0.305954 0.707748
v -11.706863 0.312329 0.707748
v -11.741390 0.317631 0.707748
v -11.777735 0.321957 0.707748
v -11.815378 0.325406 0.707748
v -11.853807 0.328076 0.707748
v -11.892508 0.330066 0.707748
v -11.930967 0.331473 0.707748
v -11.968670 0.332397 0.707748
v -12.005104 0.332935 0.707748
v -12.039753 0.333186 0.707748
v -12.072105 0.333248 0.707748
v -12.072105 0.507450 0.707748
v -12.034422 0.505722 0.707748
v -11.994379 0.503791 0.707748
v -11.952070 0.501632 0.707748
v -11.907581 0.499224 0.707748
v -11.861006 0.496544 0.707748
v -11.812435 0.493568 0.707748
v -11.761959 0.490276 0.707748
v -11.709667 0.486643 0.707748
v -11.655655 0.482647 0.707748
v -11.600006 0.478265 0.707748
v -11.542814 0.473475 0.707748
v -11.484173 0.468255 0.707748
v -11.383944 0.459927 0.707748
v -11.284235 0.451358 0.707748
v -11.186024 0.442669 0.707748
v -11.090282 0.433979 0.707748
v -10.997990 0.425410 0.707748
v -10.910120 0.417083 0.707748
v -10.827650 0.409118 0.707748
v -10.751554 0.401638 0.707748
v -10.682806 0.394763 0.707748
v -10.622383 0.388613 0.707748
v -10.571260 0.383311 0.707748
v -10.530413 0.378976 0.707748
v -10.519489 0.377888 0.707748
v -10.507439 0.376808 0.707748
v -10.494314 0.375744 0.707748
v -10.480171 0.374701 0.707748
v -10.465059 0.373689 0.707748
v -10.449030 0.372715 0.707748
v -10.432142 0.371787 0.707748
v -10.414442 0.370911 0.707748
v -10.395987 0.370095 0.707748
v -10.376829 0.369348 0.707748
v -10.357021 0.368677 0.707748
v -8.714354 0.618504 0.707748
v -8.494423 0.620682 0.707748
v -8.497511 0.604585 0.707748
v -8.500250 0.587898 0.707748
v -8.502657 0.570666 0.707748
v -8.504747 0.552936 0.707748
v -8.506533 0.534752 0.707748
v -8.508032 0.516160 0.707748
v -8.509258 0.497205 0.707748
v -8.510229 0.477932 0.707748
v -8.510958 0.458388 0.707748
v -8.511457 0.438616 0.707748
v -8.511749 0.418663 0.707748
v -8.511843 0.398574 0.707748
v -8.511415 0.335018 0.707748
v -8.510231 0.259948 0.707748
v -8.508440 0.175275 0.707748
v -8.506199 0.082912 0.707748
v -8.503653 -0.015226 0.707748
v -8.500957 -0.117229 0.707748
v -8.498260 -0.221182 0.707748
v -8.495714 -0.325173 0.707748
v -8.493473 -0.427289 0.707748
v -8.491682 -0.525617 0.707748
v -8.490499 -0.618244 0.707748
v -8.490068 -0.703257 0.707748
v -8.494492 -0.787373 0.707748
v -8.507490 -0.862468 0.707748
v -8.528652 -0.928869 0.707748
v -8.557573 -0.986900 0.707748
v -8.593842 -1.036886 0.707748
v -8.637053 -1.079153 0.707748
v -8.686794 -1.114025 0.707748
v -8.742661 -1.141827 0.707748
v -8.804243 -1.162886 0.707748
v -8.871136 -1.177525 0.707748
v -8.942924 -1.186070 0.707748
v -9.019207 -1.188846 0.707748
v -9.134882 -1.183328 0.707748
v -9.242537 -1.167565 0.707748
v -9.342402 -1.142744 0.707748
v -9.434713 -1.110052 0.707748
v -9.519707 -1.070676 0.707748
v -9.597614 -1.025804 0.707748
v -9.668674 -0.976621 0.707748
v -9.733116 -0.924316 0.707748
v -9.791178 -0.870076 0.707748
v -9.843092 -0.815087 0.707748
v -9.889093 -0.760537 0.707748
v -9.929415 -0.707612 0.707748
v -9.805294 -0.559540 0.707748
v -9.764631 -0.615981 0.707748
v -9.720785 -0.671561 0.707748
v -9.673386 -0.725508 0.707748
v -9.622061 -0.777051 0.707748
v -9.566442 -0.825418 0.707748
v -9.506159 -0.869838 0.707748
v -9.440840 -0.909540 0.707748
v -9.370115 -0.943753 0.707748
v -9.293613 -0.971705 0.707748
v -9.210964 -0.992626 0.707748
v -9.121798 -1.005744 0.707748
v -9.025740 -1.010288 0.707748
v -8.975258 -1.008479 0.707748
v -8.927460 -1.002889 0.707748
v -8.882671 -0.993277 0.707748
v -8.841217 -0.979400 0.707748
v -8.803421 -0.961017 0.707748
v -8.769611 -0.937886 0.707748
v -8.740110 -0.909764 0.707748
v -8.715244 -0.876411 0.707748
v -8.695337 -0.837583 0.707748
v -8.680716 -0.793039 0.707748
v -8.671705 -0.742538 0.707748
v -8.668625 -0.685836 0.707748
v -8.668930 -0.601041 0.707748
v -8.669806 -0.509940 0.707748
v -8.671179 -0.414122 0.707748
v -8.672981 -0.315172 0.707748
v -8.675146 -0.214681 0.707748
v -8.677607 -0.114235 0.707748
v -8.680294 -0.015422 0.707748
v -8.683142 0.080170 0.707748
v -8.686077 0.170954 0.707748
v -8.689037 0.255340 0.707748
v -8.691954 0.331743 0.707748
v -8.694756 0.398574 0.707748
v -8.695393 0.416624 0.707748
v -8.696207 0.434825 0.707748
v -8.697206 0.453148 0.707748
v -8.698387 0.471561 0.707748
v -8.699747 0.490035 0.707748
v -8.701290 0.508539 0.707748
v -8.703012 0.527043 0.707748
v -8.704920 0.545517 0.707748
v -8.707006 0.563930 0.707748
v -8.709274 0.582252 0.707748
v -8.711725 0.600454 0.707748
v -6.593439 0.631569 0.707748
v -6.593439 0.239614 0.707748
v -6.730623 0.239614 0.707748
v -6.730623 0.487852 0.707748
v -7.669138 0.487852 0.707748
v -7.669138 0.246147 0.707748
v -7.812855 0.246147 0.707748
v -7.812855 0.631569 0.707748
v -6.972330 0.348490 0.707748
v -6.948141 0.307911 0.707748
v -6.921450 0.267922 0.707748
v -6.892473 0.228658 0.707748
v -6.861435 0.190257 0.707748
v -6.828552 0.152853 0.707748
v -6.794043 0.116583 0.707748
v -6.758127 0.081584 0.707748
v -6.721025 0.047991 0.707748
v -6.682953 0.015941 0.707748
v -6.644135 -0.014431 0.707748
v -6.604786 -0.042989 0.707748
v -6.565130 -0.069595 0.707748
v -6.574764 -0.076773 0.707748
v -6.585032 -0.085100 0.707748
v -6.595753 -0.094365 0.707748
v -6.606747 -0.104355 0.707748
v -6.617832 -0.114860 0.707748
v -6.628826 -0.125667 0.707748
v -6.639547 -0.136564 0.707748
v -6.649815 -0.147341 0.707748
v -6.659447 -0.157785 0.707748
v -6.668261 -0.167685 0.707748
v -6.676081 -0.176829 0.707748
v -6.682716 -0.185004 0.707748
v -6.722641 -0.154285 0.707748
v -6.762762 -0.121070 0.707748
v -6.802822 -0.085587 0.707748
v -6.842566 -0.048062 0.707748
v -6.881733 -0.008723 0.707748
v -6.920071 0.032204 0.707748
v -6.957317 0.074492 0.707748
v -6.993217 0.117914 0.707748
v -7.027515 0.162244 0.707748
v -7.059956 0.207253 0.707748
v -7.090277 0.252717 0.707748
v -7.118225 0.298407 0.707748
v -7.268473 0.278809 0.707748
v -7.307053 0.243950 0.707748
v -7.346291 0.207163 0.707748
v -7.385756 0.168878 0.707748
v -7.425014 0.129528 0.707748
v -7.463640 0.089542 0.707748
v -7.501200 0.049352 0.707748
v -7.537260 0.009389 0.707748
v -7.571394 -0.029916 0.707748
v -7.603168 -0.068132 0.707748
v -7.632153 -0.104829 0.707748
v -7.657915 -0.139575 0.707748
v -7.680025 -0.171939 0.707748
v -7.804146 -0.078305 0.707748
v -7.781448 -0.046072 0.707748
v -7.755030 -0.011699 0.707748
v -7.725348 0.024413 0.707748
v -7.692850 0.061863 0.707748
v -7.657995 0.100251 0.707748
v -7.621233 0.139175 0.707748
v -7.583021 0.178236 0.707748
v -7.543810 0.217032 0.707748
v -7.504055 0.255163 0.707748
v -7.464207 0.292228 0.707748
v -7.424725 0.327825 0.707748
v -7.386059 0.361556 0.707748
v -7.120401 -0.073950 0.707748
v -7.120401 -0.313479 0.707748
v -6.571663 -0.313479 0.707748
v -6.571663 -0.461551 0.707748
v -7.022411 -0.461551 0.707748
v -6.988607 -0.518622 0.707748
v -6.951591 -0.574248 0.707748
v -6.911594 -0.628166 0.707748
v -6.868856 -0.680110 0.707748
v -6.823605 -0.729817 0.707748
v -6.776079 -0.777021 0.707748
v -6.726511 -0.821457 0.707748
v -6.675137 -0.862862 0.707748
v -6.622190 -0.900970 0.707748
v -6.567905 -0.935517 0.707748
v -6.512516 -0.966238 0.707748
v -6.456255 -0.992868 0.707748
v -6.465172 -1.001052 0.707748
v -6.474430 -1.010248 0.707748
v -6.483915 -1.020292 0.707748
v -6.493513 -1.031015 0.707748
v -6.503111 -1.042253 0.707748
v -6.512596 -1.053839 0.707748
v -6.521852 -1.065606 0.707748
v -6.530769 -1.077389 0.707748
v -6.539234 -1.089020 0.707748
v -6.547132 -1.100333 0.707748
v -6.554348 -1.111163 0.707748
v -6.560776 -1.121342 0.707748
v -6.615408 -1.090117 0.707748
v -6.669218 -1.055361 0.707748
v -6.722015 -1.017263 0.707748
v -6.773609 -0.976013 0.707748
v -6.823812 -0.931798 0.707748
v -6.872437 -0.884808 0.707748
v -6.919289 -0.835233 0.707748
v -6.964184 -0.783261 0.707748
v -7.006933 -0.729081 0.707748
v -7.047344 -0.672882 0.707748
v -7.085230 -0.614854 0.707748
v -7.120401 -0.555185 0.707748
v -7.120401 -1.234574 0.707748
v -7.275005 -1.234574 0.707748
v -7.275005 -0.548652 0.707748
v -7.308447 -0.605992 0.707748
v -7.344374 -0.662418 0.707748
v -7.382555 -0.717649 0.707748
v -7.422756 -0.771405 0.707748
v -7.464739 -0.823408 0.707748
v -7.508274 -0.873376 0.707748
v -7.553123 -0.921031 0.707748
v -7.599054 -0.966093 0.707748
v -7.645834 -1.008281 0.707748
v -7.693226 -1.047317 0.707748
v -7.740995 -1.082919 0.707748
v -7.788902 -1.114810 0.707748
v -7.795912 -1.104173 0.707748
v -7.803782 -1.093045 0.707748
v -7.812380 -1.081568 0.707748
v -7.821568 -1.069888 0.707748
v -7.831207 -1.058148 0.707748
v -7.841164 -1.046490 0.707748
v -7.851303 -1.035059 0.707748
v -7.861486 -1.023999 0.707748
v -7.871580 -1.013453 0.707748
v -7.881447 -1.003564 0.707748
v -7.890951 -0.994478 0.707748
v -7.899956 -0.986336 0.707748
v -7.850374 -0.958170 0.707748
v -7.800898 -0.926141 0.707748
v -7.751816 -0.890558 0.707748
v -7.703413 -0.851732 0.707748
v -7.655979 -0.809972 0.707748
v -7.609800 -0.765588 0.707748
v -7.565163 -0.718891 0.707748
v -7.522356 -0.670190 0.707748
v -7.481667 -0.619796 0.707748
v -7.443380 -0.568018 0.707748
v -7.407787 -0.515166 0.707748
v -7.375174 -0.461551 0.707748
v -7.838985 -0.461551 0.707748
v -7.838985 -0.313479 0.707748
v -7.275005 -0.313479 0.707748
v -7.275005 -0.073950 0.707748
v -6.160110 0.751333 0.707748
v -6.160110 0.311472 0.707748
v -5.905340 0.311472 0.707748
v -5.905340 0.159045 0.707748
v -6.160110 0.159045 0.707748
v -6.160110 -0.309124 0.707748
v -5.881386 -0.404935 0.707748
v -5.929293 -0.561717 0.707748
v -6.160110 -0.474616 0.707748
v -6.160110 -1.058194 0.707748
v -6.159924 -1.064827 0.707748
v -6.159336 -1.070614 0.707748
v -6.158308 -1.075614 0.707748
v -6.156805 -1.079889 0.707748
v -6.154787 -1.083498 0.707748
v -6.152220 -1.086502 0.707748
v -6.149061 -1.088961 0.707748
v -6.145275 -1.090937 0.707748
v -6.140821 -1.092490 0.707748
v -6.135666 -1.093680 0.707748
v -6.129770 -1.094567 0.707748
v -6.123091 -1.095212 0.707748
v -6.116453 -1.095254 0.707748
v -6.107538 -1.095363 0.707748
v -6.096521 -1.095518 0.707748
v -6.083574 -1.095696 0.707748
v -6.068876 -1.095873 0.707748
v -6.052597 -1.096028 0.707748
v -6.034910 -1.096138 0.707748
v -6.015993 -1.096179 0.707748
v -5.996016 -1.096130 0.707748
v -5.975153 -1.095968 0.707748
v -5.953581 -1.095669 0.707748
v -5.931471 -1.095212 0.707748
v -5.936861 -1.105525 0.707748
v -5.942125 -1.116745 0.707748
v -5.947224 -1.128692 0.707748
v -5.952116 -1.141182 0.707748
v -5.956768 -1.154036 0.707748
v -5.961140 -1.167071 0.707748
v -5.965193 -1.180106 0.707748
v -5.968891 -1.192959 0.707748
v -5.972198 -1.205450 0.707748
v -5.975073 -1.217396 0.707748
v -5.977476 -1.228616 0.707748
v -5.979374 -1.238929 0.707748
v -6.011005 -1.238829 0.707748
v -6.040628 -1.238496 0.707748
v -6.068314 -1.237875 0.707748
v -6.094139 -1.236913 0.707748
v -6.118181 -1.235558 0.707748
v -6.140512 -1.233757 0.707748
v -6.161213 -1.231458 0.707748
v -6.180355 -1.228606 0.707748
v -6.198015 -1.225150 0.707748
v -6.214270 -1.221035 0.707748
v -6.229193 -1.216210 0.707748
v -6.242857 -1.210621 0.707748
v -6.254747 -1.203713 0.707748
v -6.265408 -1.196004 0.707748
v -6.274872 -1.187417 0.707748
v -6.283180 -1.177878 0.707748
v -6.290371 -1.167310 0.707748
v -6.296478 -1.155638 0.707748
v -6.301542 -1.142788 0.707748
v -6.305603 -1.128682 0.707748
v -6.308695 -1.113245 0.707748
v -6.310856 -1.096402 0.707748
v -6.312126 -1.078077 0.707748
v -6.312538 -1.058194 0.707748
v -6.312538 -0.418000 0.707748
v -6.541178 -0.330899 0.707748
v -6.510693 -0.180649 0.707748
v -6.312538 -0.252508 0.707748
v -6.312538 0.159045 0.707748
v -6.525936 0.159045 0.707748
v -6.525936 0.311472 0.707748
v -6.312538 0.311472 0.707748
v -6.312538 0.751333 0.707748
v -5.539515 -0.117501 0.707748
v -5.467655 0.045814 0.707748
v -5.452583 0.037822 0.707748
v -5.437796 0.030148 0.707748
v -5.423222 0.022746 0.707748
v -5.408781 0.015570 0.707748
v -5.394403 0.008577 0.707748
v -5.380011 0.001719 0.707748
v -5.365526 -0.005048 0.707748
v -5.350876 -0.011770 0.707748
v -5.335983 -0.018492 0.707748
v -5.320772 -0.025259 0.707748
v -5.305170 -0.032116 0.707748
v -5.289099 -0.039110 0.707748
v -5.260384 -0.052186 0.707748
v -5.230860 -0.065331 0.707748
v -5.200535 -0.078612 0.707748
v -5.169415 -0.092097 0.707748
v -5.137510 -0.105854 0.707748
v -5.104824 -0.119951 0.707748
v -5.071369 -0.134457 0.707748
v -5.037149 -0.149438 0.707748
v -5.002174 -0.164965 0.707748
v -4.966452 -0.181103 0.707748
v -4.929987 -0.197922 0.707748
v -4.892788 -0.215490 0.707748
v -4.882931 -0.185103 0.707748
v -4.869823 -0.157120 0.707748
v -4.853661 -0.131587 0.707748
v -4.834641 -0.108549 0.707748
v -4.812958 -0.088051 0.707748
v -4.788811 -0.070140 0.707748
v -4.762396 -0.054859 0.707748
v -4.733910 -0.042255 0.707748
v -4.703548 -0.032373 0.707748
v -4.671507 -0.025258 0.707748
v -4.637985 -0.020956 0.707748
v -4.603176 -0.019512 0.707748
v -4.579132 -0.020099 0.707748
v -4.553991 -0.021851 0.707748
v -4.528019 -0.024752 0.707748
v -4.501478 -0.028787 0.707748
v -4.474636 -0.033941 0.707748
v -4.447756 -0.040199 0.707748
v -4.421103 -0.047545 0.707748
v -4.394941 -0.055966 0.707748
v -4.369535 -0.065444 0.707748
v -4.345150 -0.075967 0.707748
v -4.322051 -0.087517 0.707748
v -4.300500 -0.100081 0.707748
v -4.318953 -0.075059 0.707748
v -4.337246 -0.049070 0.707748
v -4.355312 -0.022234 0.707748
v -4.373085 0.005328 0.707748
v -4.390493 0.033495 0.707748
v -4.407471 0.062145 0.707748
v -4.423950 0.091159 0.707748
v -4.439861 0.120414 0.707748
v -4.455139 0.149791 0.707748
v -4.469713 0.179167 0.707748
v -4.483515 0.208423 0.707748
v -4.496477 0.237436 0.707748
v -4.556444 0.239800 0.707748
v -4.617472 0.242558 0.707748
v -4.679255 0.245738 0.707748
v -4.741489 0.249372 0.707748
v -4.803877 0.253491 0.707748
v -4.866114 0.258123 0.707748
v -4.927896 0.263300 0.707748
v -4.988922 0.269051 0.707748
v -5.048891 0.275407 0.707748
v -5.107496 0.282398 0.707748
v -5.164440 0.290055 0.707748
v -5.219418 0.298407 0.707748
v -5.221596 0.459544 0.707748
v -5.169769 0.450648 0.707748
v -5.116751 0.442447 0.707748
v -5.062702 0.434911 0.707748
v -5.007793 0.428011 0.707748
v -4.952188 0.421715 0.707748
v -4.896053 0.415994 0.707748
v -4.839556 0.410817 0.707748
v -4.782862 0.406155 0.707748
v -4.726139 0.401976 0.707748
v -4.669550 0.398251 0.707748
v -4.613266 0.394949 0.707748
v -4.557449 0.392041 0.707748
v -4.565302 0.417263 0.707748
v -4.572559 0.441751 0.707748
v -4.579256 0.465499 0.707748
v -4.585432 0.488497 0.707748
v -4.591125 0.510740 0.707748
v -4.596371 0.532219 0.707748
v -4.601208 0.552927 0.707748
v -4.605675 0.572857 0.707748
v -4.609810 0.591999 0.707748
v -4.613649 0.610348 0.707748
v -4.617231 0.627896 0.707748
v -4.620596 0.644634 0.707748
v -4.442039 0.659877 0.707748
v -4.440636 0.639385 0.707748
v -4.438612 0.618242 0.707748
v -4.435984 0.596525 0.707748
v -4.432764 0.574308 0.707748
v -4.428972 0.551669 0.707748
v -4.424620 0.528681 0.707748
v -4.419722 0.505421 0.707748
v -4.414295 0.481965 0.707748
v -4.408356 0.458388 0.707748
v -4.401917 0.434765 0.707748
v -4.394993 0.411173 0.707748
v -4.387602 0.387686 0.707748
v -4.243884 0.385508 0.707748
v -4.217806 0.385689 0.707748
v -4.189859 0.386224 0.707748
v -4.160356 0.387108 0.707748
v -4.129604 0.388331 0.707748
v -4.097916 0.389887 0.707748
v -4.065598 0.391769 0.707748
v -4.032965 0.393968 0.707748
v -4.000323 0.396477 0.707748
v -3.967984 0.399288 0.707748
v -3.936257 0.402394 0.707748
v -3.905453 0.405788 0.707748
v -3.875881 0.409461 0.707748
v -3.875881 0.246147 0.707748
v -3.906279 0.244060 0.707748
v -3.937417 0.242154 0.707748
v -3.969039 0.240430 0.707748
v -4.000888 0.238888 0.707748
v -4.032706 0.237527 0.707748
v -4.064238 0.236348 0.707748
v -4.095224 0.235350 0.707748
v -4.125409 0.234533 0.707748
v -4.154536 0.233898 0.707748
v -4.182348 0.233444 0.707748
v -4.208587 0.233172 0.707748
v -4.232997 0.233081 0.707748
v -4.328808 0.233081 0.707748
v -4.306768 0.187992 0.707748
v -4.281871 0.140929 0.707748
v -4.253888 0.091916 0.707748
v -4.222593 0.040975 0.707748
v -4.187760 -0.011872 0.707748
v -4.149162 -0.066601 0.707748
v -4.106572 -0.123191 0.707748
v -4.059762 -0.181617 0.707748
v -4.008507 -0.241858 0.707748
v -3.952579 -0.303892 0.707748
v -3.891752 -0.367694 0.707748
v -3.825798 -0.433243 0.707748
v -3.973870 -0.542119 0.707748
v -3.992116 -0.520489 0.707748
v -4.009871 -0.499184 0.707748
v -4.027185 -0.478256 0.707748
v -4.044115 -0.457760 0.707748
v -4.060713 -0.437748 0.707748
v -4.077030 -0.418272 0.707748
v -4.093122 -0.399387 0.707748
v -4.109038 -0.381143 0.707748
v -4.124834 -0.363596 0.707748
v -4.140561 -0.346797 0.707748
v -4.156275 -0.330799 0.707748
v -4.172026 -0.315656 0.707748
v -4.197360 -0.293316 0.707748
v -4.224266 -0.272126 0.707748
v -4.252594 -0.252236 0.707748
v -4.282192 -0.233797 0.707748
v -4.312909 -0.216962 0.707748
v -4.344594 -0.201880 0.707748
v -4.377096 -0.188704 0.707748
v -4.410263 -0.177585 0.707748
v -4.443945 -0.168673 0.707748
v -4.477987 -0.162120 0.707748
v -4.512243 -0.158078 0.707748
v -4.546560 -0.156697 0.707748
v -4.570629 -0.157565 0.707748
v -4.593750 -0.160195 0.707748
v -4.615799 -0.164624 0.707748
v -4.636646 -0.170891 0.707748
v -4.656162 -0.179033 0.707748
v -4.674217 -0.189087 0.707748
v -4.690687 -0.201093 0.707748
v -4.705441 -0.215087 0.707748
v -4.718348 -0.231107 0.707748
v -4.729282 -0.249191 0.707748
v -4.738113 -0.269377 0.707748
v -4.744717 -0.291703 0.707748
v -4.681086 -0.325540 0.707748
v -4.618189 -0.360790 0.707748
v -4.556938 -0.397688 0.707748
v -4.498253 -0.436469 0.707748
v -4.443045 -0.477367 0.707748
v -4.392229 -0.520616 0.707748
v -4.346722 -0.566452 0.707748
v -4.307436 -0.615107 0.707748
v -4.275289 -0.666817 0.707748
v -4.251193 -0.721816 0.707748
v -4.236065 -0.780339 0.707748
v -4.230819 -0.842619 0.707748
v -4.235927 -0.904981 0.707748
v -4.250810 -0.959540 0.707748
v -4.274812 -1.006750 0.707748
v -4.307275 -1.047065 0.707748
v -4.347540 -1.080937 0.707748
v -4.394949 -1.108822 0.707748
v -4.448847 -1.131171 0.707748
v -4.508574 -1.148440 0.707748
v -4.573473 -1.161082 0.707748
v -4.642885 -1.169550 0.707748
v -4.716152 -1.174298 0.707748
v -4.792622 -1.175781 0.707748
v -4.840998 -1.175425 0.707748
v -4.891106 -1.174390 0.707748
v -4.942497 -1.172719 0.707748
v -4.994728 -1.170458 0.707748
v -5.047354 -1.167653 0.707748
v -5.099926 -1.164349 0.707748
v -5.151999 -1.160591 0.707748
v -5.203127 -1.156425 0.707748
v -5.252863 -1.151896 0.707748
v -5.300762 -1.147050 0.707748
v -5.346378 -1.141931 0.707748
v -5.389265 -1.136585 0.707748
v -5.393620 -0.962383 0.707748
v -5.344913 -0.970273 0.707748
v -5.294846 -0.977595 0.707748
v -5.243778 -0.984328 0.707748
v -5.192078 -0.990449 0.707748
v -5.140104 -0.995934 0.707748
v -5.088221 -1.000762 0.707748
v -5.036791 -1.004909 0.707748
v -4.986179 -1.008353 0.707748
v -4.936747 -1.011071 0.707748
v -4.888857 -1.013040 0.707748
v -4.842871 -1.014239 0.707748
v -4.799154 -1.014644 0.707748
v -4.744284 -1.014031 0.707748
v -4.692083 -1.011922 0.707748
v -4.642952 -1.007907 0.707748
v -4.597290 -1.001578 0.707748
v -4.555498 -0.992528 0.707748
v -4.517981 -0.980347 0.707748
v -4.485136 -0.964628 0.707748
v -4.457363 -0.944963 0.707748
v -4.435066 -0.920942 0.707748
v -4.418642 -0.892157 0.707748
v -4.408495 -0.858201 0.707748
v -4.405022 -0.818666 0.707748
v -4.407923 -0.783315 0.707748
v -4.416443 -0.749075 0.707748
v -4.430300 -0.715879 0.707748
v -4.449217 -0.683659 0.707748
v -4.472912 -0.652346 0.707748
v -4.501104 -0.621871 0.707748
v -4.533518 -0.592168 0.707748
v -4.569870 -0.563169 0.707748
v -4.609880 -0.534804 0.707748
v -4.653271 -0.507007 0.707748
v -4.699760 -0.479708 0.707748
v -4.749071 -0.452841 0.707748
v -4.749025 -0.481689 0.707748
v -4.748890 -0.511422 0.707748
v -4.748663 -0.541745 0.707748
v -4.748346 -0.572363 0.707748
v -4.747938 -0.602981 0.707748
v -4.747438 -0.633303 0.707748
v -4.746849 -0.663037 0.707748
v -4.746168 -0.691885 0.707748
v -4.745396 -0.719554 0.707748
v -4.744535 -0.745749 0.707748
v -4.743582 -0.770174 0.707748
v -4.742538 -0.792535 0.707748
v -4.910208 -0.792535 0.707748
v -4.903675 -0.374450 0.707748
v -4.944809 -0.355171 0.707748
v -4.985413 -0.336534 0.707748
v -5.025414 -0.318548 0.707748
v -5.064732 -0.301220 0.707748
v -5.103294 -0.284557 0.707748
v -5.141026 -0.268567 0.707748
v -5.177851 -0.253258 0.707748
v -5.213692 -0.238636 0.707748
v -5.248474 -0.224710 0.707748
v -5.282122 -0.211488 0.707748
v -5.314560 -0.198976 0.707748
v -5.345715 -0.187182 0.707748
v -5.360798 -0.181070 0.707748
v -5.376553 -0.174762 0.707748
v -5.392838 -0.168333 0.707748
v -5.409508 -0.161858 0.707748
v -5.426420 -0.155414 0.707748
v -5.443432 -0.149075 0.707748
v -5.460398 -0.142918 0.707748
v -5.477173 -0.137018 0.707748
v -5.493618 -0.131451 0.707748
v -5.509584 -0.126292 0.707748
v -5.524933 -0.121617 0.707748
v -1.585120 -1.021176 0.707747
v -1.748434 -1.130053 0.707747
v -1.793237 -1.091200 0.707747
v -1.836120 -1.049867 0.707747
v -1.876976 -1.006206 0.707747
v -1.915700 -0.960366 0.707747
v -1.952188 -0.912501 0.707747
v -1.986329 -0.862761 0.707747
v -2.018023 -0.811296 0.707747
v -2.047160 -0.758259 0.707747
v -2.073635 -0.703801 0.707747
v -2.097343 -0.648072 0.707747
v -2.118178 -0.591225 0.707747
v -2.136036 -0.533409 0.707747
v -2.149714 -0.474073 0.707747
v -2.161449 -0.406034 0.707747
v -2.171386 -0.330933 0.707747
v -2.179666 -0.250411 0.707747
v -2.186434 -0.166108 0.707747
v -2.191833 -0.079666 0.707747
v -2.196009 0.007275 0.707747
v -2.199101 0.093074 0.707747
v -2.201257 0.176091 0.707747
v -2.202620 0.254685 0.707747
v -2.203332 0.327215 0.707747
v -2.203538 0.392041 0.707747
v -2.203711 0.408350 0.707747
v -2.204193 0.424522 0.707747
v -2.204933 0.440423 0.707747
v -2.205876 0.455915 0.707747
v -2.206972 0.470863 0.707747
v -2.208165 0.485130 0.707747
v -2.209404 0.498581 0.707747
v -2.210635 0.511079 0.707747
v -2.211805 0.522489 0.707747
v -2.212862 0.532673 0.707747
v -2.213754 0.541497 0.707747
v -2.214426 0.548823 0.707747
v -2.014093 0.548823 0.707747
v -2.016223 0.537337 0.707747
v -2.018247 0.525707 0.707747
v -2.020150 0.513881 0.707747
v -2.021917 0.501805 0.707747
v -2.023533 0.489426 0.707747
v -2.024982 0.476692 0.707747
v -2.026250 0.463550 0.707747
v -2.027322 0.449947 0.707747
v -2.028181 0.435830 0.707747
v -2.028813 0.421145 0.707747
v -2.029204 0.405841 0.707747
v -2.029336 0.389863 0.707747
v -2.029257 0.325649 0.707747
v -2.028883 0.254857 0.707747
v -2.028010 0.178983 0.707747
v -2.026434 0.099526 0.707747
v -2.023951 0.017982 0.707747
v -2.020355 -0.064152 0.707747
v -2.015444 -0.145378 0.707747
v -2.009014 -0.224200 0.707747
v -2.000860 -0.299121 0.707747
v -1.990778 -0.368643 0.707747
v -1.978562 -0.431270 0.707747
v -1.964009 -0.485504 0.707747
v -1.946325 -0.537919 0.707747
v -1.925963 -0.589450 0.707747
v -1.902970 -0.639938 0.707747
v -1.877393 -0.689224 0.707747
v -1.849274 -0.737148 0.707747
v -1.818660 -0.783553 0.707747
v -1.785596 -0.828279 0.707747
v -1.750128 -0.871168 0.707747
v -1.712300 -0.912061 0.707747
v -1.672160 -0.950799 0.707747
v -1.629750 -0.987224 0.707747
v -2.582429 -1.032064 0.707747
v -2.697838 -1.127875 0.707747
v -2.701832 -1.124519 0.707747
v -2.706196 -1.120990 0.707747
v -2.710938 -1.117294 0.707747
v -2.716064 -1.113439 0.707747
v -2.721585 -1.109433 0.707747
v -2.727508 -1.105283 0.707747
v -2.733837 -1.100997 0.707747
v -2.740582 -1.096583 0.707747
v -2.747751 -1.092048 0.707747
v -2.755351 -1.087399 0.707747
v -2.763390 -1.082645 0.707747
v -2.771873 -1.077792 0.707747
v -2.835970 -1.044716 0.707747
v -2.901578 -1.007708 0.707747
v -2.968122 -0.967010 0.707747
v -3.035031 -0.922865 0.707747
v -3.101728 -0.875513 0.707748
v -3.167640 -0.825198 0.707748
v -3.232189 -0.772161 0.707748
v -3.294804 -0.716644 0.707748
v -3.354907 -0.658889 0.707748
v -3.411926 -0.599138 0.707748
v -3.465285 -0.537633 0.707748
v -3.514412 -0.474616 0.707748
v -3.412068 -0.326544 0.707748
v -3.368160 -0.387027 0.707748
v -3.320662 -0.445310 0.707748
v -3.270154 -0.501189 0.707748
v -3.217218 -0.554459 0.707747
v -3.162438 -0.604916 0.707747
v -3.106396 -0.652357 0.707747
v -3.049673 -0.696577 0.707747
v -2.992852 -0.737371 0.707747
v -2.936514 -0.774537 0.707747
v -2.881243 -0.807869 0.707747
v -2.827620 -0.837164 0.707747
v -2.776229 -0.862216 0.707747
v -2.776229 -0.825934 0.707747
v -2.776229 -0.755235 0.707747
v -2.776229 -0.656712 0.707747
v -2.776229 -0.536958 0.707747
v -2.776229 -0.402566 0.707747
v -2.776229 -0.260129 0.707747
v -2.776229 -0.116241 0.707747
v -2.776229 0.022506 0.707747
v -2.776229 0.149518 0.707747
v -2.776229 0.258203 0.707747
v -2.776229 0.341968 0.707747
v -2.776229 0.394219 0.707747
v -2.776359 0.414439 0.707747
v -2.776723 0.433676 0.707747
v -2.777284 0.451855 0.707747
v -2.778003 0.468900 0.707747
v -2.778844 0.484735 0.707747
v -2.779768 0.499284 0.707747
v -2.780737 0.512473 0.707747
v -2.781714 0.524225 0.707747
v -2.782660 0.534465 0.707747
v -2.783539 0.543117 0.707747
v -2.784311 0.550106 0.707747
v -2.784939 0.555356 0.707747
v -2.584606 0.555356 0.707747
v -2.585279 0.550106 0.707747
v -2.586169 0.543117 0.707747
v -2.587226 0.534465 0.707747
v -2.588396 0.524225 0.707747
v -2.589628 0.512473 0.707747
v -2.590866 0.499284 0.707747
v -2.592059 0.484735 0.707747
v -2.593155 0.468900 0.707747
v -2.594099 0.451855 0.707747
v -2.594838 0.433676 0.707747
v -2.595321 0.414439 0.707747
v -2.595494 0.394219 0.707747
v -2.595494 0.341649 0.707747
v -2.595494 0.256923 0.707747
v -2.595494 0.146627 0.707747
v -2.595494 0.017345 0.707747
v -2.595494 -0.124337 0.707747
v -2.595494 -0.271833 0.707747
v -2.595494 -0.418558 0.707747
v -2.595494 -0.557927 0.707747
v -2.595494 -0.683352 0.707747
v -2.595494 -0.788251 0.707747
v -2.595494 -0.866036 0.707747
v -2.595494 -0.910122 0.707747
v -2.595404 -0.921005 0.707747
v -2.595132 -0.931857 0.707747
v -2.594678 -0.942649 0.707747
v -2.594043 -0.953350 0.707747
v -2.593226 -0.963930 0.707747
v -2.592229 -0.974359 0.707747
v -2.591049 -0.984607 0.707747
v -2.589688 -0.994642 0.707747
v -2.588146 -1.004436 0.707747
v -2.586422 -1.013958 0.707747
v -2.584517 -1.023177 0.707747
v 0.514019 -0.134921 0.707747
v 0.514019 -0.348319 0.707747
v 0.496170 -0.346733 0.707747
v 0.476477 -0.345244 0.707747
v 0.455090 -0.343862 0.707747
v 0.432160 -0.342593 0.707747
v 0.407839 -0.341445 0.707747
v 0.382278 -0.340425 0.707747
v 0.355629 -0.339542 0.707747
v 0.328042 -0.338802 0.707747
v 0.299668 -0.338214 0.707747
v 0.270659 -0.337784 0.707747
v 0.241167 -0.337521 0.707747
v 0.211342 -0.337432 0.707747
v 0.156631 -0.337432 0.707747
v 0.077424 -0.337432 0.707747
v -0.021381 -0.337432 0.707747
v -0.134885 -0.337432 0.707747
v -0.258187 -0.337432 0.707747
v -0.386390 -0.337432 0.707747
v -0.514592 -0.337432 0.707747
v -0.637895 -0.337432 0.707747
v -0.751398 -0.337432 0.707747
v -0.850204 -0.337432 0.707747
v -0.929411 -0.337432 0.707747
v -0.984121 -0.337432 0.707747
v -1.008459 -0.337604 0.707747
v -1.032380 -0.338087 0.707747
v -1.055741 -0.338827 0.707747
v -1.078400 -0.339770 0.707747
v -1.100212 -0.340865 0.707747
v -1.121034 -0.342059 0.707747
v -1.140720 -0.343297 0.707747
v -1.159129 -0.344529 0.707747
v -1.176118 -0.345699 0.707747
v -1.191541 -0.346757 0.707747
v -1.205256 -0.347648 0.707747
v -1.217117 -0.348319 0.707747
v -1.217117 -0.134921 0.707747
v -1.204505 -0.136050 0.707747
v -1.190624 -0.137240 0.707747
v -1.175471 -0.138460 0.707747
v -1.159050 -0.139679 0.707747
v -1.141357 -0.140869 0.707747
v -1.122395 -0.141998 0.707747
v -1.102161 -0.143036 0.707747
v -1.080659 -0.143954 0.707747
v -1.057885 -0.144720 0.707747
v -1.033842 -0.145305 0.707747
v -1.008529 -0.145678 0.707747
v -0.981944 -0.145809 0.707747
v -0.927692 -0.145809 0.707747
v -0.848792 -0.145809 0.707747
v -0.750173 -0.145809 0.707747
v -0.636765 -0.145809 0.707747
v -0.513497 -0.145809 0.707747
v -0.385301 -0.145809 0.707747
v -0.257104 -0.145809 0.707747
v -0.133837 -0.145809 0.707747
v -0.020429 -0.145809 0.707747
v 0.078191 -0.145809 0.707747
v 0.157091 -0.145809 0.707747
v 0.211342 -0.145809 0.707747
v 0.241667 -0.145678 0.707747
v 0.271567 -0.145305 0.707747
v 0.300894 -0.144720 0.707747
v 0.329494 -0.143954 0.707747
v 0.357218 -0.143036 0.707747
v 0.383913 -0.141998 0.707747
v 0.409429 -0.140869 0.707747
v 0.433614 -0.139680 0.707747
v 0.456317 -0.138460 0.707747
v 0.477386 -0.137240 0.707747
v 0.496672 -0.136051 0.707747
v 2.608803 -0.851329 0.707747
v 2.608803 -1.049484 0.707747
v 2.593317 -1.048398 0.707747
v 2.576363 -1.047327 0.707747
v 2.558108 -1.046286 0.707747
v 2.538719 -1.045290 0.707747
v 2.518363 -1.044355 0.707747
v 2.497205 -1.043496 0.707747
v 2.475411 -1.042727 0.707747
v 2.453150 -1.042064 0.707747
v 2.430586 -1.041522 0.707747
v 2.407886 -1.041116 0.707747
v 2.385216 -1.040862 0.707747
v 2.362741 -1.040774 0.707747
v 1.297930 -1.040774 0.707747
v 1.302285 -1.162716 0.707747
v 1.106307 -1.162716 0.707747
v 1.106936 -1.152738 0.707747
v 1.107709 -1.140416 0.707747
v 1.108587 -1.126038 0.707747
v 1.109533 -1.109890 0.707747
v 1.110510 -1.092261 0.707747
v 1.111478 -1.073437 0.707747
v 1.112402 -1.053705 0.707747
v 1.113242 -1.033354 0.707747
v 1.113962 -1.012670 0.707747
v 1.114523 -0.991940 0.707747
v 1.114887 -0.971453 0.707747
v 1.115017 -0.951495 0.707747
v 1.115017 0.172110 0.707747
v 1.114931 0.185474 0.707747
v 1.114694 0.199360 0.707747
v 1.114336 0.213654 0.707747
v 1.113887 0.228242 0.707747
v 1.113379 0.243012 0.707747
v 1.112840 0.257851 0.707747
v 1.112301 0.272644 0.707747
v 1.111792 0.287278 0.707747
v 1.111343 0.301639 0.707747
v 1.110985 0.315616 0.707747
v 1.110748 0.329093 0.707747
v 1.110662 0.341958 0.707747
v 1.121485 0.341415 0.707747
v 1.133183 0.340879 0.707747
v 1.145638 0.340359 0.707747
v 1.158729 0.339861 0.707747
v 1.172333 0.339393 0.707747
v 1.186330 0.338964 0.707747
v 1.200600 0.338579 0.707747
v 1.215021 0.338248 0.707747
v 1.229473 0.337977 0.707747
v 1.243834 0.337774 0.707747
v 1.257983 0.337647 0.707747
v 1.271799 0.337603 0.707747
v 2.343144 0.337603 0.707747
v 2.361081 0.337693 0.707747
v 2.379940 0.337966 0.707747
v 2.399555 0.338419 0.707747
v 2.419760 0.339054 0.707747
v 2.440389 0.339871 0.707747
v 2.461274 0.340869 0.707747
v 2.482251 0.342048 0.707747
v 2.503151 0.343409 0.707747
v 2.523810 0.344952 0.707747
v 2.544061 0.346676 0.707747
v 2.563737 0.348581 0.707747
v 2.582673 0.350668 0.707747
v 2.582673 0.156868 0.707747
v 2.568519 0.157454 0.707747
v 2.552368 0.158108 0.707747
v 2.534494 0.158807 0.707747
v 2.515169 0.159529 0.707747
v 2.494664 0.160251 0.707747
v 2.473251 0.160951 0.707747
v 2.451204 0.161605 0.707747
v 2.428794 0.162191 0.707747
v 2.406292 0.162686 0.707747
v 2.383972 0.163068 0.707747
v 2.362106 0.163313 0.707747
v 2.340967 0.163400 0.707747
v 1.297930 0.163400 0.707747
v 1.297930 -0.864394 0.707747
v 2.367097 -0.864394 0.707747
v 2.390026 -0.864262 0.707747
v 2.412977 -0.863880 0.707747
v 2.435792 -0.863271 0.707747
v 2.458312 -0.862458 0.707747
v 2.480379 -0.861464 0.707747
v 2.501833 -0.860311 0.707747
v 2.522515 -0.859022 0.707747
v 2.542269 -0.857620 0.707747
v 2.560932 -0.856126 0.707747
v 2.578349 -0.854565 0.707747
v 2.594359 -0.852958 0.707747
v 1.315350 0.718670 0.707747
v 1.432937 0.668587 0.707747
v 1.418906 0.648540 0.707747
v 1.404165 0.626700 0.707747
v 1.388910 0.603364 0.707747
v 1.373337 0.578825 0.707747
v 1.357643 0.553379 0.707747
v 1.342024 0.527320 0.707747
v 1.326678 0.500944 0.707747
v 1.311801 0.474545 0.707747
v 1.297589 0.448419 0.707747
v 1.284240 0.422859 0.707747
v 1.271948 0.398161 0.707747
v 1.260912 0.374621 0.707747
v 1.138970 0.429059 0.707747
v 1.150591 0.450726 0.707747
v 1.163527 0.474102 0.707747
v 1.177553 0.498808 0.707747
v 1.192441 0.524467 0.707747
v 1.207964 0.550701 0.707747
v 1.223895 0.577131 0.707747
v 1.240006 0.603380 0.707747
v 1.256074 0.629069 0.707747
v 1.271869 0.653821 0.707747
v 1.287165 0.677257 0.707747
v 1.301734 0.699000 0.707747
v 1.038804 0.781819 0.707747
v 1.158567 0.731736 0.707747
v 1.143661 0.711732 0.707747
v 1.128414 0.690020 0.707747
v 1.112942 0.666886 0.707747
v 1.097355 0.642618 0.707747
v 1.081769 0.617504 0.707747
v 1.066296 0.591829 0.707747
v 1.051048 0.565883 0.707747
v 1.036142 0.539952 0.707747
v 1.021690 0.514323 0.707747
v 1.007805 0.489284 0.707747
v 0.994599 0.465122 0.707747
v 0.982188 0.442124 0.707747
v 0.860247 0.494385 0.707747
v 0.872368 0.516009 0.707747
v 0.885722 0.539266 0.707747
v 0.900089 0.563794 0.707747
v 0.915250 0.589229 0.707747
v 0.930985 0.615208 0.707747
v 0.947077 0.641368 0.707747
v 0.963304 0.667347 0.707747
v 0.979447 0.692782 0.707747
v 0.995290 0.717310 0.707747
v 1.010609 0.740567 0.707747
v 1.025188 0.762191 0.707747
v 3.471105 0.381153 0.707747
v 3.640953 0.322360 0.707747
v 3.590332 0.254816 0.707747
v 3.543024 0.180135 0.707747
v 3.499073 0.099163 0.707747
v 3.458524 0.012747 0.707747
v 3.421423 -0.078265 0.707747
v 3.387815 -0.173028 0.707747
v 3.357745 -0.270694 0.707747
v 3.331260 -0.370417 0.707747
v 3.308403 -0.471350 0.707747
v 3.289221 -0.572645 0.707747
v 3.273759 -0.673457 0.707747
v 3.262062 -0.772938 0.707747
v 3.087859 -0.701079 0.707747
v 3.098560 -0.607303 0.707747
v 3.114131 -0.510676 0.707747
v 3.134268 -0.412250 0.707747
v 3.158669 -0.313075 0.707747
v 3.187033 -0.214203 0.707747
v 3.219055 -0.116684 0.707747
v 3.254436 -0.021570 0.707747
v 3.292870 0.070089 0.707747
v 3.334056 0.157242 0.707747
v 3.377692 0.238837 0.707747
v 3.423476 0.313825 0.707747
v 4.605598 0.442124 0.707747
v 4.816819 0.446479 0.707747
v 4.813774 0.432644 0.707747
v 4.811153 0.417456 0.707747
v 4.808925 0.401193 0.707747
v 4.807060 0.384137 0.707747
v 4.805528 0.366567 0.707747
v 4.804298 0.348763 0.707747
v 4.803340 0.331003 0.707747
v 4.802624 0.313569 0.707747
v 4.802120 0.296740 0.707747
v 4.801798 0.280795 0.707747
v 4.801626 0.266015 0.707747
v 4.801576 0.252679 0.707747
v 4.801520 0.218326 0.707747
v 4.801314 0.178915 0.707747
v 4.800895 0.135194 0.707747
v 4.800205 0.087913 0.707747
v 4.799181 0.037818 0.707747
v 4.797765 -0.014341 0.707747
v 4.795895 -0.067815 0.707747
v 4.793511 -0.121856 0.707747
v 4.790553 -0.175716 0.707747
v 4.786958 -0.228646 0.707747
v 4.782669 -0.279897 0.707747
v 4.777623 -0.328722 0.707747
v 4.760097 -0.462321 0.707747
v 4.737218 -0.581486 0.707747
v 4.709439 -0.686755 0.707747
v 4.677215 -0.778664 0.707747
v 4.640999 -0.857749 0.707747
v 4.601243 -0.924548 0.707747
v 4.558404 -0.979598 0.707747
v 4.512933 -1.023434 0.707747
v 4.465284 -1.056595 0.707747
v 4.415912 -1.079616 0.707747
v 4.365269 -1.093036 0.707747
v 4.313809 -1.097389 0.707747
v 4.277601 -1.094691 0.707747
v 4.241900 -1.086320 0.707747
v 4.206667 -1.071872 0.707747
v 4.171866 -1.050936 0.707747
v 4.137458 -1.023104 0.707747
v 4.103405 -0.987969 0.707747
v 4.069669 -0.945121 0.707747
v 4.036214 -0.894153 0.707747
v 4.003001 -0.834657 0.707747
v 3.969991 -0.766223 0.707747
v 3.937148 -0.688445 0.707747
v 3.904433 -0.600913 0.707747
v 4.041617 -0.446308 0.707747
v 4.056703 -0.500792 0.707747
v 4.073565 -0.554822 0.707747
v 4.092075 -0.607581 0.707747
v 4.112105 -0.658254 0.707747
v 4.133526 -0.706024 0.707747
v 4.156210 -0.750074 0.707747
v 4.180028 -0.789587 0.707747
v 4.204852 -0.823747 0.707747
v 4.230553 -0.851737 0.707747
v 4.257002 -0.872741 0.707747
v 4.284071 -0.885942 0.707747
v 4.311631 -0.890524 0.707747
v 4.349271 -0.885558 0.707747
v 4.384831 -0.870937 0.707747
v 4.418229 -0.847076 0.707747
v 4.449380 -0.814391 0.707747
v 4.478204 -0.773299 0.707747
v 4.504615 -0.724215 0.707747
v 4.528532 -0.667555 0.707747
v 4.549870 -0.603735 0.707747
v 4.568546 -0.533171 0.707747
v 4.584478 -0.456278 0.707747
v 4.597582 -0.373473 0.707747
v 4.607775 -0.285171 0.707747
v 4.611319 -0.239670 0.707747
v 4.614348 -0.193715 0.707747
v 4.616894 -0.147578 0.707747
v 4.618986 -0.101533 0.707747
v 4.620654 -0.055850 0.707747
v 4.621929 -0.010802 0.707747
v 4.622841 0.033338 0.707747
v 4.623421 0.076299 0.707747
v 4.623699 0.117808 0.707747
v 4.623704 0.157593 0.707747
v 4.623467 0.195383 0.707747
v 4.623018 0.230904 0.707747
v 4.622842 0.245955 0.707747
v 4.622333 0.262579 0.707747
v 4.621521 0.280443 0.707747
v 4.620437 0.299214 0.707747
v 4.619111 0.318559 0.707747
v 4.617574 0.338147 0.707747
v 4.615855 0.357644 0.707747
v 4.613985 0.376718 0.707747
v 4.611994 0.395035 0.707747
v 4.609912 0.412264 0.707747
v 4.607770 0.428071 0.707747
v 5.337248 -0.080483 0.707747
v 5.239259 0.063234 0.707747
v 5.267747 0.084069 0.707747
v 5.301490 0.107067 0.707747
v 5.339664 0.131758 0.707747
v 5.381444 0.157674 0.707747
v 5.426006 0.184346 0.707747
v 5.472527 0.211306 0.707747
v 5.520182 0.238084 0.707747
v 5.568147 0.264212 0.707747
v 5.615598 0.289221 0.707747
v 5.661710 0.312642 0.707747
v 5.705660 0.334006 0.707747
v 5.746624 0.352845 0.707747
v 5.835903 0.220016 0.707747
v 5.797688 0.202293 0.707747
v 5.756473 0.182030 0.707747
v 5.712974 0.159590 0.707747
v 5.667910 0.135334 0.707747
v 5.621999 0.109627 0.707747
v 5.575960 0.082832 0.707747
v 5.530510 0.055310 0.707747
v 5.486368 0.027426 0.707747
v 5.444253 -0.000459 0.707747
v 5.404882 -0.027980 0.707747
v 5.368975 -0.054776 0.707747
v 5.914294 -0.718499 0.707747
v 5.912116 -0.816488 0.707747
v 5.913420 -0.845889 0.707747
v 5.917469 -0.874042 0.707747
v 5.924467 -0.900697 0.707747
v 5.934618 -0.925607 0.707747
v 5.948125 -0.948520 0.707747
v 5.965193 -0.969188 0.707747
v 5.986028 -0.987360 0.707747
v 6.010831 -1.002788 0.707747
v 6.039808 -1.015222 0.707747
v 6.073163 -1.024412 0.707747
v 6.111100 -1.030109 0.707747
v 6.153822 -1.032064 0.707747
v 6.194472 -1.030633 0.707747
v 6.231507 -1.026428 0.707747
v 6.264944 -1.019577 0.707747
v 6.294797 -1.010208 0.707747
v 6.321081 -0.998449 0.707747
v 6.343812 -0.984430 0.707747
v 6.363004 -0.968279 0.707747
v 6.378673 -0.950124 0.707747
v 6.390833 -0.930094 0.707747
v 6.399500 -0.908318 0.707747
v 6.404689 -0.884923 0.707747
v 6.406415 -0.860039 0.707747
v 6.404181 -0.835569 0.707747
v 6.397615 -0.812355 0.707747
v 6.386920 -0.790562 0.707747
v 6.372301 -0.770357 0.707747
v 6.353962 -0.751906 0.707747
v 6.332107 -0.735375 0.707747
v 6.306941 -0.720931 0.707747
v 6.278667 -0.708741 0.707747
v 6.247490 -0.698969 0.707747
v 6.213614 -0.691784 0.707747
v 6.177242 -0.687351 0.707747
v 6.138579 -0.685836 0.707747
v 6.119029 -0.686063 0.707747
v 6.099585 -0.686744 0.707747
v 6.080261 -0.687878 0.707747
v 6.061075 -0.689466 0.707747
v 6.042039 -0.691507 0.707747
v 6.023170 -0.694002 0.707747
v 6.004482 -0.696951 0.707747
v 5.985990 -0.700353 0.707747
v 5.967710 -0.704209 0.707747
v 5.949657 -0.708519 0.707747
v 5.931847 -0.713282 0.707747
v 5.772754 -0.021690 0.707747
v 5.942602 -0.021690 0.707747
v 5.941381 -0.061554 0.707747
v 5.939919 -0.103619 0.707747
v 5.938246 -0.147544 0.707747
v 5.936391 -0.192989 0.707747
v 5.934385 -0.239613 0.707747
v 5.932258 -0.287076 0.707747
v 5.930040 -0.335039 0.707747
v 5.927763 -0.383160 0.707747
v 5.925454 -0.431099 0.707747
v 5.923145 -0.478517 0.707747
v 5.920867 -0.525073 0.707747
v 5.918649 -0.570427 0.707747
v 5.935614 -0.566797 0.707747
v 5.952753 -0.563522 0.707747
v 5.970058 -0.560594 0.707747
v 5.987523 -0.558007 0.707747
v 6.005138 -0.555753 0.707747
v 6.022897 -0.553823 0.707747
v 6.040792 -0.552212 0.707747
v 6.058816 -0.550910 0.707747
v 6.076961 -0.549911 0.707747
v 6.095220 -0.549206 0.707747
v 6.113584 -0.548789 0.707747
v 6.132046 -0.548652 0.707747
v 6.192305 -0.551253 0.707747
v 6.249744 -0.558935 0.707747
v 6.303901 -0.571516 0.707747
v 6.354315 -0.588815 0.707747
v 6.400526 -0.610651 0.707747
v 6.442072 -0.636842 0.707747
v 6.478491 -0.667206 0.707747
v 6.509323 -0.701563 0.707747
v 6.534106 -0.739730 0.707747
v 6.552380 -0.781527 0.707747
v 6.563682 -0.826771 0.707747
v 6.567553 -0.875282 0.707747
v 6.563558 -0.926737 0.707747
v 6.551927 -0.973361 0.707747
v 6.533189 -1.015222 0.707747
v 6.507872 -1.052387 0.707747
v 6.476507 -1.084926 0.707747
v 6.439623 -1.112905 0.707747
v 6.397748 -1.136393 0.707747
v 6.351413 -1.155457 0.707747
v 6.301146 -1.170167 0.707747
v 6.247476 -1.180590 0.707747
v 6.190934 -1.186794 0.707747
v 6.132046 -1.188846 0.707747
v 6.067827 -1.185960 0.707747
v 6.010064 -1.177555 0.707747
v 5.958592 -1.164008 0.707747
v 5.913245 -1.145699 0.707747
v 5.873856 -1.123003 0.707747
v 5.840257 -1.096301 0.707747
v 5.812285 -1.065969 0.707747
v 5.789771 -1.032386 0.707747
v 5.772550 -0.995930 0.707747
v 5.760455 -0.956979 0.707747
v 5.753320 -0.915911 0.707747
v 5.750979 -0.873104 0.707747
v 5.753156 -0.781648 0.707747
v 5.718270 -0.799633 0.707747
v 5.684382 -0.818646 0.707747
v 5.651493 -0.838536 0.707747
v 5.619601 -0.859152 0.707747
v 5.588707 -0.880342 0.707747
v 5.558812 -0.901956 0.707747
v 5.529914 -0.923843 0.707747
v 5.502015 -0.945850 0.707747
v 5.475113 -0.967827 0.707747
v 5.449210 -0.989622 0.707747
v 5.424304 -1.011085 0.707747
v 5.400396 -1.032064 0.707747
v 5.306763 -0.883992 0.707747
v 5.335885 -0.859841 0.707747
v 5.366625 -0.835411 0.707747
v 5.398968 -0.810874 0.707747
v 5.432898 -0.786406 0.707747
v 5.468401 -0.762180 0.707747
v 5.505463 -0.738369 0.707747
v 5.544066 -0.715149 0.707747
v 5.584197 -0.692692 0.707747
v 5.625839 -0.671172 0.707747
v 5.668979 -0.650764 0.707747
v 5.713601 -0.631641 0.707747
v 5.759689 -0.613978 0.707747
v 5.774931 -0.256863 0.707747
v 5.775429 -0.237473 0.707747
v 5.775829 -0.218423 0.707747
v 5.776123 -0.199601 0.707747
v 5.776303 -0.180891 0.707747
v 5.776362 -0.162182 0.707747
v 5.776293 -0.143359 0.707747
v 5.776088 -0.124310 0.707747
v 5.775739 -0.104920 0.707747
v 5.775238 -0.085076 0.707747
v 5.774579 -0.064666 0.707747
v 5.773754 -0.043575 0.707747
v 6.286651 0.651167 0.707747
v 6.478274 0.668587 0.707747
v 6.479893 0.638803 0.707747
v 6.482518 0.608322 0.707747
v 6.486066 0.577267 0.707747
v 6.490452 0.545759 0.707747
v 6.495595 0.513917 0.707747
v 6.501410 0.481864 0.707747
v 6.507816 0.449720 0.707747
v 6.514728 0.417607 0.707747
v 6.522063 0.385645 0.707747
v 6.529739 0.353954 0.707747
v 6.537672 0.322657 0.707747
v 6.545777 0.291875 0.707747
v 6.566962 0.290288 0.707747
v 6.588048 0.288800 0.707747
v 6.609027 0.287417 0.707747
v 6.629894 0.286148 0.707747
v 6.650640 0.285000 0.707747
v 6.671257 0.283981 0.707747
v 6.691738 0.283098 0.707747
v 6.712075 0.282358 0.707747
v 6.732261 0.281769 0.707747
v 6.752289 0.281340 0.707747
v 6.772150 0.281076 0.707747
v 6.791838 0.280987 0.707747
v 6.814739 0.281079 0.707747
v 6.837677 0.281360 0.707747
v 6.860600 0.281838 0.707747
v 6.883455 0.282519 0.707747
v 6.906189 0.283413 0.707747
v 6.928750 0.284525 0.707747
v 6.951083 0.285865 0.707747
v 6.973137 0.287439 0.707747
v 6.994858 0.289255 0.707747
v 7.016193 0.291320 0.707747
v 7.037090 0.293643 0.707747
v 7.057497 0.296230 0.707747
v 7.046609 0.132915 0.707747
v 7.025753 0.131872 0.707747
v 7.004601 0.130919 0.707747
v 6.983222 0.130057 0.707747
v 6.961686 0.129286 0.707747
v 6.940058 0.128605 0.707747
v 6.918407 0.128015 0.707747
v 6.896802 0.127516 0.707747
v 6.875310 0.127108 0.707747
v 6.854000 0.126791 0.707747
v 6.832939 0.126564 0.707747
v 6.812196 0.126428 0.707747
v 6.791838 0.126382 0.707747
v 6.776007 0.126428 0.707747
v 6.760093 0.126564 0.707747
v 6.744103 0.126791 0.707747
v 6.728045 0.127108 0.707747
v 6.711926 0.127516 0.707747
v 6.695755 0.128015 0.707747
v 6.679538 0.128605 0.707747
v 6.663284 0.129286 0.707747
v 6.646998 0.130057 0.707747
v 6.630691 0.130919 0.707747
v 6.614368 0.131872 0.707747
v 6.598038 0.132915 0.707747
v 6.624797 0.067405 0.707747
v 6.654785 -0.001205 0.707747
v 6.687691 -0.072113 0.707747
v 6.723205 -0.144518 0.707747
v 6.761018 -0.217619 0.707747
v 6.800820 -0.290615 0.707747
v 6.842300 -0.362702 0.707747
v 6.885149 -0.433082 0.707747
v 6.929056 -0.500950 0.707747
v 6.973712 -0.565508 0.707747
v 7.018806 -0.625952 0.707747
v 7.064029 -0.681481 0.707747
v 6.896359 -0.768582 0.707747
v 6.852462 -0.706963 0.707747
v 6.808119 -0.640179 0.707747
v 6.763700 -0.568964 0.707747
v 6.719577 -0.494052 0.707747
v 6.676118 -0.416177 0.707747
v 6.633695 -0.336071 0.707747
v 6.592679 -0.254467 0.707747
v 6.553439 -0.172101 0.707747
v 6.516347 -0.089703 0.707747
v 6.481772 -0.008009 0.707747
v 6.450086 0.072248 0.707747
v 6.421658 0.150335 0.707747
v 6.385874 0.155414 0.707747
v 6.350414 0.160840 0.707747
v 6.315333 0.166599 0.707747
v 6.280683 0.172675 0.707747
v 6.246517 0.179054 0.707747
v 6.212887 0.185720 0.707747
v 6.179848 0.192658 0.707747
v 6.147451 0.199854 0.707747
v 6.115749 0.207291 0.707747
v 6.084796 0.214955 0.707747
v 6.054645 0.222831 0.707747
v 6.025347 0.230904 0.707747
v 6.029703 0.394219 0.707747
v 6.057596 0.385190 0.707747
v 6.085723 0.376607 0.707747
v 6.114048 0.368462 0.707747
v 6.142530 0.360749 0.707747
v 6.171134 0.353459 0.707747
v 6.199821 0.346585 0.707747
v 6.228554 0.340119 0.707747
v 6.257295 0.334054 0.707747
v 6.286005 0.328382 0.707747
v 6.314646 0.323096 0.707747
v 6.343182 0.318188 0.707747
v 6.371575 0.313650 0.707747
v 6.362959 0.345325 0.707747
v 6.354548 0.377060 0.707747
v 6.346364 0.408645 0.707747
v 6.338428 0.439866 0.707747
v 6.330766 0.470513 0.707747
v 6.323398 0.500373 0.707747
v 6.316347 0.529235 0.707747
v 6.309637 0.556888 0.707747
v 6.303289 0.583119 0.707747
v 6.297328 0.607717 0.707747
v 6.291774 0.630470 0.707747
v 7.863183 0.017506 0.707747
v 7.967705 0.135092 0.707747
v 7.973171 0.132875 0.707747
v 7.979681 0.130596 0.707747
v 7.987098 0.128288 0.707747
v 7.995287 0.125979 0.707747
v 8.004110 0.123701 0.707747
v 8.013433 0.121483 0.707747
v 8.023118 0.119356 0.707747
v 8.033031 0.117350 0.707747
v 8.043034 0.115495 0.707747
v 8.052992 0.113821 0.707747
v 8.062767 0.112359 0.707747
v 8.072226 0.111140 0.707747
v 8.119802 0.105950 0.707747
v 8.179188 0.100292 0.707747
v 8.247858 0.094332 0.707747
v 8.323287 0.088235 0.707747
v 8.402951 0.082169 0.707747
v 8.484324 0.076299 0.707747
v 8.564880 0.070792 0.707747
v 8.642094 0.065815 0.707747
v 8.713441 0.061533 0.707747
v 8.776395 0.058113 0.707746
v 8.828431 0.055721 0.707746
v 8.867024 0.054524 0.707746
v 8.884348 0.054069 0.707746
v 8.901451 0.053788 0.707746
v 8.918299 0.053673 0.707746
v 8.934851 0.053717 0.707746
v 8.951070 0.053913 0.707746
v 8.966919 0.054252 0.707746
v 8.982359 0.054727 0.707746
v 8.997354 0.055330 0.707746
v 9.011864 0.056055 0.707746
v 9.025853 0.056893 0.707746
v 9.039283 0.057837 0.707746
v 9.052114 0.058879 0.707746
v 9.036872 -0.132744 0.707746
v 9.024711 -0.130610 0.707746
v 9.012163 -0.128560 0.707746
v 8.999207 -0.126585 0.707746
v 8.985821 -0.124679 0.707746
v 8.971981 -0.122833 0.707746
v 8.957664 -0.121040 0.707746
v 8.942848 -0.119292 0.707746
v 8.927511 -0.117582 0.707746
v 8.911630 -0.115902 0.707746
v 8.895182 -0.114245 0.707746
v 8.878142 -0.112603 0.707746
v 8.860492 -0.110968 0.707746
v 8.822678 -0.107861 0.707746
v 8.776637 -0.104073 0.707747
v 8.723852 -0.099741 0.707747
v 8.665804 -0.095000 0.707747
v 8.603977 -0.089987 0.707747
v 8.539850 -0.084838 0.707747
v 8.474908 -0.079689 0.707747
v 8.410630 -0.074676 0.707747
v 8.348500 -0.069936 0.707747
v 8.289999 -0.065603 0.707747
v 8.236609 -0.061815 0.707747
v 8.189813 -0.058708 0.707747
v 8.251044 -0.119941 0.707747
v 8.324910 -0.193815 0.707747
v 8.408348 -0.277277 0.707747
v 8.498296 -0.367272 0.707747
v 8.591692 -0.460744 0.707747
v 8.685472 -0.554640 0.707747
v 8.776578 -0.645905 0.707747
v 8.861944 -0.731484 0.707747
v 8.938509 -0.808323 0.707747
v 9.003211 -0.873366 0.707747
v 9.052988 -0.923560 0.707747
v 9.084778 -0.955850 0.707747
v 9.095570 -0.966012 0.707747
v 9.106150 -0.975811 0.707747
v 9.116488 -0.985247 0.707747
v 9.126554 -0.994320 0.707747
v 9.136317 -1.003030 0.707747
v 9.145748 -1.011377 0.707747
v 9.154817 -1.019361 0.707747
v 9.163491 -1.026983 0.707747
v 9.171742 -1.034241 0.707747
v 9.179541 -1.041137 0.707747
v 9.186854 -1.047669 0.707747
v 9.193654 -1.053839 0.707747
v 9.028162 -1.169248 0.707747
v 8.995428 -1.128256 0.707747
v 8.958823 -1.084284 0.707747
v 8.919285 -1.038256 0.707747
v 8.877750 -0.991094 0.707747
v 8.835158 -0.943720 0.707747
v 8.792444 -0.897057 0.707747
v 8.750546 -0.852027 0.707747
v 8.710403 -0.809552 0.707747
v 8.672953 -0.770556 0.707747
v 8.639130 -0.735960 0.707747
v 8.609875 -0.706686 0.707747
v 8.586123 -0.683659 0.707747
v 8.573596 -0.672053 0.707747
v 8.561031 -0.661218 0.707747
v 8.548390 -0.651200 0.707747
v 8.535637 -0.642044 0.707747
v 8.522732 -0.633795 0.707747
v 8.509638 -0.626499 0.707747
v 8.496317 -0.620201 0.707747
v 8.482731 -0.614946 0.707747
v 8.468843 -0.610780 0.707747
v 8.454615 -0.607748 0.707747
v 8.440008 -0.605895 0.707747
v 8.424986 -0.605268 0.707747
v 8.410521 -0.606083 0.707747
v 8.396547 -0.608524 0.707747
v 8.383102 -0.612583 0.707747
v 8.370225 -0.618252 0.707747
v 8.357952 -0.625525 0.707747
v 8.346323 -0.634392 0.707747
v 8.335373 -0.644848 0.707747
v 8.325142 -0.656883 0.707747
v 8.315667 -0.670492 0.707747
v 8.306986 -0.685665 0.707747
v 8.299137 -0.702396 0.707747
v 8.292156 -0.720677 0.707747
v 8.286999 -0.737751 0.707747
v 8.281380 -0.757100 0.707747
v 8.275383 -0.778279 0.707747
v 8.269091 -0.800842 0.707747
v 8.262588 -0.824343 0.707747
v 8.255955 -0.848334 0.707747
v 8.249277 -0.872372 0.707747
v 8.242638 -0.896008 0.707747
v 8.236119 -0.918798 0.707747
v 8.229805 -0.940295 0.707747
v 8.223778 -0.960053 0.707747
v 8.218121 -0.977626 0.707747
v 8.205372 -1.011458 0.707747
v 8.189984 -1.041238 0.707747
v 8.171950 -1.067176 0.707747
v 8.151262 -1.089486 0.707747
v 8.127913 -1.108378 0.707747
v 8.101894 -1.124064 0.707747
v 8.073200 -1.136757 0.707747
v 8.041821 -1.146667 0.707747
v 8.007751 -1.154006 0.707747
v 7.970981 -1.158986 0.707747
v 7.931504 -1.161819 0.707747
v 7.889314 -1.162716 0.707747
v 7.858304 -1.162364 0.707747
v 7.824512 -1.161355 0.707747
v 7.788603 -1.159756 0.707747
v 7.751242 -1.157635 0.707747
v 7.713095 -1.155061 0.707747
v 7.674827 -1.152101 0.707747
v 7.637103 -1.148823 0.707747
v 7.600589 -1.145296 0.707747
v 7.565950 -1.141587 0.707747
v 7.533852 -1.137765 0.707747
v 7.504959 -1.133898 0.707747
v 7.479938 -1.130053 0.707747
v 7.469050 -0.947140 0.707747
v 7.495903 -0.953486 0.707747
v 7.525091 -0.959439 0.707747
v 7.556321 -0.964969 0.707747
v 7.589298 -0.970045 0.707747
v 7.623726 -0.974637 0.707747
v 7.659312 -0.978714 0.707747
v 7.695759 -0.982248 0.707747
v 7.732773 -0.985207 0.707747
v 7.770060 -0.987561 0.707747
v 7.807323 -0.989279 0.707747
v 7.844270 -0.990333 0.707747
v 7.880603 -0.990691 0.707747
v 7.907161 -0.989957 0.707747
v 7.931382 -0.987727 0.707747
v 7.953381 -0.983954 0.707747
v 7.973269 -0.978593 0.707747
v 7.991162 -0.971600 0.707747
v 8.007173 -0.962927 0.707747
v 8.021413 -0.952531 0.707747
v 8.033998 -0.940366 0.707747
v 8.045041 -0.926385 0.707747
v 8.054654 -0.910545 0.707747
v 8.062952 -0.892800 0.707747
v 8.070048 -0.873104 0.707747
v 8.075663 -0.854416 0.707747
v 8.081572 -0.834473 0.707747
v 8.087708 -0.813562 0.707747
v 8.094002 -0.791971 0.707747
v 8.100387 -0.769986 0.707747
v 8.106794 -0.747896 0.707747
v 8.113157 -0.725987 0.707747
v 8.119406 -0.704547 0.707747
v 8.125474 -0.683863 0.707747
v 8.131292 -0.664222 0.707747
v 8.136792 -0.645913 0.707747
v 8.141907 -0.629221 0.707747
v 8.149945 -0.607547 0.707747
v 8.158854 -0.587212 0.707747
v 8.168684 -0.568284 0.707747
v 8.179489 -0.550829 0.707747
v 8.191323 -0.534918 0.707747
v 8.204239 -0.520616 0.707747
v 8.218288 -0.507993 0.707747
v 8.233524 -0.497117 0.707747
v 8.250001 -0.488055 0.707747
v 8.267771 -0.480876 0.707747
v 8.286885 -0.475648 0.707747
v 8.307400 -0.472438 0.707747
v 8.313686 -0.471396 0.707747
v 8.320495 -0.470453 0.707747
v 8.327711 -0.469615 0.707747
v 8.335223 -0.468890 0.707747
v 8.342916 -0.468286 0.707747
v 8.350677 -0.467811 0.707747
v 8.358394 -0.467472 0.707747
v 8.365951 -0.467277 0.707747
v 8.373236 -0.467233 0.707747
v 8.380136 -0.467348 0.707747
v 8.386536 -0.467629 0.707747
v 8.392323 -0.468084 0.707747
v 8.368923 -0.444530 0.707747
v 8.339770 -0.415934 0.707747
v 8.306005 -0.383330 0.707747
v 8.268768 -0.347755 0.707747
v 8.229204 -0.310244 0.707747
v 8.188452 -0.271834 0.707747
v 8.147655 -0.233559 0.707747
v 8.107954 -0.196457 0.707747
v 8.070491 -0.161562 0.707747
v 8.036407 -0.129911 0.707747
v 8.006846 -0.102539 0.707747
v 7.982947 -0.080483 0.707747
v 7.975892 -0.074064 0.707747
v 7.967876 -0.066873 0.707747
v 7.959029 -0.059048 0.707747
v 7.949478 -0.050723 0.707747
v 7.939353 -0.042036 0.707747
v 7.928782 -0.033122 0.707747
v 7.917892 -0.024117 0.707747
v 7.906815 -0.015157 0.707747
v 7.895677 -0.006379 0.707747
v 7.884606 0.002082 0.707747
v 7.873732 0.010089 0.707747
v 8.766858 0.640279 0.707746
v 8.795166 0.481320 0.707746
v 8.726508 0.469317 0.707746
v 8.654010 0.457337 0.707746
v 8.578638 0.445492 0.707746
v 8.501361 0.433898 0.707747
v 8.423146 0.422666 0.707747
v 8.344962 0.411911 0.707747
v 8.267776 0.401745 0.707747
v 8.192554 0.392283 0.707747
v 8.120268 0.383637 0.707747
v 8.051882 0.375921 0.707747
v 7.988366 0.369249 0.707747
v 7.930686 0.363733 0.707747
v 7.906734 0.524870 0.707747
v 7.962581 0.528888 0.707747
v 8.025792 0.534326 0.707747
v 8.095022 0.541066 0.707747
v 8.168924 0.548984 0.707747
v 8.246154 0.557962 0.707747
v 8.325364 0.567877 0.707747
v 8.405210 0.578608 0.707747
v 8.484344 0.590035 0.707746
v 8.561421 0.602037 0.707746
v 8.635098 0.614492 0.707746
v 8.704024 0.627280 0.707746
v 11.061975 0.167755 0.707746
v 10.008050 0.167755 0.707746
v 10.008050 -0.056530 0.707746
v 11.061975 -0.056530 0.707746
v 11.061975 -0.195892 0.707746
v 10.008050 -0.195892 0.707746
v 10.008050 -0.422355 0.707746
v 11.061975 -0.422355 0.707746
v 11.061975 0.529225 0.707746
v 10.008050 0.529225 0.707746
v 10.008050 0.304940 0.707746
v 11.061975 0.304940 0.707746
v 11.220935 0.675120 0.707746
v 11.220935 -0.568250 0.707746
v 10.926968 -0.568250 0.707746
v 10.939548 -0.636180 0.707746
v 10.956113 -0.699597 0.707746
v 10.977561 -0.758613 0.707746
v 11.004794 -0.813343 0.707746
v 11.038712 -0.863899 0.707746
v 11.080212 -0.910394 0.707746
v 11.130196 -0.952943 0.707746
v 11.189562 -0.991658 0.707746
v 11.259212 -1.026654 0.707746
v 11.340043 -1.058043 0.707746
v 11.432958 -1.085939 0.707746
v 11.538854 -1.110455 0.707746
v 11.529943 -1.119812 0.707746
v 11.520728 -1.130325 0.707746
v 11.511362 -1.141791 0.707746
v 11.501997 -1.154006 0.707746
v 11.492783 -1.166764 0.707746
v 11.483871 -1.179864 0.707746
v 11.475413 -1.193099 0.707746
v 11.467560 -1.206266 0.707746
v 11.460463 -1.219161 0.707746
v 11.454273 -1.231580 0.707746
v 11.449142 -1.243318 0.707746
v 11.445220 -1.254172 0.707746
v 11.327842 -1.223127 0.707746
v 11.224413 -1.187636 0.707746
v 11.134004 -1.147609 0.707746
v 11.055684 -1.102954 0.707746
v 10.988524 -1.053582 0.707746
v 10.931595 -0.999401 0.707746
v 10.883965 -0.940320 0.707746
v 10.844706 -0.876249 0.707746
v 10.812885 -0.807097 0.707746
v 10.787576 -0.732774 0.707746
v 10.767845 -0.653188 0.707746
v 10.752766 -0.568250 0.707746
v 10.395651 -0.568250 0.707746
v 10.395651 -1.005934 0.707746
v 10.394459 -1.047942 0.707746
v 10.390650 -1.084869 0.707746
v 10.383879 -1.116987 0.707746
v 10.373795 -1.144570 0.707746
v 10.360051 -1.167887 0.707746
v 10.342300 -1.187213 0.707746
v 10.320195 -1.202818 0.707746
v 10.293387 -1.214976 0.707746
v 10.261528 -1.223958 0.707746
v 10.224271 -1.230037 0.707746
v 10.181267 -1.233485 0.707746
v 10.132170 -1.234574 0.707746
v 10.117411 -1.234574 0.707746
v 10.094849 -1.234574 0.707746
v 10.066027 -1.234574 0.707746
v 10.032487 -1.234574 0.707746
v 9.995771 -1.234574 0.707746
v 9.957422 -1.234574 0.707746
v 9.918983 -1.234574 0.707746
v 9.881995 -1.234574 0.707746
v 9.848001 -1.234574 0.707746
v 9.818544 -1.234574 0.707746
v 9.795166 -1.234574 0.707746
v 9.779409 -1.234574 0.707746
v 9.735975 -1.232848 0.707746
v 9.697954 -1.227295 0.707746
v 9.664953 -1.217358 0.707746
v 9.636580 -1.202476 0.707746
v 9.612440 -1.182089 0.707746
v 9.592142 -1.155639 0.707746
v 9.575292 -1.122565 0.707746
v 9.561495 -1.082308 0.707746
v 9.550361 -1.034309 0.707746
v 9.541494 -0.978009 0.707746
v 9.534503 -0.912846 0.707746
v 9.528994 -0.838264 0.707746
v 9.540891 -0.835189 0.707746
v 9.553581 -0.831449 0.707746
v 9.566862 -0.827104 0.707746
v 9.580528 -0.822214 0.707746
v 9.594377 -0.816841 0.707746
v 9.608202 -0.811044 0.707746
v 9.621799 -0.804885 0.707746
v 9.634967 -0.798423 0.707746
v 9.647499 -0.791719 0.707746
v 9.659192 -0.784833 0.707746
v 9.669842 -0.777827 0.707746
v 9.679243 -0.770760 0.707746
v 9.682053 -0.833566 0.707746
v 9.685211 -0.887419 0.707746
v 9.688973 -0.932986 0.707746
v 9.693599 -0.970932 0.707746
v 9.699343 -1.001921 0.707746
v 9.706462 -1.026620 0.707746
v 9.715215 -1.045694 0.707746
v 9.725859 -1.059807 0.707746
v 9.738649 -1.069626 0.707746
v 9.753843 -1.075816 0.707746
v 9.771700 -1.079042 0.707746
v 9.792475 -1.079970 0.707746
v 9.810793 -1.079970 0.707746
v 9.834503 -1.079970 0.707746
v 9.862462 -1.079970 0.707746
v 9.893528 -1.079970 0.707746
v 9.926560 -1.079970 0.707746
v 9.960417 -1.079970 0.707746
v 9.993956 -1.079970 0.707746
v 10.026035 -1.079970 0.707746
v 10.055513 -1.079970 0.707746
v 10.081249 -1.079970 0.707746
v 10.102101 -1.079970 0.707746
v 10.116926 -1.079970 0.707746
v 10.138824 -1.079677 0.707746
v 10.157825 -1.078720 0.707746
v 10.174121 -1.076976 0.707746
v 10.187898 -1.074324 0.707746
v 10.199347 -1.070645 0.707746
v 10.208655 -1.065816 0.707746
v 10.216013 -1.059717 0.707746
v 10.221609 -1.052226 0.707746
v 10.225634 -1.043224 0.707746
v 10.228273 -1.032588 0.707746
v 10.229718 -1.020199 0.707746
v 10.230158 -1.005934 0.707746
v 10.230158 -0.568250 0.707746
v 9.842558 -0.568250 0.707746
v 9.842558 0.675120 0.707746
vn -0.0000 -0.0000 -1.0000
vn -0.0000 -0.0001 -1.0000
vn -0.0000 0.0001 -1.0000
vn -0.0000 0.0002 -1.0000
vn -0.0000 0.0034 -1.0000
vn -0.0000 -0.0004 -1.0000
vn -0.0000 0.0016 -1.0000
vn -0.0000 -1.0000 -0.0000
vn -0.0000 1.0000 -0.0000
vn -0.0000 -0.0009 -1.0000
vn -0.0000 -0.0005 -1.0000
vn -0.0000 -0.0002 -1.0000
vn -0.0000 0.0013 -1.0000
vn -0.0000 0.0004 -1.0000
vn -0.0000 -0.0046 -1.0000
vn -0.0000 -0.0012 -1.0000
vn -0.0000 0.0069 -1.0000
vn -0.0000 -0.0024 -1.0000
vn -0.0000 0.0019 -1.0000
vn -0.0000 -0.0077 -1.0000
vn -0.0000 0.0007 -1.0000
vn -0.0000 -0.0015 -1.0000
vn -0.0000 -0.0003 -1.0000
vn -0.0000 -0.0008 -1.0000
vn -0.0000 0.0008 -1.0000
vn -0.0000 0.0476 -0.9989
vn -0.0000 0.0005 -1.0000
vn -0.0000 0.0003 -1.0000
vn -0.0000 -0.0000 1.0000
vn -0.0000 0.0001 1.0000
vn -0.0000 -0.0001 1.0000
vn -0.0000 -0.0002 1.0000
vn -0.0000 -0.0034 1.0000
vn -0.0000 -0.0007 1.0000
vn -0.0000 0.0005 1.0000
vn -0.0000 0.0002 1.0000
vn -0.0000 0.0046 1.0000
vn -0.0000 -0.0027 1.0000
vn -0.0000 0.0012 1.0000
vn -0.0000 0.0035 1.0000
vn -0.0000 -0.0012 1.0000
vn -0.0000 0.0007 1.0000
vn -0.0000 -0.0004 1.0000
vn -0.0000 0.0006 1.0000
vn -0.0000 0.0040 1.0000
vn -0.0000 -0.0021 1.0000
vn -0.0000 0.0003 1.0000
vn -0.0000 -0.0006 1.0000
vn -0.0000 0.0008 1.0000
vn -0.0000 0.0023 1.0000
vn 0.0001 0.0023 1.0000
vn -0.0000 -0.0003 1.0000
vn -0.0000 0.0164 0.9999
vn -0.0023 -0.0454 0.9990
vn -0.0835 -0.9965 -0.0000
vn 0.7192 -0.6948 -0.0000
vn 0.9991 0.0420 -0.0000
vn 0.0322 -0.9995 -0.0000
vn 0.9793 0.2023 -0.0000
vn -0.6433 -0.7656 -0.0000
vn 0.6162 0.7876 -0.0000
vn -0.9044 -0.4267 -0.0000
vn -0.5346 -0.8451 -0.0000
vn -1.0000 -0.0000 -0.0000
vn 0.8839 0.4676 -0.0000
vn -0.6022 -0.7983 -0.0000
vn 0.9693 0.2457 -0.0000
vn -0.9949 -0.1005 -0.0000
vn 0.4528 0.8916 -0.0000
vn 0.7010 -0.7131 -0.0000
vn 0.9936 -0.1131 -0.0000
vn -0.6377 -0.7703 -0.0000
vn 0.2065 0.9785 -0.0000
vn -0.1273 0.9919 -0.0000
vn -0.9989 -0.0465 -0.0000
vn 1.0000 -0.0000 -0.0000
vn -0.9397 -0.3421 -0.0000
vn 0.0500 -0.9988 -0.0000
vn -0.8295 -0.5585 -0.0000
vn 1.0000 0.0053 -0.0000
vn -0.3560 -0.9345 -0.0000
vn 0.9257 0.3781 -0.0000
vn 0.9563 -0.2922 -0.0000
vn 0.4024 0.9155 -0.0000
vn -0.9988 -0.0480 -0.0000
vn 0.2657 0.9640 -0.0000
vn -0.0253 -0.9997 -0.0000
vn -0.4528 0.8916 -0.0000
vn 0.9896 0.1435 -0.0000
vn -0.7511 0.6602 -0.0000
vn 0.0149 -0.9999 -0.0000
vn 0.3978 0.9175 -0.0000
vn 0.5341 -0.8454 -0.0000
vn -0.1105 0.9939 -0.0000
vn -0.9389 -0.3441 -0.0000
vn 0.6675 0.7446 -0.0000
vn -0.8449 0.5349 -0.0000
vn -0.7268 -0.6869 -0.0000
vn 0.0431 0.9991 -0.0000
vn -0.3491 -0.9371 -0.0000
vn 0.8347 0.5507 -0.0000
vn -0.9992 -0.0391 -0.0000
vn -0.7302 -0.6833 -0.0000
vn 0.9994 -0.0347 -0.0000
vn -0.0208 0.9998 -0.0000
vn -0.2558 -0.9667 -0.0000
vn 0.0892 0.9960 -0.0000
vn 0.7003 -0.7138 -0.0000
vn -0.9999 0.0156 -0.0000
vn -0.1835 -0.9830 -0.0000
vn 0.3850 -0.9229 -0.0000
vn -0.0537 0.9986 -0.0000
vn -0.6707 -0.7418 -0.0000
vn 0.4886 -0.8725 -0.0000
vn 0.0336 0.9994 -0.0000
vn -0.0528 -0.9986 -0.0000
vn -0.0043 1.0000 -0.0000
vn 0.7270 -0.6866 -0.0000
vn -0.7860 -0.6183 -0.0000
vn 0.9988 -0.0486 -0.0000
vn -0.3657 -0.9307 -0.0000
vn 0.8396 0.5432 -0.0000
vn 0.0272 -0.9996 -0.0000
vn -0.0399 -0.9992 -0.0000
vn 0.7602 0.6497 -0.0000
vn -0.8616 -0.5075 -0.0000
vn -0.0085 -1.0000 -0.0000
vn 0.1326 0.9912 -0.0000
vn 0.7427 0.6696 -0.0000
vn 0.8322 -0.5545 -0.0000
vn -0.5632 0.8263 -0.0000
vn -0.1080 0.9942 -0.0000
vn -0.9119 -0.4105 -0.0000
vn 0.0572 -0.9984 -0.0000
vn 0.0123 0.9999 -0.0000
vn -0.9998 -0.0180 -0.0000
vn 0.4695 0.8829 -0.0000
vn -0.1210 -0.9927 -0.0000
vn -0.6614 -0.7500 -0.0000
vn -0.0078 1.0000 -0.0000
vn -0.4171 -0.9088 -0.0000
vn 0.8780 0.4787 -0.0000
vn -0.7697 -0.6384 -0.0000
vn -0.4883 0.8727 -0.0000
vn -0.4784 -0.8781 -0.0000
vn -0.8481 0.5298 -0.0000
vn 0.9481 -0.3180 -0.0000
vn 0.1559 -0.9878 -0.0000
vn 0.8414 -0.5404 -0.0000
vn -0.8860 -0.4636 -0.0000
vn 0.9163 0.4006 -0.0000
vn -0.9991 0.0426 -0.0000
vn -0.8430 0.5379 -0.0000
vn -0.2454 -0.9694 -0.0000
vn 0.9989 -0.0462 -0.0000
vn 0.8493 0.5280 -0.0000
vn -0.0113 -0.9999 -0.0000
vn -0.8977 -0.4406 -0.0000
vn -0.0227 0.9997 -0.0000
vn 0.9997 0.0236 -0.0000
vn 0.8577 -0.5141 -0.0000
vn -0.9788 -0.2048 -0.0000
vn -0.8624 -0.5063 -0.0000
vn 0.5656 -0.8246 -0.0000
vn -0.1668 0.9860 -0.0000
vn -0.5779 0.8161 -0.0000
vn 0.8800 -0.4749 -0.0000
vn 0.9863 0.1652 -0.0000
vn 0.1176 0.9931 -0.0000
vn -0.8813 0.4726 -0.0000
vn 0.9672 0.2539 -0.0000
vn -0.9588 -0.2841 -0.0000
vn -0.8452 -0.5345 -0.0000
vn -0.0561 0.9984 -0.0000
vn -0.9550 -0.2965 -0.0000
vn 0.6404 0.7681 -0.0000
vn 0.0380 0.9993 -0.0000
vn 0.1014 0.9948 -0.0000
vn -0.8145 -0.5802 -0.0000
vn 0.0032 1.0000 -0.0000
vn -0.6439 0.7651 -0.0000
vn 0.0093 1.0000 -0.0000
vn -0.0766 0.9971 -0.0000
vn 0.0825 -0.9966 -0.0000
vn -0.9994 -0.0348 -0.0000
vn 0.0151 0.9999 -0.0000
vn 0.6437 -0.7652 -0.0000
vn -0.0405 -0.9992 -0.0000
vn 0.1485 0.9889 -0.0000
vn -0.0907 -0.9959 -0.0000
vn -0.0171 -0.9999 -0.0000
vn -0.1333 -0.9911 -0.0000
vn -0.3959 -0.9183 -0.0000
vn 0.2849 -0.9586 -0.0000
vn -0.0073 -1.0000 -0.0000
vn -0.0514 -0.9987 -0.0000
vn 0.6044 -0.7967 -0.0000
vn 0.9919 -0.1270 -0.0000
vn -0.1440 -0.9896 -0.0000
vn -0.0998 0.9950 -0.0000
vn 0.0544 -0.9985 -0.0000
vn -0.1539 0.9881 -0.0000
vn 0.9998 -0.0222 -0.0000
vn -0.9980 -0.0634 -0.0000
vn -0.0267 0.9996 -0.0000
vn -0.0718 0.9974 -0.0000
vn 0.0104 -0.9999 -0.0000
vn -0.5636 0.8260 -0.0000
vn 0.9985 -0.0553 -0.0000
vn 0.1363 -0.9907 -0.0000
vn -0.0513 -0.9987 -0.0000
vn -0.8695 -0.4939 -0.0000
vn 0.3303 0.9439 -0.0000
vn 0.4233 0.9060 -0.0000
vn 0.1657 0.9862 -0.0000
vn 0.4893 -0.8721 -0.0000
vn 0.8172 0.5763 -0.0000
vn 0.0719 0.9974 -0.0000
vn -0.0039 -1.0000 -0.0000
vn 0.1110 0.9938 -0.0000
vn -0.9976 0.0692 -0.0000
vn -0.9985 0.0553 -0.0000
vn -0.0598 0.9982 -0.0000
vn -0.7554 -0.6553 -0.0000
vn -0.5007 0.8656 -0.0000
vn 0.0164 0.9999 -0.0000
vn -0.0206 0.9998 -0.0000
vn -0.1322 -0.9912 -0.0000
vn 0.6438 -0.7652 -0.0000
vn 0.6461 0.7633 -0.0000
vn -0.9883 -0.1527 -0.0000
vn 0.4012 0.9160 -0.0000
vn -0.5929 -0.8052 -0.0000
vn -0.9909 -0.1343 -0.0000
vn 0.9127 -0.4086 -0.0000
vn 0.4472 0.8944 -0.0000
vn 0.5282 0.8491 -0.0000
vn -0.3075 -0.9516 -0.0000
vn 1.0000 0.0083 -0.0000
vn 0.9992 -0.0410 -0.0000
vn 0.0361 -0.9994 -0.0000
vn -0.2995 0.9541 -0.0000
vn -0.9990 -0.0454 -0.0000
vn -0.5217 -0.8531 -0.0000
vn -0.0761 -0.9971 -0.0000
vn -0.7351 -0.6779 -0.0000
vn -0.6625 -0.7490 -0.0000
vn 0.9999 -0.0146 -0.0000
vn -0.3717 -0.9283 -0.0000
vn -0.0819 -0.9966 -0.0000
vn 0.9878 0.1555 -0.0000
vn -0.9998 0.0207 -0.0000
vn -0.6842 -0.7293 -0.0000
vn 0.1091 -0.9940 -0.0000
vn 0.4188 0.9081 -0.0000
vn -0.1242 0.9923 -0.0000
vn 0.7787 -0.6274 -0.0000
vn -0.5607 -0.8280 -0.0000
vn 0.9947 -0.1028 -0.0000
vn -0.4806 -0.8769 -0.0000
vn 0.1552 -0.9879 -0.0000
vn -0.9877 0.1563 -0.0000
vn -0.3902 -0.9207 -0.0000
vn 0.7074 0.7068 -0.0000
vn -0.9948 -0.1020 -0.0000
vn -0.7432 -0.6690 -0.0000
vn 0.0439 0.9990 -0.0000
vn 0.1045 -0.9945 -0.0000
vn 0.9895 -0.1448 -0.0000
vn -0.9367 -0.3501 -0.0000
vn -0.1153 0.9933 -0.0000
vn 0.2145 0.9767 -0.0000
vn -0.6684 0.7438 -0.0000
vn 0.0865 0.9963 -0.0000
vn 0.5953 0.8035 -0.0000
vn 0.0459 0.9989 -0.0000
vn -0.9999 -0.0106 -0.0000
vn 0.8564 0.5163 -0.0000
vn 0.4029 -0.9152 -0.0000
vn 1.0000 -0.0082 -0.0000
vn -0.5813 0.8137 -0.0000
vn -0.3608 -0.9327 -0.0000
vn -0.0308 0.9995 -0.0000
vn -0.9577 0.2877 -0.0000
vn -0.1613 -0.9869 -0.0000
vn 0.9967 0.0813 -0.0000
vn -0.7644 -0.6448 -0.0000
vn -0.6961 -0.7180 -0.0000
vn 0.6940 -0.7199 -0.0000
vn -0.1002 -0.9950 -0.0000
vn -0.9968 -0.0800 -0.0000
vn -0.5155 -0.8569 -0.0000
vn 0.9999 0.0103 -0.0000
vn 0.9342 -0.3567 -0.0000
vn -0.6288 -0.7775 -0.0000
vn -0.6236 -0.7817 -0.0000
vn -0.9595 0.2816 -0.0000
vn 0.8876 0.4606 -0.0000
vn -0.0800 -0.9968 -0.0000
vn 0.8448 -0.5351 -0.0000
vn 0.9989 0.0466 -0.0000
vn -0.8994 -0.4372 -0.0000
vn -0.9612 0.2757 -0.0000
vn 0.9627 -0.2704 -0.0000
vn -0.6552 -0.7555 -0.0000
vn 0.9825 -0.1861 -0.0000
vn -0.9962 0.0875 -0.0000
vn -0.5896 0.8077 -0.0000
vn -0.0442 0.9990 -0.0000
vn -0.9718 -0.2358 -0.0000
vn 0.9967 -0.0816 -0.0000
vn 0.6855 0.7280 -0.0000
vn -0.6782 -0.7349 -0.0000
vn 0.0512 0.9987 -0.0000
vn 0.1743 0.9847 -0.0000
vn -0.9997 -0.0250 -0.0000
vn 0.0285 0.9996 -0.0000
vn 0.7071 0.7071 -0.0000
vn 0.9807 0.1954 -0.0000
vn -0.7505 -0.6609 -0.0000
vn -0.6908 -0.7230 -0.0000
vn 0.2614 0.9652 -0.0000
vn -0.0553 -0.9985 -0.0000
vn 0.1578 0.9875 -0.0000
vn 0.6604 0.7509 -0.0000
vn -0.0258 0.9997 -0.0000
vn -0.0030 -1.0000 -0.0000
vn 0.0657 0.9978 -0.0000
vn 0.7333 -0.6799 -0.0000
vn -0.1546 0.9880 -0.0000
vn -0.0962 -0.9954 -0.0000
vn -0.8503 0.5264 -0.0000
vn 0.0416 -0.9991 -0.0000
vn -0.0599 0.9982 -0.0000
vn -0.1373 0.9905 -0.0000
vn 0.0679 0.9977 -0.0000
vn 0.0565 -0.9984 -0.0000
vn 0.0133 0.9999 -0.0000
vn 0.0563 -0.9984 -0.0000
vn 0.4207 -0.9072 -0.0000
vn 0.0213 -0.9998 -0.0000
vn -0.5386 -0.8426 -0.0000
vn 0.8184 -0.5747 -0.0000
vn -0.5014 0.8652 -0.0000
vn -0.2284 -0.9736 -0.0000
vn 0.8207 -0.5714 -0.0000
vn -0.8553 0.5181 -0.0000
vn -0.9600 0.2798 -0.0000
vn -0.1405 -0.9901 -0.0000
vn -0.8523 0.5231 -0.0000
vn 0.8443 -0.5358 -0.0000
vn 0.1912 -0.9816 -0.0000
vn 0.9990 0.0447 -0.0000
vn -0.7213 -0.6927 -0.0000
vn 0.0450 -0.9990 -0.0000
vn -0.0532 -0.9986 -0.0000
vn -0.0308 -0.9995 -0.0000
vn -0.3618 0.9323 -0.0000
vn 0.8745 -0.4850 -0.0000
vn -0.9949 -0.1010 -0.0000
vn 0.9638 -0.2667 -0.0000
vn 0.7090 0.7052 -0.0000
vn 0.9054 -0.4245 -0.0000
vn 0.0108 -0.9999 -0.0000
vn 0.9945 -0.1043 -0.0000
vn 0.6482 0.7615 -0.0000
vn -0.9408 0.3390 -0.0000
vn -0.7785 -0.6276 -0.0000
vn 0.0457 0.9990 -0.0000
vn 0.9163 0.4005 -0.0000
vn -0.9998 -0.0189 -0.0000
vn 0.9996 -0.0284 -0.0000
vn -0.9982 -0.0594 -0.0000
vn 0.5521 -0.8338 -0.0000
vn -0.0396 0.9992 -0.0000
vn -0.9741 -0.2260 -0.0000
vn 0.0141 0.9999 -0.0000
vn -0.9130 0.4080 -0.0000
vn -0.9993 -0.0363 -0.0000
vn 0.9993 -0.0381 -0.0000
vn 0.6090 0.7932 -0.0000
vn -0.0261 -0.9997 -0.0000
vn -1.0000 0.0096 -0.0000
vn 0.7752 0.6317 -0.0000
vn -0.0798 0.9968 -0.0000
vn -0.8732 -0.4873 -0.0000
vn -0.0058 1.0000 -0.0000
vn -0.6348 -0.7726 -0.0000
vn 0.9358 -0.3526 -0.0000
vn 0.9988 -0.0489 -0.0000
vn 0.5164 0.8563 -0.0000
vn -0.0133 0.9999 -0.0000
vn -0.2602 0.9655 -0.0000
vn -0.0631 -0.9980 -0.0000
vn -0.9998 0.0178 -0.0000
vn 0.8224 0.5689 -0.0000
vn 0.0797 0.9968 -0.0000
vn 0.9970 0.0769 -0.0000
vn 0.7745 -0.6326 -0.0000
vn -0.0897 0.9960 -0.0000
vn -0.6148 -0.7887 -0.0000
vn -0.0179 -0.9998 -0.0000
vn 0.2263 0.9741 -0.0000
vn -0.5091 -0.8607 -0.0000
vn 0.2714 -0.9625 -0.0000
vn -0.9981 0.0610 -0.0000
vn -0.9941 -0.1081 -0.0000
vn 0.9163 -0.4006 -0.0000
vn -0.0391 -0.9992 -0.0000
vn -0.0397 -0.9992 -0.0000
vn -0.4591 0.8884 -0.0000
vn -0.9973 -0.0731 -0.0000
vn 0.6628 0.7488 -0.0000
vn 0.9976 -0.0689 -0.0000
vn 0.9969 -0.0786 -0.0000
vn -0.7814 -0.6240 -0.0000
vn 0.1810 -0.9835 -0.0000
vn 0.9998 0.0198 -0.0000
vn -0.9999 -0.0117 -0.0000
vn -0.8102 -0.5862 -0.0000
vn 0.9702 0.2424 -0.0000
vn -0.9997 -0.0260 -0.0000
vn 1.0000 -0.0052 -0.0000
vn 0.2106 -0.9776 -0.0000
vn -0.9993 0.0365 -0.0000
vn 0.9658 0.2592 -0.0000
vn -0.0673 -0.9977 -0.0000
vn -0.6383 0.7697 -0.0000
vn -0.9744 -0.2246 -0.0000
vn 0.9977 -0.0678 -0.0000
vn -0.9667 0.2559 -0.0000
vn 0.5859 -0.8104 -0.0000
vn 0.7706 0.6373 -0.0000
vn 0.9125 0.4092 -0.0000
vn 0.9261 0.3774 -0.0000
vn -0.9852 -0.1712 -0.0000
vn -0.7953 -0.6062 -0.0000
vn -0.9007 -0.4345 -0.0000
vn -0.9846 -0.1748 -0.0000
vn -0.7570 0.6534 -0.0000
vn -0.0650 0.9979 -0.0000
vn -0.0616 0.9981 -0.0000
vn 0.0802 0.9968 -0.0000
vn 0.8953 0.4455 -0.0000
vn -0.0199 0.9998 -0.0000
vn 0.8593 -0.5114 -0.0000
vn 0.4892 -0.8722 -0.0000
vn 0.0147 0.9999 -0.0000
vn -0.5074 0.8617 -0.0000
vn -0.1308 0.9914 -0.0000
vn -0.2545 -0.9671 -0.0000
vn -0.2283 -0.9736 -0.0000
vn -0.1667 0.9860 -0.0000
vn -0.2827 0.9592 -0.0000
vn 0.3271 0.9450 -0.0000
vn -0.0857 0.9963 -0.0000
vn -0.0268 -0.9996 -0.0000
vn -0.8164 0.5775 -0.0000
vn 0.9609 0.2770 -0.0000
vn -0.8535 0.5211 -0.0000
vn 0.1306 -0.9914 -0.0000
vn 0.2972 0.9548 -0.0000
vn -0.4605 0.8877 -0.0000
vn 0.1479 0.9890 -0.0000
vn 0.9665 -0.2567 -0.0000
vn 0.0682 0.9977 -0.0000
vn -0.9797 0.2004 -0.0000
vn 0.2255 0.9742 -0.0000
vn -0.0701 0.9975 -0.0000
vn -0.4953 -0.8687 -0.0000
vn 0.0068 1.0000 -0.0000
vn 0.0667 -0.9978 -0.0000
vn 0.9872 0.1594 -0.0000
vn -0.1243 -0.9922 -0.0000
vn 0.3919 0.9200 -0.0000
vn -0.9709 -0.2396 -0.0000
vn -0.8222 0.5691 -0.0000
vn -0.7933 -0.6088 -0.0000
vn 0.2919 0.9565 -0.0000
vn -0.0739 -0.9973 -0.0000
vn -0.8400 0.5426 -0.0000
vn 0.7365 -0.6765 -0.0000
vn -0.6571 -0.7538 -0.0000
vn -0.8307 0.5567 -0.0000
vn -0.4178 0.9085 -0.0000
vn -0.0820 -0.9966 -0.0000
vn 0.1815 0.9834 -0.0000
vn -0.6828 -0.7306 -0.0000
vn 0.8588 -0.5123 -0.0000
vn 0.8565 -0.5162 -0.0000
vn 0.9978 -0.0665 -0.0000
vn 0.0747 0.9972 -0.0000
vn -0.8723 0.4890 -0.0000
vn 0.7075 0.7067 -0.0000
vn 0.8712 -0.4910 -0.0000
vn 0.0510 0.9987 -0.0000
vn -0.0393 0.9992 -0.0000
vn 0.0784 0.9969 -0.0000
vn -0.8696 0.4937 -0.0000
vn 0.0835 0.9965 -0.0000
vn -0.0960 0.9954 -0.0000
vn 0.0961 0.9954 -0.0000
vn 0.0291 0.9996 -0.0000
vn -0.5810 0.8139 -0.0000
vn -0.0745 0.9972 -0.0000
vn 0.0809 0.9967 -0.0000
vn -0.2055 -0.9787 -0.0000
vn -0.2873 -0.9578 -0.0000
vn 0.0307 0.9995 -0.0000
vn 0.0339 0.9994 -0.0000
vn -0.1232 -0.9924 -0.0000
vn -0.5271 0.8498 -0.0000
vn 0.5098 -0.8603 -0.0000
vn -0.0051 1.0000 -0.0000
vn -0.9561 0.2930 -0.0000
vn -0.0366 -0.9993 -0.0000
vn -0.0638 -0.9980 -0.0000
vn -0.6796 -0.7335 -0.0000
vn -0.9997 -0.0256 -0.0000
vn -0.0373 -0.9993 -0.0000
vn 0.0190 -0.9998 -0.0000
vn 0.9573 -0.2892 -0.0000
vn -0.9999 -0.0171 -0.0000
vn -0.0198 -0.9998 -0.0000
vn -0.9600 0.2799 -0.0000
vn 0.5180 -0.8554 -0.0000
vn -0.9301 -0.3672 -0.0000
vn -0.0041 -1.0000 -0.0000
vn 0.5519 0.8339 -0.0000
vn 0.9995 -0.0306 -0.0000
vn -0.0450 0.9990 -0.0000
vn -0.3689 -0.9295 -0.0000
vn 0.9614 -0.2750 -0.0000
vn -0.6950 0.7190 -0.0000
vn -0.0406 -0.9992 -0.0000
vn -0.9965 -0.0833 -0.0000
vn -0.7436 -0.6686 -0.0000
vn 0.9447 0.3281 -0.0000
vn 0.9982 -0.0608 -0.0000
vn -0.9343 -0.3564 -0.0000
vn 0.1521 0.9884 -0.0000
vn 0.9994 0.0357 -0.0000
vn -0.7018 0.7124 -0.0000
vn 0.6795 0.7337 -0.0000
vn -0.9989 0.0468 -0.0000
vn -0.9998 -0.0173 -0.0000
vn 0.0098 1.0000 -0.0000
vn 0.9854 -0.1701 -0.0000
vn 0.9995 0.0304 -0.0000
vn 0.7331 -0.6801 -0.0000
vn 0.6625 0.7491 -0.0000
vn -0.9977 -0.0684 -0.0000
vn -0.9440 -0.3298 -0.0000
vn -0.9855 -0.1700 -0.0000
vn -0.9936 -0.1126 -0.0000
vn 0.6290 -0.7774 -0.0000
vn -0.1065 -0.9943 -0.0000
vn 0.9998 -0.0202 -0.0000
vn 0.9475 0.3197 -0.0000
vn -1.0000 0.0067 -0.0000
vn 0.9968 -0.0804 -0.0000
vn -0.8245 -0.5659 -0.0000
vn -0.9994 -0.0353 -0.0000
vn 0.7341 0.6791 -0.0000
vn 0.9996 -0.0271 -0.0000
vn -0.9970 0.0776 -0.0000
vn 0.9999 0.0158 -0.0000
vn -0.9998 -0.0215 -0.0000
vn -0.3867 0.9222 -0.0000
vn 0.9983 0.0586 -0.0000
vn 0.9637 0.2668 -0.0000
vn -0.8527 -0.5225 -0.0000
vn 0.0741 0.9973 -0.0000
vn 0.9998 0.0182 -0.0000
vn 0.9821 -0.1886 -0.0000
vn 0.6562 0.7546 -0.0000
vn -0.8187 0.5742 -0.0000
vn 0.5463 0.8376 -0.0000
vn 0.7366 0.6763 -0.0000
vn -0.7271 -0.6865 -0.0000
vn -0.7181 -0.6960 -0.0000
vn -0.9878 -0.1555 -0.0000
vn -0.8899 0.4562 -0.0000
vn 0.4226 -0.9063 -0.0000
vn -0.0268 0.9996 -0.0000
vn 0.9053 -0.4248 -0.0000
vn 0.0049 1.0000 -0.0000
vn -0.9373 0.3486 -0.0000
vn -0.0358 0.9994 -0.0000
vn -0.9705 0.2410 -0.0000
vn 0.9947 -0.1026 -0.0000
vn 0.9932 -0.1168 -0.0000
vn 0.6992 -0.7149 -0.0000
vn 0.3773 0.9261 -0.0000
vn 0.9985 0.0543 -0.0000
vn -0.1449 -0.9894 -0.0000
vn -0.0503 0.9987 -0.0000
vn -0.9719 -0.2355 -0.0000
vn 0.7936 -0.6085 -0.0000
vn 0.9747 0.2237 -0.0000
vn -0.9666 -0.2562 -0.0000
vn 0.2330 0.9725 -0.0000
vn -0.6696 0.7427 -0.0000
vn 0.9405 -0.3398 -0.0000
vn -0.0833 0.9965 -0.0000
vn 0.1610 -0.9869 -0.0000
vn -0.1445 -0.9895 -0.0000
vn 0.0553 0.9985 -0.0000
vn -0.0885 -0.9961 -0.0000
vn 0.7510 0.6603 -0.0000
vn -0.0040 1.0000 -0.0000
vn -0.0207 -0.9998 -0.0000
vn 0.0651 0.9979 -0.0000
vn 0.0881 0.9961 -0.0000
vn 0.0071 -1.0000 -0.0000
vn 0.1032 0.9947 -0.0000
vn -0.4784 0.8782 -0.0000
vn -0.7725 0.6350 -0.0000
vn 0.0549 0.9985 -0.0000
vn -0.2527 -0.9675 -0.0000
vn 0.7550 -0.6557 -0.0000
vn -0.1893 -0.9819 -0.0000
vn 0.4585 -0.8887 -0.0000
vn 0.0687 -0.9976 -0.0000
vn -0.7087 -0.7056 -0.0000
vn -0.1620 -0.9868 -0.0000
vn -0.8351 0.5501 -0.0000
vn -0.0019 -1.0000 -0.0000
vn -0.1182 -0.9930 -0.0000
vn 0.5975 -0.8019 -0.0000
vn -0.1058 -0.9944 -0.0000
vn 0.0358 -0.9994 -0.0000
vn -0.0418 -0.9991 -0.0000
vn 0.8193 -0.5734 -0.0000
vn 0.7351 -0.6780 -0.0000
vn 0.7880 0.6156 -0.0000
vn -0.7395 -0.6731 -0.0000
vn 0.0022 -1.0000 -0.0000
vn 0.8622 -0.5066 -0.0000
vn 0.5981 -0.8014 -0.0000
vn -0.8672 0.4979 -0.0000
vn 0.6295 -0.7770 -0.0000
vn -0.8649 0.5019 -0.0000
vn -0.8294 0.5586 -0.0000
vn -0.9969 0.0792 -0.0000
vn -0.8262 -0.5633 -0.0000
vn 0.8325 0.5540 -0.0000
vn 0.9968 -0.0798 -0.0000
vn -0.2777 0.9607 -0.0000
vn 0.8784 -0.4778 -0.0000
vn 0.8978 0.4404 -0.0000
vn 0.3325 -0.9431 -0.0000
vn -1.0000 -0.0037 -0.0000
vn -0.0848 0.9964 -0.0000
vn 0.8226 -0.5687 -0.0000
vn 0.0269 0.9996 -0.0000
vn -0.8119 -0.5838 -0.0000
vn 0.9868 -0.1620 -0.0000
vn -0.9973 -0.0734 -0.0000
vn -0.0144 0.9999 -0.0000
vn 0.9991 -0.0430 -0.0000
vn -0.5870 0.8096 -0.0000
vn -0.8935 -0.4491 -0.0000
vn -0.9998 -0.0175 -0.0000
vn 0.5369 0.8436 -0.0000
vn 0.9997 -0.0253 -0.0000
vn -0.0352 -0.9994 -0.0000
vn -0.9995 -0.0323 -0.0000
vn -0.0550 0.9985 -0.0000
vn 0.9997 0.0264 -0.0000
vn 0.8114 0.5845 -0.0000
vn -0.2093 0.9779 -0.0000
vn -0.7481 -0.6636 -0.0000
vn -1.0000 -0.0036 -0.0000
vn 0.7738 -0.6335 -0.0000
vn 0.4272 0.9041 -0.0000
vn 0.5976 -0.8018 -0.0000
vn 0.9853 -0.1706 -0.0000
vn 0.7754 0.6315 -0.0000
vn -0.0353 -0.9994 -0.0000
vn -0.5426 -0.8400 -0.0000
vn 0.3432 0.9393 -0.0000
vn -0.3939 0.9192 -0.0000
vn -0.9991 0.0412 -0.0000
vn 0.9996 0.0282 -0.0000
vn -0.4374 0.8993 -0.0000
vn -0.4991 -0.8665 -0.0000
vn 0.3292 0.9443 -0.0000
vn 0.0350 -0.9994 -0.0000
vn 0.8862 -0.4632 -0.0000
vn 0.2138 -0.9769 -0.0000
vn 0.2322 -0.9727 -0.0000
vn 0.0121 0.9999 -0.0000
vn -0.9805 -0.1964 -0.0000
vn -0.6032 -0.7976 -0.0000
vn -0.9997 0.0238 -0.0000
vn 0.9667 -0.2560 -0.0000
vn 0.8590 0.5120 -0.0000
vn -0.6044 0.7967 -0.0000
vn -0.5024 -0.8647 -0.0000
vn -0.3247 0.9458 -0.0000
vn 0.9970 -0.0774 -0.0000
vn 0.9907 -0.1357 -0.0000
vn -0.0563 -0.9984 -0.0000
vn -0.9969 -0.0782 -0.0000
vn 0.6193 -0.7851 -0.0000
vn -0.0851 0.9964 -0.0000
vn -0.7148 0.6993 -0.0000
vn 0.9999 -0.0116 -0.0000
vn 0.7079 -0.7063 -0.0000
vn -0.9291 0.3698 -0.0000
vn -1.0000 0.0001 -0.0000
vn -0.9688 -0.2480 -0.0000
vn -0.7909 -0.6119 -0.0000
vn 0.9743 0.2254 -0.0000
vn 0.7711 0.6368 -0.0000
vn 0.1692 0.9856 -0.0000
vn 0.9994 -0.0350 -0.0000
vn 0.0735 0.9973 -0.0000
vn -0.1128 0.9936 -0.0000
vn -0.9978 0.0658 -0.0000
vn 0.6440 0.7650 -0.0000
vn -0.4992 -0.8665 -0.0000
vn -0.1095 0.9940 -0.0000
vn 0.9546 0.2979 -0.0000
vn -0.0299 0.9996 -0.0000
vn 0.2809 -0.9598 -0.0000
vn 0.9669 -0.2551 -0.0000
vn 0.8257 -0.5641 -0.0000
vn -0.8806 0.4738 -0.0000
vn -0.0742 -0.9972 -0.0000
vn 0.6219 0.7831 -0.0000
vn 0.0374 -0.9993 -0.0000
vn 0.6878 -0.7259 -0.0000
vn -0.7857 -0.6186 -0.0000
vn 0.8984 0.4391 -0.0000
vn -0.6098 -0.7925 -0.0000
vn -0.8958 -0.4444 -0.0000
vn 0.3251 0.9457 -0.0000
vn 0.2561 -0.9666 -0.0000
vn 0.4606 0.8876 -0.0000
vn 0.4065 0.9137 -0.0000
vn -0.9222 0.3867 -0.0000
vn -0.2168 0.9762 -0.0000
vn -0.1065 0.9943 -0.0000
vn 0.9260 -0.3775 -0.0000
vn -0.3813 -0.9244 -0.0000
vn 0.2267 0.9740 -0.0000
vn -0.7229 0.6910 -0.0000
vn 0.9963 0.0858 -0.0000
vn -0.8177 -0.5756 -0.0000
vn -0.9715 -0.2371 -0.0000
vn 0.7047 0.7095 -0.0000
vn 0.1722 -0.9851 -0.0000
vn 0.3960 0.9182 -0.0000
vn 0.1188 -0.9929 -0.0000
vn -0.9680 -0.2508 -0.0000
vn -0.3561 -0.9345 -0.0000
vn 0.7282 -0.6853 -0.0000
vn 0.2500 0.9682 -0.0000
vn 0.9719 0.2354 -0.0000
vn -0.6949 -0.7191 -0.0000
vn 0.1084 0.9941 -0.0000
vn 0.2195 0.9756 -0.0000
vn -0.9056 0.4242 -0.0000
vn 0.0599 0.9982 -0.0000
vn -0.6911 -0.7228 -0.0000
vn 0.9969 -0.0793 -0.0000
vn -0.0964 0.9953 -0.0000
vn 0.7047 -0.7095 -0.0000
vn -0.0120 0.9999 -0.0000
vn -0.4663 0.8847 -0.0000
vn 0.2879 -0.9577 -0.0000
vn 0.0494 0.9988 -0.0000
vn 0.8728 0.4880 -0.0000
vn -0.1108 -0.9938 -0.0000
vn -0.8003 -0.5996 -0.0000
vn -0.0122 0.9999 -0.0000
vn 0.8200 -0.5724 -0.0000
vn -0.0814 -0.9967 -0.0000
vn -0.2656 -0.9641 -0.0000
vn -0.1727 -0.9850 -0.0000
vn -0.3179 -0.9481 -0.0000
vn 0.0063 1.0000 -0.0000
vn 0.4739 -0.8806 -0.0000
vn -0.6447 -0.7645 -0.0000
vn 0.7616 0.6480 -0.0000
vn -0.0025 1.0000 -0.0000
vn -0.0663 -0.9978 -0.0000
vn -0.3717 -0.9284 -0.0000
vn -0.6805 -0.7328 -0.0000
vn -0.0473 -0.9989 -0.0000
vn -0.7002 -0.7139 -0.0000
vn 0.0314 -0.9995 -0.0000
vn 0.9403 -0.3403 -0.0000
vn -0.0029 -1.0000 -0.0000
vn -0.8268 -0.5626 -0.0000
vn -0.0611 0.9981 -0.0000
vn 0.9589 -0.2836 -0.0000
vn -0.1921 -0.9814 -0.0000
vn -0.3746 0.9272 -0.0000
vn -0.5903 0.8072 -0.0000
vn -0.6931 -0.7209 -0.0000
vn -0.4244 -0.9055 -0.0000
vn -0.7710 -0.6368 -0.0000
vn -0.9160 0.4013 -0.0000
vn -0.5064 -0.8623 -0.0000
vn -0.1258 -0.9921 -0.0000
vn -0.0032 -1.0000 -0.0000
vn 0.7780 0.6282 -0.0000
vn 0.9897 0.1434 -0.0000
vn -0.9999 -0.0108 -0.0000
vn 0.8882 0.4594 -0.0000
vn -0.9775 -0.2111 -0.0000
vn -0.9028 -0.4301 -0.0000
vn -0.9228 -0.3852 -0.0000
vn 0.1125 0.9937 -0.0000
vn -0.4317 0.9020 -0.0000
vn -0.9548 -0.2973 -0.0000
vn 0.6906 -0.7233 -0.0000
vn 0.1307 0.9914 -0.0000
vn 0.9539 0.3002 -0.0000
vn 0.9990 -0.0448 -0.0000
vn 0.7080 0.7062 -0.0000
vn -0.6211 -0.7837 -0.0000
vn -0.9998 0.0210 -0.0000
vn -0.0386 0.9993 -0.0000
vn -0.0672 0.9977 -0.0000
vn 0.7789 -0.6272 -0.0000
vn -0.1877 0.9822 -0.0000
vn 0.0261 0.9997 -0.0000
vn -0.1185 -0.9930 -0.0000
vn -0.9604 0.2786 -0.0000
vn -0.0812 -0.9967 -0.0000
vn 0.0611 -0.9981 -0.0000
vn 0.9622 -0.2724 -0.0000
vn 0.8541 0.5200 -0.0000
vn 0.5333 0.8459 -0.0000
vn -0.7321 -0.6812 -0.0000
vn 0.9988 -0.0481 -0.0000
vn -0.3579 0.9338 -0.0000
vn -0.0451 -0.9990 -0.0000
vn -0.8549 0.5189 -0.0000
vn 0.0194 -0.9998 -0.0000
vn -0.1269 0.9919 -0.0000
vn 0.4610 -0.8874 -0.0000
vn 0.9565 -0.2918 -0.0000
vn -0.8485 -0.5292 -0.0000
vn 0.0163 -0.9999 -0.0000
vn 0.1139 0.9935 -0.0000
vn 0.0586 -0.9983 -0.0000
vn 0.9976 -0.0690 -0.0000
vn 0.1311 -0.9914 -0.0000
vn -0.8603 -0.5098 -0.0000
vn 0.6695 0.7428 -0.0000
vn 0.2584 -0.9660 -0.0000
vn -0.9986 -0.0530 -0.0000
vn 0.8349 0.5503 -0.0000
vn -0.0917 0.9958 -0.0000
vn -0.2075 -0.9782 -0.0000
vn 0.8387 0.5446 -0.0000
vn 0.4301 0.9028 -0.0000
vn 0.6719 0.7406 -0.0000
vn -0.5155 0.8569 -0.0000
vn -0.4978 -0.8673 -0.0000
vn 0.0695 0.9976 -0.0000
vn 0.4067 0.9135 -0.0000
vn 0.4045 -0.9145 -0.0000
vn -0.9623 -0.2722 -0.0000
vn 0.3962 0.9182 -0.0000
vn -0.1327 -0.9912 -0.0000
vn 0.4582 -0.8888 -0.0000
vn 0.6775 0.7355 -0.0000
vn -0.0445 -0.9990 -0.0000
vn -0.5849 0.8111 -0.0000
vn -0.5958 0.8032 -0.0000
vn -0.7235 -0.6904 -0.0000
vn 0.6327 -0.7744 -0.0000
vn 0.5429 -0.8398 -0.0000
vn -0.3207 -0.9472 -0.0000
vn 0.9675 0.2527 -0.0000
vn 0.9898 0.1424 -0.0000
vn -0.9763 0.2165 -0.0000
vn -0.0402 -0.9992 -0.0000
vn -0.9466 -0.3224 -0.0000
vn 0.9703 -0.2421 -0.0000
vn 0.6596 -0.7517 -0.0000
vn -0.4406 0.8977 -0.0000
vn 0.9909 0.1344 -0.0000
vn -0.5249 0.8511 -0.0000
vn 0.6573 0.7536 -0.0000
vn 0.4117 0.9113 -0.0000
vn -0.9973 -0.0737 -0.0000
vn -0.9042 -0.4271 -0.0000
vn -0.4913 -0.8710 -0.0000
vn -0.3755 -0.9268 -0.0000
vn -0.2007 0.9796 -0.0000
vn 0.6882 -0.7255 -0.0000
vn 0.9927 0.1210 -0.0000
vn 0.2656 0.9641 -0.0000
vn -0.6222 -0.7829 -0.0000
vn -0.5738 -0.8190 -0.0000
vn -0.5288 -0.8488 -0.0000
vn 0.9873 -0.1589 -0.0000
vn -0.3967 -0.9180 -0.0000
vn -0.9995 0.0308 -0.0000
vn 0.7200 -0.6940 -0.0000
vn 0.1906 -0.9817 -0.0000
vn -0.9952 -0.0980 -0.0000
vn 0.3620 0.9322 -0.0000
vn -0.0449 -0.9990 -0.0000
vn -0.1155 0.9933 -0.0000
vn -0.1890 0.9820 -0.0000
vn -0.1429 0.9897 -0.0000
vn 0.9997 -0.0255 -0.0000
vn 0.0446 0.9990 -0.0000
vn -0.9891 -0.1470 -0.0000
vn 0.1630 -0.9866 -0.0000
vn -0.7535 -0.6574 -0.0000
vn -1.0000 -0.0032 -0.0000
vn 0.5513 0.8343 -0.0000
vn 0.1421 -0.9898 -0.0000
vn 0.1121 -0.9937 -0.0000
vn 0.9392 -0.3433 -0.0000
vn 0.3759 0.9267 -0.0000
vn 0.2315 0.9728 -0.0000
vn 0.9982 0.0604 -0.0000
vn 0.1823 0.9832 -0.0000
vn 0.0948 0.9955 -0.0000
vn 0.5924 -0.8057 -0.0000
vn 0.8268 -0.5625 -0.0000
vn 0.0759 0.9971 -0.0000
vn 0.0542 0.9985 -0.0000
vn -0.9948 -0.1023 -0.0000
vn -0.3246 -0.9459 -0.0000
vn 1.0000 0.0075 -0.0000
vn -0.4645 -0.8856 -0.0000
vn -0.0499 0.9988 -0.0000
vn -0.0214 0.9998 -0.0000
vn 0.9101 0.4145 -0.0000
vn -0.6756 -0.7373 -0.0000
vn 0.0262 0.9997 -0.0000
vn -0.1728 -0.9850 -0.0000
vn -0.1410 -0.9900 -0.0000
vn -0.8764 -0.4815 -0.0000
vn 0.0222 -0.9998 -0.0000
vn -0.6072 -0.7945 -0.0000
vn 0.9992 0.0390 -0.0000
vn -0.1052 -0.9945 -0.0000
vn 0.6515 0.7586 -0.0000
vn -0.0922 -0.9957 -0.0000
vn -0.6373 -0.7706 -0.0000
vn 0.6055 0.7959 -0.0000
vn 0.9965 0.0839 -0.0000
vn 0.0458 0.9990 -0.0000
vn -0.9581 0.2863 -0.0000
vn 0.0738 0.9973 -0.0000
vn -0.0778 -0.9970 -0.0000
vn -0.0808 -0.9967 -0.0000
vn 0.0804 0.9968 -0.0000
vn 0.0924 0.9957 -0.0000
vn -0.6677 -0.7444 -0.0000
vn 0.5547 -0.8320 -0.0000
vn -0.0814 0.9967 -0.0000
vn 0.0991 0.9951 -0.0000
vn 0.0594 0.9982 -0.0000
vn 0.0441 0.9990 -0.0000
vn -0.0389 0.9992 -0.0000
vn 0.2778 -0.9607 -0.0000
vn -0.1446 -0.9895 -0.0000
vn -0.1237 -0.9923 -0.0000
vn -0.0693 -0.9976 -0.0000
vn -0.6794 -0.7338 -0.0000
vn -0.0432 -0.9991 -0.0000
vn -0.1056 -0.9944 -0.0000
vn -0.6859 -0.7277 -0.0000
vn -0.6946 -0.7194 -0.0000
vn 0.9935 -0.1135 -0.0000
vn -0.5810 -0.8139 -0.0000
vn 0.7073 0.7069 -0.0000
vn -0.0645 -0.9979 -0.0000
vn 0.0166 0.9999 -0.0000
vn -0.0439 0.9990 -0.0000
vn -0.9958 -0.0920 -0.0000
vn -0.0089 -1.0000 -0.0000
vn 0.8755 0.4833 -0.0000
vn -0.7421 0.6702 -0.0000
vn -0.2638 0.9646 -0.0000
vn 1.0000 -0.0086 -0.0000
vn -0.9857 -0.1685 -0.0000
vn 0.0316 -0.9995 -0.0000
vn -1.0000 -0.0064 -0.0000
vn 0.2890 -0.9573 -0.0000
vn -0.8875 0.4609 -0.0000
vn 0.9124 -0.4093 -0.0000
vn -0.4274 -0.9040 -0.0000
vn -0.0417 -0.9991 -0.0000
vn 0.8092 0.5875 -0.0000
vn -0.4712 0.8820 -0.0000
vn -0.9588 0.2840 -0.0000
vn 0.0648 -0.9979 -0.0000
vn -0.5832 -0.8123 -0.0000
vn 0.1605 -0.9870 -0.0000
vn 0.7619 -0.6477 -0.0000
vn 0.9053 -0.4247 -0.0000
vn -0.7073 -0.7069 -0.0000
vn 0.8019 -0.5975 -0.0000
vn 0.5507 0.8347 -0.0000
vn 0.9931 -0.1171 -0.0000
vn -0.9957 -0.0927 -0.0000
vn -0.6068 -0.7949 -0.0000
vn -0.9588 0.2841 -0.0000
vn 0.8370 -0.5472 -0.0000
vn 0.9635 -0.2677 -0.0000
vn -0.8590 0.5120 -0.0000
vn 1.0000 -0.0047 -0.0000
vn -0.9603 0.2789 -0.0000
vn -0.8564 0.5162 -0.0000
vn -0.9993 -0.0381 -0.0000
vn 0.7084 0.7058 -0.0000
vn 0.9982 0.0592 -0.0000
vn 0.7126 0.7016 -0.0000
vn -0.6289 -0.7775 -0.0000
vn 0.1998 0.9798 -0.0000
vn 0.8711 -0.4912 -0.0000
vn -0.5218 -0.8531 -0.0000
vn 0.9997 0.0245 -0.0000
vn -0.4763 0.8793 -0.0000
vn 0.9632 -0.2686 -0.0000
vn -0.9999 -0.0143 -0.0000
vn 0.0461 0.9989 -0.0000
vn 0.8953 -0.4456 -0.0000
vn -0.9958 -0.0914 -0.0000
vn 0.7512 0.6600 -0.0000
vn -0.9059 0.4236 -0.0000
vn 0.9954 -0.0960 -0.0000
vn 0.6600 0.7512 -0.0000
vn 0.0501 0.9987 -0.0000
vn -0.9982 -0.0608 -0.0000
vn -0.7586 -0.6516 -0.0000
vn -0.6900 0.7238 -0.0000
vn 0.8211 -0.5708 -0.0000
vn 0.9519 -0.3064 -0.0000
vn -0.0314 0.9995 -0.0000
vn 0.9999 0.0115 -0.0000
vn -0.0866 -0.9962 -0.0000
vn 0.0965 0.9953 -0.0000
vn 0.0187 0.9998 -0.0000
vn -0.6302 -0.7764 -0.0000
vn -0.1690 0.9856 -0.0000
vn -0.9994 -0.0360 -0.0000
vn 0.8950 -0.4460 -0.0000
vn -0.9994 -0.0344 -0.0000
vn 0.9815 0.1914 -0.0000
vn 0.0716 -0.9974 -0.0000
vn 0.6657 0.7462 -0.0000
vn 0.1456 0.9894 -0.0000
vn -0.9555 -0.2951 -0.0000
vn 0.5720 -0.8202 -0.0000
vn -0.0297 -0.9996 -0.0000
vn 0.0364 -0.9993 -0.0000
vn 0.8041 0.5945 -0.0000
vn -0.1519 -0.9884 -0.0000
vn -0.7639 -0.6453 -0.0000
vn 0.8046 0.5938 -0.0000
vn 0.0854 0.9963 -0.0000
vn -0.6922 0.7217 -0.0000
vn -0.6008 0.7994 -0.0000
vn 0.3012 -0.9536 -0.0000
vn -0.0708 0.9975 -0.0000
vn -0.0578 0.9983 -0.0000
vn -0.8319 -0.5549 -0.0000
vn -0.0567 -0.9984 -0.0000
vn 0.0243 0.9997 -0.0000
vn -0.0125 0.9999 -0.0000
vn -0.3369 0.9416 -0.0000
vn 0.7306 -0.6828 -0.0000
vn 0.7460 0.6659 -0.0000
vn -0.6894 -0.7244 -0.0000
vn -0.0331 -0.9995 -0.0000
vn 0.7984 0.6021 -0.0000
vn 0.5874 0.8093 -0.0000
vn -0.8011 0.5985 -0.0000
vn -0.8176 0.5757 -0.0000
vn -0.6630 -0.7486 -0.0000
vn 0.0628 -0.9980 -0.0000
vn -0.9460 -0.3242 -0.0000
vn -0.0700 -0.9975 -0.0000
vn -0.8443 0.5359 -0.0000
vn 0.7129 -0.7013 -0.0000
vn 0.7521 -0.6591 -0.0000
vn -0.0240 -0.9997 -0.0000
vn -0.8374 0.5466 -0.0000
vn -0.9996 0.0270 -0.0000
vn -0.9800 0.1988 -0.0000
vn -0.9980 0.0626 -0.0000
vn 0.8497 -0.5273 -0.0000
vn 0.4130 -0.9107 -0.0000
vn -0.9706 -0.2406 -0.0000
vn 0.9399 0.3416 -0.0000
vn 0.8950 -0.4461 -0.0000
vn 0.9962 -0.0869 -0.0000
vn 0.8644 -0.5029 -0.0000
vn -0.3531 -0.9356 -0.0000
vn -0.4717 0.8818 -0.0000
vn -0.9952 -0.0976 -0.0000
vn -0.3939 -0.9191 -0.0000
vn -0.8749 0.4842 -0.0000
vn -0.2502 0.9682 -0.0000
vn 0.0575 0.9983 -0.0000
vn 0.9833 0.1822 -0.0000
vn 1.0000 -0.0016 -0.0000
vn 0.8638 -0.5038 -0.0000
vn 0.0828 0.9966 -0.0000
vn -0.9999 -0.0126 -0.0000
vn 0.0343 0.9994 -0.0000
vn -0.7780 0.6282 -0.0000
vn 0.0995 0.9950 -0.0000
vn 0.0668 0.9978 -0.0000
vn 0.2876 0.9578 -0.0000
vn -0.1115 -0.9938 -0.0000
vn -0.3060 0.9520 -0.0000
vn -0.9990 0.0454 -0.0000
vn -0.7568 -0.6537 -0.0000
vn -0.0148 -0.9999 -0.0000
vn 0.9985 -0.0549 -0.0000
vn -0.9995 -0.0312 -0.0000
vn 0.6275 0.7786 -0.0000
vn -0.1942 -0.9810 -0.0000
vn -0.9484 0.3171 -0.0000
vn 0.9300 0.3676 -0.0000
vn -0.0112 -0.9999 -0.0000
vn 0.6827 0.7307 -0.0000
vn 0.8615 -0.5078 -0.0000
vn -0.4939 0.8695 -0.0000
vn -0.8537 -0.5208 -0.0000
vn -0.4048 -0.9144 -0.0000
vn 0.6697 -0.7426 -0.0000
vn 0.9092 -0.4164 -0.0000
vn 0.8426 -0.5385 -0.0000
vn -0.0361 0.9993 -0.0000
vn -0.6452 -0.7640 -0.0000
vn -0.8732 -0.4874 -0.0000
vn 0.7451 -0.6669 -0.0000
vn 0.9890 0.1481 -0.0000
vn -0.0459 -0.9989 -0.0000
vn -0.7729 -0.6346 -0.0000
vn -0.9062 0.4228 -0.0000
vn 0.1640 0.9865 -0.0000
vn 0.6144 0.7890 -0.0000
vn -0.9987 0.0514 -0.0000
vn 0.0482 0.9988 -0.0000
vn -0.0743 -0.9972 -0.0000
vn 0.9766 -0.2149 -0.0000
vn 0.8455 -0.5339 -0.0000
vn 0.0785 0.9969 -0.0000
vn -0.8818 0.4716 -0.0000
vn -0.1282 0.9917 -0.0000
vn 0.0943 0.9955 -0.0000
vn 0.0893 0.9960 -0.0000
vn 0.9996 -0.0299 -0.0000
vn 0.5252 -0.8510 -0.0000
vn 0.0390 0.9992 -0.0000
vn 0.9557 -0.2943 -0.0000
vn -0.9983 -0.0576 -0.0000
vn -0.0138 0.9999 -0.0000
vn -0.9873 0.1591 -0.0000
vn -0.9304 -0.3666 -0.0000
vn -0.0099 1.0000 -0.0000
vn -0.9896 -0.1441 -0.0000
vn -0.1087 -0.9941 -0.0000
vn 0.9998 -0.0204 -0.0000
vn -0.9911 -0.1335 -0.0000
vn -0.4818 -0.8763 -0.0000
vn -0.9999 0.0135 -0.0000
vn 0.9549 -0.2969 -0.0000
vn 0.9904 0.1379 -0.0000
vn -0.3076 -0.9515 -0.0000
vn -0.9701 -0.2426 -0.0000
vn -0.0224 -0.9997 -0.0000
vn 0.9987 -0.0503 -0.0000
vn 0.9126 0.4088 -0.0000
vn 0.3080 0.9514 -0.0000
vn -0.9934 0.1147 -0.0000
vn -0.9985 -0.0545 -0.0000
vn -0.9638 -0.2665 -0.0000
vn 0.9915 -0.1301 -0.0000
vn -0.9798 -0.2000 -0.0000
vn 0.1938 0.9810 -0.0000
vn -0.7480 0.6637 -0.0000
vn 0.9825 0.1860 -0.0000
vn 0.9997 0.0243 -0.0000
vn -0.9996 -0.0272 -0.0000
vn 0.8308 -0.5566 -0.0000
vn -0.4372 0.8994 -0.0000
vn -0.9625 -0.2714 -0.0000
vn -0.5841 0.8117 -0.0000
vn 0.9670 0.2546 -0.0000
vn 0.8090 0.5879 -0.0000
vn 0.0787 -0.9969 -0.0000
vn -0.7239 0.6899 -0.0000
vn 0.0912 0.9958 -0.0000
vn 1.0000 0.0051 -0.0000
vn -0.1258 0.9921 -0.0000
vn -0.0866 0.9962 -0.0000
vn -0.7954 -0.6060 -0.0000
vn 0.9952 -0.0977 -0.0000
vn 0.0363 0.9993 -0.0000
vn -0.9947 -0.1027 -0.0000
vn -0.0069 1.0000 -0.0000
vn -0.9845 0.1756 -0.0000
vn -0.0298 0.9996 -0.0000
vn 0.5712 -0.8208 -0.0000
vn 0.5194 0.8545 -0.0000
vn -0.1944 -0.9809 -0.0000
vn -0.1502 -0.9887 -0.0000
vn -0.2098 0.9777 -0.0000
vn 1.0000 0.0067 -0.0000
vn -0.0583 -0.9983 -0.0000
vn -0.9991 -0.0419 -0.0000
vn 0.8789 -0.4770 -0.0000
vn -0.5431 0.8397 -0.0000
vn -0.9501 0.3120 -0.0000
vn -0.3338 -0.9426 -0.0000
vn 0.0484 -0.9988 -0.0000
vn 0.4455 -0.8953 -0.0000
vn -0.9998 -0.0182 -0.0000
vn 0.9998 0.0219 -0.0000
vn 0.0231 -0.9997 -0.0000
vn 0.9884 -0.1516 -0.0000
vn 0.0037 -1.0000 -0.0000
vn 0.7086 0.7056 -0.0000
vn -0.0142 -0.9999 -0.0000
vn 0.5030 -0.8643 -0.0000
vn -0.0905 0.9959 -0.0000
vn -0.8785 -0.4778 -0.0000
vn -0.6826 -0.7307 -0.0000
vn -0.9707 -0.2403 -0.0000
vn -0.8017 0.5977 -0.0000
vn -0.9209 -0.3898 -0.0000
vn -0.9720 -0.2352 -0.0000
vn -0.9153 0.4027 -0.0000
vn 0.6840 -0.7295 -0.0000
vn -0.9990 -0.0456 -0.0000
vn 0.9776 0.2104 -0.0000
vn -0.9997 -0.0252 -0.0000
vn 0.2470 0.9690 -0.0000
vn -0.9649 -0.2625 -0.0000
vn 0.8094 -0.5873 -0.0000
vn -0.9997 0.0257 -0.0000
vn 0.6979 0.7162 -0.0000
vn 0.0473 0.9989 -0.0000
vn -0.7404 0.6722 -0.0000
vn -0.0477 -0.9989 -0.0000
vn -0.0712 0.9975 -0.0000
vn 0.4170 0.9089 -0.0000
vn -0.7504 -0.6610 -0.0000
vn 0.8668 0.4987 -0.0000
vn 0.0607 0.9982 -0.0000
vn 0.9989 -0.0473 -0.0000
vn 0.0045 1.0000 -0.0000
vn 0.7847 -0.6198 -0.0000
vn -0.0074 1.0000 -0.0000
vn 0.1503 0.9886 -0.0000
vn -0.8531 -0.5218 -0.0000
vn -0.4899 0.8718 -0.0000
vn 0.6538 -0.7566 -0.0000
vn -0.6811 0.7322 -0.0000
vn -0.1465 0.9892 -0.0000
vn -0.2404 -0.9707 -0.0000
vn 0.7600 -0.6500 -0.0000
vn 0.4412 -0.8974 -0.0000
vn 0.7777 0.6286 -0.0000
vn -0.8331 -0.5532 -0.0000
vn -0.1513 -0.9885 -0.0000
vn -0.4046 0.9145 -0.0000
vn -0.8615 -0.5078 -0.0000
vn 0.7443 0.6679 -0.0000
vn 0.7424 -0.6699 -0.0000
vn 0.0403 -0.9992 -0.0000
vn 0.7722 0.6354 -0.0000
vn -0.7929 0.6094 -0.0000
vn 0.1066 -0.9943 -0.0000
vn -0.0363 -0.9993 -0.0000
vn 0.7990 0.6013 -0.0000
vn 0.3976 0.9176 -0.0000
vn 0.5572 0.8304 -0.0000
vn -0.2991 -0.9542 -0.0000
vn -0.6865 -0.7271 -0.0000
vn 0.0066 -1.0000 -0.0000
vn 0.5036 0.8639 -0.0000
vn 0.7781 -0.6282 -0.0000
vn -0.6608 0.7506 -0.0000
vn 0.7240 -0.6898 -0.0000
vn -0.5405 0.8413 -0.0000
vn 0.5729 -0.8196 -0.0000
vn 0.3409 0.9401 -0.0000
vn 0.9071 0.4209 -0.0000
vn -0.2716 -0.9624 -0.0000
vn 0.4278 0.9039 -0.0000
vn -0.2914 -0.9566 -0.0000
vn -0.6245 -0.7810 -0.0000
vn 0.1130 -0.9936 -0.0000
vn -0.7224 -0.6914 -0.0000
vn 0.9990 0.0443 -0.0000
vn -0.3672 -0.9301 -0.0000
vn 0.8604 0.5096 -0.0000
vn 0.5175 -0.8557 -0.0000
vn 0.9992 -0.0408 -0.0000
vn -0.9959 -0.0909 -0.0000
vn -1.0000 0.0032 -0.0000
vn 0.4270 0.9042 -0.0000
vn 0.7974 -0.6035 -0.0000
vn -0.8837 -0.4680 -0.0000
vn -0.4298 -0.9029 -0.0000
vn 0.9795 0.2014 -0.0000
vn 0.6528 -0.7575 -0.0000
vn -0.9976 -0.0692 -0.0000
vn -0.8041 0.5945 -0.0000
vn -0.8350 -0.5503 -0.0000
vn 0.8435 -0.5371 -0.0000
vn 0.8557 -0.5174 -0.0000
vn -0.7851 -0.6194 -0.0000
vn -0.3839 -0.9234 -0.0000
vn 0.1488 0.9889 -0.0000
vn -0.4084 0.9128 -0.0000
vn -0.0720 0.9974 -0.0000
vn -0.7300 -0.6834 -0.0000
vn 0.3943 0.9190 -0.0000
vn 0.0062 1.0000 -0.0000
vn 0.5842 0.8116 -0.0000
vn 0.8265 -0.5630 -0.0000
vn 0.8015 0.5980 -0.0000
vn -0.5434 0.8395 -0.0000
vn -0.8306 -0.5568 -0.0000
vn 0.6481 0.7615 -0.0000
vn 0.3246 0.9459 -0.0000
vn -0.7682 -0.6402 -0.0000
vn 0.9197 -0.3925 -0.0000
vn 0.0348 -0.9994 -0.0000
vn -0.4276 0.9040 -0.0000
vn -0.5783 -0.8158 -0.0000
vn -0.6719 -0.7406 -0.0000
vn -0.1332 0.9911 -0.0000
vn 0.9999 0.0133 -0.0000
vn 0.6358 -0.7719 -0.0000
vn 0.1484 -0.9889 -0.0000
vn 0.0116 -0.9999 -0.0000
vn 0.0952 -0.9955 -0.0000
vn -0.9966 -0.0818 -0.0000
vn 0.9778 -0.2094 -0.0000
vn 0.7604 -0.6494 -0.0000
vn 0.2064 -0.9785 -0.0000
vn -0.1104 -0.9939 -0.0000
vn -0.7604 -0.6494 -0.0000
vn -0.7474 0.6644 -0.0000
vn 0.9955 0.0953 -0.0000
vn -0.7093 -0.7049 -0.0000
vn 0.4627 0.8865 -0.0000
vn 0.9968 0.0795 -0.0000
vn 0.9647 -0.2632 -0.0000
vn -0.9738 -0.2275 -0.0000
vn -0.4962 -0.8682 -0.0000
vn -0.6222 0.7829 -0.0000
vn 0.1599 0.9871 -0.0000
vn -0.9985 -0.0546 -0.0000
vn -0.2116 0.9773 -0.0000
vn 0.9648 0.2630 -0.0000
vn -0.0207 0.9998 -0.0000
vn 0.1381 0.9904 -0.0000
vn 0.6038 -0.7972 -0.0000
vn 0.0137 0.9999 -0.0000
vn 0.1984 0.9801 -0.0000
vn 0.0586 0.9983 -0.0000
vn -0.9610 -0.2766 -0.0000
vn 0.8615 0.5078 -0.0000
vn -0.0491 0.9988 -0.0000
vn 0.1211 -0.9926 -0.0000
vn -0.8548 0.5190 -0.0000
vn -0.0627 -0.9980 -0.0000
vn -0.0938 -0.9956 -0.0000
vn 0.9610 -0.2765 -0.0000
vn -0.3786 -0.9256 -0.0000
vn -0.9939 -0.1099 -0.0000
vn -0.9130 -0.4079 -0.0000
vn -0.0372 -0.9993 -0.0000
vn -0.0352 0.9994 -0.0000
vn 0.9956 -0.0934 -0.0000
vn 0.0270 -0.9996 -0.0000
vn -0.9804 -0.1971 -0.0000
vn 0.0806 0.9967 -0.0000
vn 0.3805 -0.9248 -0.0000
vn -0.9995 -0.0308 -0.0000
vn 0.8684 0.4958 -0.0000
vn 0.9785 0.2061 -0.0000
vn -0.3744 -0.9273 -0.0000
vn 0.4450 0.8955 -0.0000
vn 0.9845 0.1753 -0.0000
vn -0.9658 -0.2593 -0.0000
vn -0.2026 0.9793 -0.0000
vn -0.8404 -0.5419 -0.0000
vn -0.1824 0.9832 -0.0000
vn -0.0969 0.9953 -0.0000
vn -0.9999 -0.0135 -0.0000
vn 0.7419 0.6706 -0.0000
vn -0.0415 0.9991 -0.0000
vn 0.1248 -0.9922 -0.0000
vn 0.0310 0.9995 -0.0000
vn 0.2713 0.9625 -0.0000
vn 0.3990 0.9169 -0.0000
vn 0.1279 0.9918 -0.0000
vn -0.6634 -0.7482 -0.0000
vn 0.3064 0.9519 -0.0000
vn 0.0643 0.9979 -0.0000
vn -0.0402 0.9992 -0.0000
vn 0.4794 0.8776 -0.0000
vn -0.7711 0.6367 -0.0000
vn -0.0809 0.9967 -0.0000
vn 0.9955 0.0952 -0.0000
vn 0.0820 0.9966 -0.0000
vn -0.6010 -0.7993 -0.0000
vn -0.0027 1.0000 -0.0000
vn -0.4965 -0.8680 -0.0000
vn -0.1507 -0.9886 -0.0000
vn 0.9832 -0.1823 -0.0000
vn -0.0974 0.9952 -0.0000
vn -0.5752 -0.8180 -0.0000
vn 0.0611 0.9981 -0.0000
vn 0.4011 0.9161 -0.0000
vn 0.0856 0.9963 -0.0000
vn -0.3411 -0.9400 -0.0000
vn -0.6190 -0.7854 -0.0000
vn 0.1013 0.9949 -0.0000
vn -0.1172 -0.9931 -0.0000
vn -0.1890 -0.9820 -0.0000
vn -0.0959 -0.9954 -0.0000
vn 0.4865 -0.8737 -0.0000
vn 0.0288 0.9996 -0.0000
vn -0.0818 -0.9966 -0.0000
vn -0.3599 -0.9330 -0.0000
vn -0.0192 0.9998 -0.0000
vn -0.0790 -0.9969 -0.0000
vn -0.6730 -0.7397 -0.0000
vn 0.9947 -0.1029 -0.0000
vn -0.0708 -0.9975 -0.0000
vn -0.6512 -0.7589 -0.0000
vn -0.0659 -0.9978 -0.0000
vn -0.6816 -0.7317 -0.0000
vn -0.6187 -0.7856 -0.0000
vn 0.0427 -0.9991 -0.0000
vn -0.7094 -0.7048 -0.0000
vn 0.7072 0.7070 -0.0000
vn -0.6880 -0.7257 -0.0000
vn -0.8872 -0.4614 -0.0000
vn 0.7238 0.6900 -0.0000
vn -0.0060 1.0000 -0.0000
vn -0.0782 0.9969 -0.0000
vn 0.4685 0.8835 -0.0000
vn -0.1635 0.9865 -0.0000
vn -0.1080 -0.9941 -0.0000
vn -0.4101 -0.9120 -0.0000
vn 0.4114 0.9115 -0.0000
vn -0.8024 0.5968 -0.0000
vn 0.4889 0.8723 -0.0000
vn 0.1886 0.9821 -0.0000
vn 0.1721 -0.9851 -0.0000
vn -0.3095 0.9509 -0.0000
vn -0.4867 -0.8736 -0.0000
vn -0.7665 -0.6422 -0.0000
vn 1.0000 0.0016 -0.0000
vn 0.8680 -0.4966 -0.0000
vn -0.0072 -1.0000 -0.0000
vn -0.8048 -0.5935 -0.0000
vn -0.9596 0.2815 -0.0000
vn -0.4819 0.8762 -0.0000
vn 0.3960 0.9183 -0.0000
vn -0.7151 -0.6991 -0.0000
vn -0.1518 -0.9884 -0.0000
vn -0.7974 -0.6034 -0.0000
vn 0.7804 0.6253 -0.0000
vn 0.1970 -0.9804 -0.0000
vn 0.9160 0.4013 -0.0000
vn -0.3620 -0.9322 -0.0000
vn 0.7379 0.6749 -0.0000
vn 0.9996 0.0279 -0.0000
vn -0.8014 -0.5981 -0.0000
vn -0.7329 0.6803 -0.0000
vn -0.9512 0.3086 -0.0000
vn 0.9639 -0.2664 -0.0000
vn 0.7077 0.7065 -0.0000
vn 0.1050 0.9945 -0.0000
vn -0.3757 -0.9267 -0.0000
vn -0.9376 0.3477 -0.0000
vn -0.0112 0.9999 -0.0000
vn 0.9988 0.0500 -0.0000
vn -0.2084 -0.9780 -0.0000
vn 0.7101 0.7042 -0.0000
vn -0.9683 0.2498 -0.0000
vn 0.5070 -0.8620 -0.0000
vn 0.2300 0.9732 -0.0000
vn -0.1981 0.9802 -0.0000
vn 0.6064 -0.7952 -0.0000
vn -0.1007 -0.9949 -0.0000
vn -0.3640 0.9314 -0.0000
vn -0.6530 -0.7573 -0.0000
vn 0.9920 -0.1264 -0.0000
vn 0.4259 -0.9048 -0.0000
vn 0.9821 -0.1884 -0.0000
vn 0.9603 -0.2789 -0.0000
vn -0.9973 -0.0733 -0.0000
vn 0.0630 0.9980 -0.0000
vn -0.3777 -0.9259 -0.0000
vn 0.9992 -0.0406 -0.0000
vn 0.9162 -0.4008 -0.0000
vn 0.9993 -0.0373 -0.0000
vn -0.7376 -0.6752 -0.0000
vn -0.7134 -0.7008 -0.0000
vn -0.9980 -0.0640 -0.0000
vn 0.9595 -0.2818 -0.0000
vn 0.6609 0.7505 -0.0000
vn -0.7848 0.6198 -0.0000
vn -0.7705 -0.6375 -0.0000
vn 0.8884 -0.4591 -0.0000
vn 0.9997 0.0259 -0.0000
vn -0.7685 -0.6398 -0.0000
vn -0.9996 -0.0298 -0.0000
vn 0.1322 0.9912 -0.0000
vn -0.7887 -0.6148 -0.0000
vn 0.6741 0.7386 -0.0000
vn -0.5394 -0.8420 -0.0000
vn -0.7664 0.6424 -0.0000
vn -0.0276 0.9996 -0.0000
vn 0.6148 0.7887 -0.0000
vn 0.7096 0.7046 -0.0000
vn -0.0771 -0.9970 -0.0000
vn 0.9999 0.0165 -0.0000
vn 0.1342 -0.9910 -0.0000
vn 0.6662 0.7458 -0.0000
vn -0.9704 -0.2415 -0.0000
vn 0.9997 0.0250 -0.0000
vn -0.9985 0.0542 -0.0000
vn 0.5163 -0.8564 -0.0000
vn 0.9986 -0.0525 -0.0000
vn -0.5507 -0.8347 -0.0000
vn 0.4355 0.9002 -0.0000
vn -0.0299 -0.9996 -0.0000
vn 0.8914 -0.4532 -0.0000
vn -0.3174 0.9483 -0.0000
vn 0.1447 0.9895 -0.0000
vn -0.4204 -0.9074 -0.0000
vn -0.3088 0.9511 -0.0000
vn 0.0411 0.9992 -0.0000
vn 0.3236 -0.9462 -0.0000
vn 0.9840 0.1782 -0.0000
vn -0.0720 -0.9974 -0.0000
vn 0.9833 0.1821 -0.0000
vn 0.9735 0.2288 -0.0000
vn 0.6388 -0.7694 -0.0000
vn -0.5496 0.8354 -0.0000
vn 0.6963 -0.7178 -0.0000
vn -0.4126 0.9109 -0.0000
vn 0.0647 -0.9979 -0.0000
vn -0.9084 -0.4180 -0.0000
vn 0.8304 0.5571 -0.0000
vn 0.9966 0.0823 -0.0000
vn -0.9929 -0.1187 -0.0000
vn -0.3110 0.9504 -0.0000
vn -0.7270 0.6866 -0.0000
vn -0.9943 -0.1067 -0.0000
vn 0.9967 -0.0817 -0.0000
vn 0.9089 0.4171 -0.0000
vn -0.7707 -0.6372 -0.0000
vn -0.5923 -0.8057 -0.0000
vn -0.9991 -0.0421 -0.0000
vn -0.6382 0.7699 -0.0000
vn 0.6712 0.7413 -0.0000
vn -0.5476 -0.8368 -0.0000
vn 0.4490 0.8935 -0.0000
vn -0.9933 0.1158 -0.0000
vn 0.8033 -0.5956 -0.0000
vn 0.7241 -0.6897 -0.0000
vn 0.7093 0.7049 -0.0000
vn -0.8910 -0.4540 -0.0000
vn 0.6725 -0.7401 -0.0000
vn -0.9947 -0.1032 -0.0000
vn -0.6929 -0.7211 -0.0000
vn 0.5767 -0.8169 -0.0000
vn 0.7764 -0.6302 -0.0000
vn 0.1778 0.9841 -0.0000
vn 0.9916 -0.1294 -0.0000
vn 0.4382 0.8989 -0.0000
vn 0.8761 -0.4822 -0.0000
vn -0.1064 0.9943 -0.0000
vn 0.9934 0.1144 -0.0000
vn -0.5873 -0.8094 -0.0000
vn 1.0000 0.0012 -0.0000
vn -0.4586 -0.8887 -0.0000
vn 0.9852 -0.1714 -0.0000
vn -0.9981 -0.0623 -0.0000
vn 0.0541 0.9985 -0.0000
vn 0.7395 0.6732 -0.0000
vn -0.9958 -0.0917 -0.0000
vn 0.0887 0.9961 -0.0000
vn -0.6930 0.7210 -0.0000
vn 0.9941 0.1082 -0.0000
vn 0.0978 0.9952 -0.0000
vn -0.9202 -0.3915 -0.0000
vn -0.1165 -0.9932 -0.0000
vn 0.7540 -0.6569 -0.0000
vn 0.8625 0.5061 -0.0000
vn -1.0000 -0.0098 -0.0000
vn -0.0245 -0.9997 -0.0000
vn -0.6609 -0.7504 -0.0000
vn -0.6940 -0.7200 -0.0000
vn 0.9990 0.0437 -0.0000
vn -0.2490 -0.9685 -0.0000
vn 0.6762 -0.7368 -0.0000
vn -0.7079 -0.7063 -0.0000
vn -0.9914 -0.1312 -0.0000
vn 0.6214 0.7835 -0.0000
vn -0.9998 -0.0207 -0.0000
vn 0.9300 0.3675 -0.0000
vn 0.9434 0.3317 -0.0000
vn 0.9785 -0.2063 -0.0000
vn -0.8515 -0.5244 -0.0000
vn 0.9705 0.2410 -0.0000
vn 0.8085 -0.5884 -0.0000
vn -0.8137 0.5813 -0.0000
vn -0.8165 -0.5774 -0.0000
vn 0.6944 0.7196 -0.0000
vn 0.8107 -0.5855 -0.0000
vn 0.0426 0.9991 -0.0000
vn 0.0671 0.9977 -0.0000
vn 0.0962 0.9954 -0.0000
vn -0.2883 -0.9575 -0.0000
vn -0.0331 0.9995 -0.0000
vn -0.2557 -0.9668 -0.0000
vn 0.6289 -0.7775 -0.0000
vn 0.0022 1.0000 -0.0000
vn -0.0659 0.9978 -0.0000
vn -0.9924 -0.1228 -0.0000
vn 0.0799 -0.9968 -0.0000
vn -0.0754 -0.9972 -0.0000
vn 0.9311 -0.3647 -0.0000
vn -0.7541 -0.6568 -0.0000
vn 0.9979 -0.0646 -0.0000
vn -0.9990 -0.0447 -0.0000
vn -0.0471 -0.9989 -0.0000
vn 0.0202 -0.9998 -0.0000
vn 0.9998 0.0211 -0.0000
vn -0.1474 -0.9891 -0.0000
vn -0.9997 -0.0245 -0.0000
vn 0.9835 -0.1810 -0.0000
vn 0.9928 0.1201 -0.0000
vn 0.0684 -0.9977 -0.0000
vn 0.0501 -0.9987 -0.0000
vn 0.3858 0.9226 -0.0000
vn 0.9999 0.0128 -0.0000
vn -0.9758 -0.2187 -0.0000
vn 0.0693 0.9976 -0.0000
vn -0.8217 0.5700 -0.0000
vn 0.1247 0.9922 -0.0000
vn -0.8291 0.5590 -0.0000
vn -0.7645 -0.6447 -0.0000
vn 0.9595 0.2816 -0.0000
vn 0.0520 0.9986 -0.0000
vn 0.8312 -0.5559 -0.0000
vn -0.9501 0.3119 -0.0000
vn -0.8518 0.5239 -0.0000
vn 0.8289 -0.5595 -0.0000
vn 0.5932 0.8051 -0.0000
vn -0.0581 0.9983 -0.0000
vn -0.8478 0.5303 -0.0000
vn -0.1162 0.9932 -0.0000
vn -0.1054 -0.9944 -0.0000
vn 0.8511 -0.5249 -0.0000
vn 0.8670 -0.4984 -0.0000
vn 0.0685 -0.9977 -0.0000
vn -0.8629 0.5054 -0.0000
vn 0.5740 -0.8188 -0.0000
vn 0.0904 0.9959 -0.0000
vn 0.8775 -0.4796 -0.0000
vn -0.8606 0.5092 -0.0000
vn -0.2412 -0.9705 -0.0000
vn -0.0394 -0.9992 -0.0000
vn -0.4077 -0.9131 -0.0000
vn 0.0417 0.9991 -0.0000
vn 0.5755 0.8178 -0.0000
vn -0.0477 0.9989 -0.0000
vn 0.8864 -0.4630 -0.0000
vn -0.6574 0.7536 -0.0000
vn 0.0090 1.0000 -0.0000
vn 0.0218 -0.9998 -0.0000
vn 0.8521 0.5234 -0.0000
vn -0.9993 -0.0364 -0.0000
vn -0.0414 -0.9991 -0.0000
vn -1.0000 -0.0067 -0.0000
vn -0.8506 -0.5257 -0.0000
vn 0.6704 -0.7420 -0.0000
vn 0.1055 0.9944 -0.0000
vn -0.0220 -0.9998 -0.0000
vn 0.4374 0.8993 -0.0000
vn -0.0893 0.9960 -0.0000
vn 0.0244 0.9997 -0.0000
vn -0.0166 0.9999 -0.0000
vn 0.4144 0.9101 -0.0000
vn 0.3496 0.9369 -0.0000
vn 0.7245 0.6893 -0.0000
vn -0.0569 -0.9984 -0.0000
vn -0.7553 0.6554 -0.0000
vn -1.0000 0.0065 -0.0000
vn -0.6870 0.7267 -0.0000
vn -0.7298 -0.6836 -0.0000
vn 0.0230 0.9997 -0.0000
vn -0.9983 0.0585 -0.0000
vn 0.7689 -0.6393 -0.0000
vn -0.9928 -0.1199 -0.0000
vn -0.0231 0.9997 -0.0000
vn -0.3318 -0.9434 -0.0000
vn 0.6299 -0.7767 -0.0000
vn 0.9985 -0.0539 -0.0000
vn 0.4057 0.9140 -0.0000
vn 0.7469 -0.6650 -0.0000
vn -0.9995 -0.0306 -0.0000
vn -0.8544 0.5197 -0.0000
vn -0.1624 -0.9867 -0.0000
vn -0.3540 -0.9352 -0.0000
vn -0.0912 -0.9958 -0.0000
vn 0.5890 -0.8081 -0.0000
vn 1.0000 -0.0096 -0.0000
vn -0.5746 -0.8184 -0.0000
vn 0.8031 0.5958 -0.0000
vn -0.9996 0.0283 -0.0000
vn -0.4033 -0.9151 -0.0000
vn -0.8373 -0.5467 -0.0000
vn -0.1049 -0.9945 -0.0000
vn -0.6666 -0.7454 -0.0000
vn -0.0326 -0.9995 -0.0000
vn 0.9965 -0.0834 -0.0000
vn 0.8008 -0.5989 -0.0000
vn -0.9792 0.2029 -0.0000
vn -0.6257 0.7801 -0.0000
vn 0.8338 0.5520 -0.0000
vn -0.9212 -0.3890 -0.0000
vn 0.8890 0.4578 -0.0000
vn -0.1121 0.9937 -0.0000
vn 0.4850 0.8745 -0.0000
vn -0.0622 0.9981 -0.0000
vn -0.5852 -0.8109 -0.0000
vn 0.5160 0.8566 -0.0000
vn 0.9692 -0.2462 -0.0000
vn -0.7357 -0.6773 -0.0000
vn -0.3685 0.9296 -0.0000
vn -0.0298 -0.9996 -0.0000
vn 0.7049 0.7093 -0.0000
vn -0.9994 0.0348 -0.0000
vn -0.7612 -0.6485 -0.0000
vn 0.2444 -0.9697 -0.0000
vn -0.3803 0.9249 -0.0000
vn -0.9980 0.0630 -0.0000
vn 0.7860 -0.6183 -0.0000
vn 1.0000 0.0046 -0.0000
vn -0.7341 -0.6791 -0.0000
vn 0.9904 -0.1383 -0.0000
vn 0.9941 -0.1087 -0.0000
vn -0.9965 -0.0831 -0.0000
vn 0.7892 -0.6141 -0.0000
vn -0.9961 -0.0878 -0.0000
vn 0.9949 0.1010 -0.0000
vn -0.3794 -0.9252 -0.0000
vn 0.8002 -0.5997 -0.0000
vn 1.0000 -0.0038 -0.0000
vn 0.5541 -0.8324 -0.0000
vn 0.9995 0.0328 -0.0000
vn -0.9994 -0.0351 -0.0000
vn -1.0000 -0.0063 -0.0000
vn 0.9682 0.2503 -0.0000
vn -0.8686 0.4956 -0.0000
vn -0.9710 0.2389 -0.0000
vn 0.2249 0.9744 -0.0000
vn 0.0926 0.9957 -0.0000
vn 0.9753 -0.2209 -0.0000
vn 0.9990 -0.0441 -0.0000
vn -0.0404 0.9992 -0.0000
vn -0.9985 0.0551 -0.0000
vn 0.0095 1.0000 -0.0000
vn -1.0000 -0.0096 -0.0000
vn 0.9436 0.3311 -0.0000
vn 0.3830 -0.9237 -0.0000
vn 0.7851 0.6194 -0.0000
vn -0.9714 -0.2373 -0.0000
vn 0.9839 0.1785 -0.0000
vn -0.9919 -0.1273 -0.0000
vn -0.0325 -0.9995 -0.0000
vn 0.2763 0.9611 -0.0000
vn 0.9926 -0.1212 -0.0000
vn 0.8299 0.5578 -0.0000
vn -0.9213 0.3889 -0.0000
vn 0.9528 -0.3037 -0.0000
vn 0.1695 0.9855 -0.0000
vn 0.9437 -0.3309 -0.0000
vn -0.9966 -0.0829 -0.0000
vn -0.5647 0.8253 -0.0000
vn 0.4383 0.8988 -0.0000
vn -0.5860 -0.8103 -0.0000
vn 0.2454 0.9694 -0.0000
vn 0.0704 0.9975 -0.0000
vn -0.8360 -0.5487 -0.0000
vn 0.9997 -0.0251 -0.0000
vn 0.9723 -0.2339 -0.0000
vn -0.5691 -0.8223 -0.0000
vn -0.0493 0.9988 -0.0000
vn -0.0804 -0.9968 -0.0000
vn 0.0843 -0.9964 -0.0000
vn 0.9977 0.0683 -0.0000
vn 0.0215 0.9998 -0.0000
vn -0.9041 0.4273 -0.0000
vn -0.9715 -0.2372 -0.0000
vn -0.8226 0.5686 -0.0000
vn 0.1182 -0.9930 -0.0000
vn 0.9425 -0.3343 -0.0000
vn 0.9697 0.2443 -0.0000
vn -0.9936 0.1134 -0.0000
vn 0.1529 0.9882 -0.0000
vn -0.1233 0.9924 -0.0000
vn 0.8317 0.5552 -0.0000
vn -0.2168 -0.9762 -0.0000
vn 0.9935 0.1135 -0.0000
vn 0.5832 0.8123 -0.0000
vn -0.7033 0.7109 -0.0000
vn -0.9692 -0.2463 -0.0000
vn -0.8113 -0.5847 -0.0000
vn -0.0398 0.9992 -0.0000
vn -0.5789 -0.8154 -0.0000
vn -0.9996 0.0267 -0.0000
vn -0.5136 0.8580 -0.0000
vn -0.0086 -1.0000 -0.0000
vn -0.0717 0.9974 -0.0000
vn 0.0361 -0.9993 -0.0000
vn -0.6683 0.7439 -0.0000
vn -0.3607 -0.9327 -0.0000
vn 0.6605 0.7508 -0.0000
vn 0.0658 0.9978 -0.0000
vn 0.7333 -0.6800 -0.0000
vn -0.0961 -0.9954 -0.0000
vn -0.9601 0.2798 -0.0000
vn -0.3617 0.9323 -0.0000
vn -0.9129 0.4081 -0.0000
vn 0.6089 0.7932 -0.0000
vn 0.2713 -0.9625 -0.0000
vn -0.6384 0.7697 -0.0000
vn -0.6796 -0.7336 -0.0000
vn 0.6624 0.7491 -0.0000
vn -0.9878 -0.1556 -0.0000
vn -0.9706 0.2409 -0.0000
vn 0.6993 -0.7149 -0.0000
vn -0.8650 0.5019 -0.0000
vn -0.6033 -0.7976 -0.0000
vn -0.6446 -0.7645 -0.0000
vn -0.7003 -0.7139 -0.0000
vn -0.0385 0.9993 -0.0000
vn -0.8549 0.5188 -0.0000
vn 0.1138 0.9935 -0.0000
vn 0.6720 0.7406 -0.0000
vn 0.9392 -0.3434 -0.0000
vn 0.3760 0.9266 -0.0000
vn 0.0263 0.9997 -0.0000
vn -0.0296 -0.9996 -0.0000
vn -0.6009 0.7993 -0.0000
vn -0.3368 0.9416 -0.0000
vn 0.7520 -0.6591 -0.0000
vn -0.3077 -0.9515 -0.0000
vn -0.6827 -0.7307 -0.0000
vn -0.2117 0.9773 -0.0000
vn -0.0061 1.0000 -0.0000
vn -0.4868 -0.8735 -0.0000
vn 0.9638 -0.2665 -0.0000
vn 0.7101 0.7041 -0.0000
vn 0.6608 0.7506 -0.0000
vn -0.7847 0.6198 -0.0000
vn 0.6742 0.7386 -0.0000
vn -0.3109 0.9504 -0.0000
vn 0.0540 0.9985 -0.0000
vn 0.6761 -0.7368 -0.0000
vn 0.0927 0.9957 -0.0000
vn 0.0214 0.9998 -0.0000
vt 0.690909 0.000000
vt 0.672727 0.000000
vt 0.681818 0.000000
vt 0.700000 0.000000
vt 0.709091 0.000000
vt 0.718182 0.000000
vt 0.727273 0.000000
vt 0.736364 0.000000
vt 0.745455 0.000000
vt 0.754545 0.000000
vt 0.763636 0.000000
vt 0.772727 0.000000
vt 0.781818 0.000000
vt 0.790909 0.000000
vt 0.800000 0.000000
vt 0.809091 0.000000
vt 0.818182 0.000000
vt 0.827273 0.000000
vt 0.836364 0.000000
vt 0.845455 0.000000
vt 0.854545 0.000000
vt 0.863636 0.000000
vt 0.872727 0.000000
vt 0.881818 0.000000
vt 0.890909 0.000000
vt 0.900000 0.000000
vt 0.909091 0.000000
vt 0.918182 0.000000
vt 0.927273 0.000000
vt 0.936364 0.000000
vt 0.945455 0.000000
vt 0.954545 0.000000
vt 0.963636 0.000000
vt 0.972727 0.000000
vt 0.981818 0.000000
vt 0.990909 0.000000
vt 1.000000 0.000000
vt 0.000000 0.000000
vt 0.009091 0.000000
vt 0.018182 0.000000
vt 0.027273 0.000000
vt 0.036364 0.000000
vt 0.045455 0.000000
vt 0.054545 0.000000
vt 0.063636 0.000000
vt 0.072727 0.000000
vt 0.081818 0.000000
vt 0.118182 0.000000
vt 0.627273 0.000000
vt 0.636364 0.000000
vt 0.645455 0.000000
vt 0.654545 0.000000
vt 0.663636 0.000000
vt 0.618182 0.000000
vt 0.609091 0.000000
vt 0.600000 0.000000
vt 0.590909 0.000000
vt 0.581818 0.000000
vt 0.572727 0.000000
vt 0.090909 0.000000
vt 0.109091 0.000000
vt 0.127273 0.000000
vt 0.563636 0.000000
vt 0.100000 0.000000
vt 0.554545 0.000000
vt 0.136364 0.000000
vt 0.545455 0.000000
vt 0.145455 0.000000
vt 0.536364 0.000000
vt 0.154545 0.000000
vt 0.527273 0.000000
vt 0.163636 0.000000
vt 0.518182 0.000000
vt 0.172727 0.000000
vt 0.509091 0.000000
vt 0.181818 0.000000
vt 0.500000 0.000000
vt 0.190909 0.000000
vt 0.490909 0.000000
vt 0.200000 0.000000
vt 0.481818 0.000000
vt 0.209091 0.000000
vt 0.472727 0.000000
vt 0.463636 0.000000
vt 0.218182 0.000000
vt 0.454545 0.000000
vt 0.227273 0.000000
vt 0.445455 0.000000
vt 0.236364 0.000000
vt 0.436364 0.000000
vt 0.245455 0.000000
vt 0.427273 0.000000
vt 0.254545 0.000000
vt 0.418182 0.000000
vt 0.409091 0.000000
vt 0.263636 0.000000
vt 0.400000 0.000000
vt 0.272727 0.000000
vt 0.390909 0.000000
vt 0.381818 0.000000
vt 0.281818 0.000000
vt 0.372727 0.000000
vt 0.363636 0.000000
vt 0.354545 0.000000
vt 0.345455 0.000000
vt 0.290909 0.000000
vt 0.336364 0.000000
vt 0.300000 0.000000
vt 0.309091 0.000000
vt 0.318182 0.000000
vt 0.327273 0.000000
vt 0.020619 0.000000
vt 0.010309 0.000000
vt 0.030928 0.000000
vt 0.989691 0.000000
vt 0.041237 0.000000
vt 0.979381 0.000000
vt 0.051546 0.000000
vt 0.969072 0.000000
vt 0.061856 0.000000
vt 0.958763 0.000000
vt 0.072165 0.000000
vt 0.948454 0.000000
vt 0.082474 0.000000
vt 0.938144 0.000000
vt 0.092784 0.000000
vt 0.927835 0.000000
vt 0.103093 0.000000
vt 0.917526 0.000000
vt 0.113402 0.000000
vt 0.907216 0.000000
vt 0.123711 0.000000
vt 0.896907 0.000000
vt 0.134021 0.000000
vt 0.886598 0.000000
vt 0.144330 0.000000
vt 0.876289 0.000000
vt 0.154639 0.000000
vt 0.865979 0.000000
vt 0.164948 0.000000
vt 0.855670 0.000000
vt 0.175258 0.000000
vt 0.845361 0.000000
vt 0.185567 0.000000
vt 0.835052 0.000000
vt 0.195876 0.000000
vt 0.824742 0.000000
vt 0.814433 0.000000
vt 0.206186 0.000000
vt 0.804124 0.000000
vt 0.216495 0.000000
vt 0.793814 0.000000
vt 0.226804 0.000000
vt 0.783505 0.000000
vt 0.237113 0.000000
vt 0.773196 0.000000
vt 0.247423 0.000000
vt 0.525773 0.000000
vt 0.505155 0.000000
vt 0.515464 0.000000
vt 0.762887 0.000000
vt 0.536082 0.000000
vt 0.257732 0.000000
vt 0.546392 0.000000
vt 0.752577 0.000000
vt 0.268041 0.000000
vt 0.494845 0.000000
vt 0.556701 0.000000
vt 0.742268 0.000000
vt 0.484536 0.000000
vt 0.567010 0.000000
vt 0.278351 0.000000
vt 0.731959 0.000000
vt 0.474227 0.000000
vt 0.577320 0.000000
vt 0.721649 0.000000
vt 0.288660 0.000000
vt 0.587629 0.000000
vt 0.463918 0.000000
vt 0.711340 0.000000
vt 0.597938 0.000000
vt 0.701031 0.000000
vt 0.453608 0.000000
vt 0.298969 0.000000
vt 0.690722 0.000000
vt 0.608247 0.000000
vt 0.680412 0.000000
vt 0.618557 0.000000
vt 0.443299 0.000000
vt 0.670103 0.000000
vt 0.309278 0.000000
vt 0.628866 0.000000
vt 0.659794 0.000000
vt 0.649485 0.000000
vt 0.639175 0.000000
vt 0.432990 0.000000
vt 0.319588 0.000000
vt 0.422680 0.000000
vt 0.329897 0.000000
vt 0.412371 0.000000
vt 0.340206 0.000000
vt 0.350515 0.000000
vt 0.402062 0.000000
vt 0.360825 0.000000
vt 0.391753 0.000000
vt 0.371134 0.000000
vt 0.381443 0.000000
vt 0.669528 0.000000
vt 0.665236 0.000000
vt 0.995708 0.000000
vt 0.004292 0.000000
vt 0.012876 0.000000
vt 0.030043 0.000000
vt 0.017167 0.000000
vt 0.025751 0.000000
vt 0.008584 0.000000
vt 0.021459 0.000000
vt 0.193133 0.000000
vt 0.296137 0.000000
vt 0.300429 0.000000
vt 0.038627 0.000000
vt 0.188841 0.000000
vt 0.034335 0.000000
vt 0.291846 0.000000
vt 0.678112 0.000000
vt 0.673820 0.000000
vt 0.991416 0.000000
vt 0.987124 0.000000
vt 0.042918 0.000000
vt 0.184549 0.000000
vt 0.287554 0.000000
vt 0.197425 0.000000
vt 0.047210 0.000000
vt 0.283262 0.000000
vt 0.180258 0.000000
vt 0.201717 0.000000
vt 0.051502 0.000000
vt 0.278970 0.000000
vt 0.175966 0.000000
vt 0.206009 0.000000
vt 0.055794 0.000000
vt 0.274678 0.000000
vt 0.210300 0.000000
vt 0.171674 0.000000
vt 0.682403 0.000000
vt 0.686695 0.000000
vt 0.982833 0.000000
vt 0.978541 0.000000
vt 0.060086 0.000000
vt 0.270386 0.000000
vt 0.214592 0.000000
vt 0.167382 0.000000
vt 0.064378 0.000000
vt 0.266094 0.000000
vt 0.218884 0.000000
vt 0.068670 0.000000
vt 0.163090 0.000000
vt 0.261803 0.000000
vt 0.223176 0.000000
vt 0.072961 0.000000
vt 0.158798 0.000000
vt 0.257511 0.000000
vt 0.077253 0.000000
vt 0.227468 0.000000
vt 0.154506 0.000000
vt 0.253219 0.000000
vt 0.081545 0.000000
vt 0.231760 0.000000
vt 0.085837 0.000000
vt 0.248927 0.000000
vt 0.150215 0.000000
vt 0.236051 0.000000
vt 0.090129 0.000000
vt 0.309013 0.000000
vt 0.660944 0.000000
vt 0.304721 0.000000
vt 0.656652 0.000000
vt 0.094421 0.000000
vt 0.240343 0.000000
vt 0.244635 0.000000
vt 0.098712 0.000000
vt 0.145923 0.000000
vt 0.103004 0.000000
vt 0.107296 0.000000
vt 0.111588 0.000000
vt 0.141631 0.000000
vt 0.115880 0.000000
vt 0.120172 0.000000
vt 0.124464 0.000000
vt 0.128755 0.000000
vt 0.133047 0.000000
vt 0.137339 0.000000
vt 0.969957 0.000000
vt 0.974249 0.000000
vt 0.690987 0.000000
vt 0.317597 0.000000
vt 0.313305 0.000000
vt 0.652360 0.000000
vt 0.648069 0.000000
vt 0.965665 0.000000
vt 0.695279 0.000000
vt 0.699571 0.000000
vt 0.961373 0.000000
vt 0.321888 0.000000
vt 0.326180 0.000000
vt 0.643777 0.000000
vt 0.639485 0.000000
vt 0.703863 0.000000
vt 0.489270 0.000000
vt 0.635193 0.000000
vt 0.330472 0.000000
vt 0.476395 0.000000
vt 0.484979 0.000000
vt 0.493562 0.000000
vt 0.472103 0.000000
vt 0.480687 0.000000
vt 0.630901 0.000000
vt 0.334764 0.000000
vt 0.497854 0.000000
vt 0.467811 0.000000
vt 0.626609 0.000000
vt 0.339056 0.000000
vt 0.502146 0.000000
vt 0.622318 0.000000
vt 0.463519 0.000000
vt 0.343348 0.000000
vt 0.506438 0.000000
vt 0.618026 0.000000
vt 0.459227 0.000000
vt 0.347639 0.000000
vt 0.613734 0.000000
vt 0.510730 0.000000
vt 0.351931 0.000000
vt 0.454936 0.000000
vt 0.609442 0.000000
vt 0.356223 0.000000
vt 0.515021 0.000000
vt 0.450644 0.000000
vt 0.605150 0.000000
vt 0.360515 0.000000
vt 0.519313 0.000000
vt 0.446352 0.000000
vt 0.600858 0.000000
vt 0.364807 0.000000
vt 0.523605 0.000000
vt 0.596566 0.000000
vt 0.442060 0.000000
vt 0.369099 0.000000
vt 0.592275 0.000000
vt 0.527897 0.000000
vt 0.373391 0.000000
vt 0.437768 0.000000
vt 0.587983 0.000000
vt 0.377682 0.000000
vt 0.583691 0.000000
vt 0.381974 0.000000
vt 0.579399 0.000000
vt 0.532189 0.000000
vt 0.386266 0.000000
vt 0.575107 0.000000
vt 0.433476 0.000000
vt 0.390558 0.000000
vt 0.570815 0.000000
vt 0.394850 0.000000
vt 0.566524 0.000000
vt 0.399142 0.000000
vt 0.562232 0.000000
vt 0.536481 0.000000
vt 0.403433 0.000000
vt 0.429185 0.000000
vt 0.557940 0.000000
vt 0.708154 0.000000
vt 0.957082 0.000000
vt 0.712446 0.000000
vt 0.407725 0.000000
vt 0.553648 0.000000
vt 0.716738 0.000000
vt 0.721030 0.000000
vt 0.412017 0.000000
vt 0.952790 0.000000
vt 0.725322 0.000000
vt 0.549356 0.000000
vt 0.540773 0.000000
vt 0.545064 0.000000
vt 0.729614 0.000000
vt 0.733906 0.000000
vt 0.738197 0.000000
vt 0.416309 0.000000
vt 0.420601 0.000000
vt 0.424893 0.000000
vt 0.742489 0.000000
vt 0.746781 0.000000
vt 0.751073 0.000000
vt 0.755365 0.000000
vt 0.811159 0.000000
vt 0.802575 0.000000
vt 0.806867 0.000000
vt 0.759657 0.000000
vt 0.763949 0.000000
vt 0.768240 0.000000
vt 0.772532 0.000000
vt 0.798283 0.000000
vt 0.776824 0.000000
vt 0.781116 0.000000
vt 0.793991 0.000000
vt 0.785408 0.000000
vt 0.789700 0.000000
vt 0.948498 0.000000
vt 0.815451 0.000000
vt 0.944206 0.000000
vt 0.819743 0.000000
vt 0.939914 0.000000
vt 0.824034 0.000000
vt 0.828326 0.000000
vt 0.935622 0.000000
vt 0.832618 0.000000
vt 0.931330 0.000000
vt 0.836910 0.000000
vt 0.927039 0.000000
vt 0.922747 0.000000
vt 0.841202 0.000000
vt 0.918455 0.000000
vt 0.845494 0.000000
vt 0.914163 0.000000
vt 0.909871 0.000000
vt 0.849785 0.000000
vt 0.905579 0.000000
vt 0.901288 0.000000
vt 0.854077 0.000000
vt 0.896996 0.000000
vt 0.892704 0.000000
vt 0.888412 0.000000
vt 0.858369 0.000000
vt 0.884120 0.000000
vt 0.879828 0.000000
vt 0.875537 0.000000
vt 0.871245 0.000000
vt 0.866953 0.000000
vt 0.862661 0.000000
vt 0.336700 0.000000
vt 0.329966 0.000000
vt 0.333333 0.000000
vt 0.326599 0.000000
vt 0.340067 0.000000
vt 0.323232 0.000000
vt 0.343434 0.000000
vt 0.319865 0.000000
vt 0.346801 0.000000
vt 0.316498 0.000000
vt 0.350168 0.000000
vt 0.313131 0.000000
vt 0.309764 0.000000
vt 0.353535 0.000000
vt 0.306397 0.000000
vt 0.356902 0.000000
vt 0.303030 0.000000
vt 0.360269 0.000000
vt 0.299663 0.000000
vt 0.296296 0.000000
vt 0.252525 0.000000
vt 0.245791 0.000000
vt 0.249158 0.000000
vt 0.367003 0.000000
vt 0.255892 0.000000
vt 0.259259 0.000000
vt 0.292929 0.000000
vt 0.262626 0.000000
vt 0.370370 0.000000
vt 0.265993 0.000000
vt 0.269360 0.000000
vt 0.289562 0.000000
vt 0.373737 0.000000
vt 0.276094 0.000000
vt 0.420875 0.000000
vt 0.414141 0.000000
vt 0.417508 0.000000
vt 0.279461 0.000000
vt 0.410774 0.000000
vt 0.407407 0.000000
vt 0.282828 0.000000
vt 0.404040 0.000000
vt 0.286195 0.000000
vt 0.400673 0.000000
vt 0.397306 0.000000
vt 0.393939 0.000000
vt 0.390572 0.000000
vt 0.387205 0.000000
vt 0.377104 0.000000
vt 0.383838 0.000000
vt 0.380471 0.000000
vt 0.242424 0.000000
vt 0.239057 0.000000
vt 0.235690 0.000000
vt 0.232323 0.000000
vt 0.228956 0.000000
vt 0.225589 0.000000
vt 0.222222 0.000000
vt 0.218855 0.000000
vt 0.215488 0.000000
vt 0.424242 0.000000
vt 0.212121 0.000000
vt 0.427609 0.000000
vt 0.208754 0.000000
vt 0.430976 0.000000
vt 0.434343 0.000000
vt 0.205387 0.000000
vt 0.437710 0.000000
vt 0.441077 0.000000
vt 0.464646 0.000000
vt 0.202020 0.000000
vt 0.444444 0.000000
vt 0.447811 0.000000
vt 0.451178 0.000000
vt 0.457912 0.000000
vt 0.461279 0.000000
vt 0.468013 0.000000
vt 0.198653 0.000000
vt 0.471380 0.000000
vt 0.195286 0.000000
vt 0.191919 0.000000
vt 0.474747 0.000000
vt 0.188552 0.000000
vt 0.478114 0.000000
vt 0.185185 0.000000
vt 0.006734 0.000000
vt 0.003367 0.000000
vt 0.481481 0.000000
vt 0.010101 0.000000
vt 0.178451 0.000000
vt 0.013468 0.000000
vt 0.016835 0.000000
vt 0.020202 0.000000
vt 0.023569 0.000000
vt 0.175084 0.000000
vt 0.026936 0.000000
vt 0.030303 0.000000
vt 0.033670 0.000000
vt 0.484848 0.000000
vt 0.037037 0.000000
vt 0.127946 0.000000
vt 0.121212 0.000000
vt 0.124579 0.000000
vt 0.131313 0.000000
vt 0.117845 0.000000
vt 0.134680 0.000000
vt 0.171717 0.000000
vt 0.138047 0.000000
vt 0.114478 0.000000
vt 0.040404 0.000000
vt 0.141414 0.000000
vt 0.043771 0.000000
vt 0.111111 0.000000
vt 0.144781 0.000000
vt 0.047138 0.000000
vt 0.148148 0.000000
vt 0.107744 0.000000
vt 0.151515 0.000000
vt 0.168350 0.000000
vt 0.050505 0.000000
vt 0.104377 0.000000
vt 0.154882 0.000000
vt 0.053872 0.000000
vt 0.158249 0.000000
vt 0.488215 0.000000
vt 0.101010 0.000000
vt 0.164983 0.000000
vt 0.161616 0.000000
vt 0.057239 0.000000
vt 0.097643 0.000000
vt 0.060606 0.000000
vt 0.063973 0.000000
vt 0.094276 0.000000
vt 0.067340 0.000000
vt 0.996633 0.000000
vt 0.491582 0.000000
vt 0.993266 0.000000
vt 0.989899 0.000000
vt 0.585859 0.000000
vt 0.589226 0.000000
vt 0.070707 0.000000
vt 0.986532 0.000000
vt 0.983165 0.000000
vt 0.979798 0.000000
vt 0.074074 0.000000
vt 0.976431 0.000000
vt 0.592593 0.000000
vt 0.087542 0.000000
vt 0.595960 0.000000
vt 0.582492 0.000000
vt 0.599327 0.000000
vt 0.973064 0.000000
vt 0.579125 0.000000
vt 0.602694 0.000000
vt 0.077441 0.000000
vt 0.969697 0.000000
vt 0.575758 0.000000
vt 0.606061 0.000000
vt 0.966330 0.000000
vt 0.572391 0.000000
vt 0.609428 0.000000
vt 0.962963 0.000000
vt 0.080808 0.000000
vt 0.494949 0.000000
vt 0.084175 0.000000
vt 0.959596 0.000000
vt 0.569024 0.000000
vt 0.612795 0.000000
vt 0.956229 0.000000
vt 0.616162 0.000000
vt 0.565657 0.000000
vt 0.952862 0.000000
vt 0.619529 0.000000
vt 0.562290 0.000000
vt 0.949495 0.000000
vt 0.622896 0.000000
vt 0.558923 0.000000
vt 0.946128 0.000000
vt 0.498316 0.000000
vt 0.626263 0.000000
vt 0.555556 0.000000
vt 0.942761 0.000000
vt 0.939394 0.000000
vt 0.629630 0.000000
vt 0.552189 0.000000
vt 0.936027 0.000000
vt 0.632997 0.000000
vt 0.548822 0.000000
vt 0.932660 0.000000
vt 0.501683 0.000000
vt 0.929293 0.000000
vt 0.542088 0.000000
vt 0.925926 0.000000
vt 0.538721 0.000000
vt 0.922559 0.000000
vt 0.639731 0.000000
vt 0.535354 0.000000
vt 0.505050 0.000000
vt 0.875421 0.000000
vt 0.919192 0.000000
vt 0.531987 0.000000
vt 0.643098 0.000000
vt 0.528620 0.000000
vt 0.525253 0.000000
vt 0.508417 0.000000
vt 0.646465 0.000000
vt 0.521886 0.000000
vt 0.872054 0.000000
vt 0.878788 0.000000
vt 0.518519 0.000000
vt 0.649832 0.000000
vt 0.515152 0.000000
vt 0.868687 0.000000
vt 0.882155 0.000000
vt 0.511784 0.000000
vt 0.865320 0.000000
vt 0.885522 0.000000
vt 0.653199 0.000000
vt 0.861953 0.000000
vt 0.888889 0.000000
vt 0.858586 0.000000
vt 0.656566 0.000000
vt 0.892256 0.000000
vt 0.855219 0.000000
vt 0.895623 0.000000
vt 0.659933 0.000000
vt 0.851852 0.000000
vt 0.898990 0.000000
vt 0.848485 0.000000
vt 0.902357 0.000000
vt 0.663300 0.000000
vt 0.845118 0.000000
vt 0.905724 0.000000
vt 0.841751 0.000000
vt 0.666667 0.000000
vt 0.912458 0.000000
vt 0.838384 0.000000
vt 0.915825 0.000000
vt 0.670034 0.000000
vt 0.835017 0.000000
vt 0.831650 0.000000
vt 0.673401 0.000000
vt 0.828283 0.000000
vt 0.824916 0.000000
vt 0.676768 0.000000
vt 0.821549 0.000000
vt 0.680135 0.000000
vt 0.757576 0.000000
vt 0.750842 0.000000
vt 0.754209 0.000000
vt 0.814815 0.000000
vt 0.760943 0.000000
vt 0.764310 0.000000
vt 0.811448 0.000000
vt 0.767677 0.000000
vt 0.771044 0.000000
vt 0.808081 0.000000
vt 0.774411 0.000000
vt 0.777778 0.000000
vt 0.804714 0.000000
vt 0.781145 0.000000
vt 0.683502 0.000000
vt 0.801347 0.000000
vt 0.784512 0.000000
vt 0.787879 0.000000
vt 0.797980 0.000000
vt 0.791246 0.000000
vt 0.794613 0.000000
vt 0.686869 0.000000
vt 0.690236 0.000000
vt 0.693603 0.000000
vt 0.696970 0.000000
vt 0.747475 0.000000
vt 0.744108 0.000000
vt 0.740741 0.000000
vt 0.700337 0.000000
vt 0.737374 0.000000
vt 0.734007 0.000000
vt 0.730640 0.000000
vt 0.703704 0.000000
vt 0.723906 0.000000
vt 0.707071 0.000000
vt 0.720539 0.000000
vt 0.717172 0.000000
vt 0.710438 0.000000
vt 0.713805 0.000000
vt 0.802326 0.000000
vt 0.790698 0.000000
vt 0.796512 0.000000
vt 0.784884 0.000000
vt 0.808140 0.000000
vt 0.779070 0.000000
vt 0.813953 0.000000
vt 0.773256 0.000000
vt 0.819767 0.000000
vt 0.767442 0.000000
vt 0.825581 0.000000
vt 0.761628 0.000000
vt 0.831395 0.000000
vt 0.755814 0.000000
vt 0.837209 0.000000
vt 0.750000 0.000000
vt 0.843023 0.000000
vt 0.744186 0.000000
vt 0.848837 0.000000
vt 0.738372 0.000000
vt 0.854651 0.000000
vt 0.732558 0.000000
vt 0.860465 0.000000
vt 0.726744 0.000000
vt 0.866279 0.000000
vt 0.720930 0.000000
vt 0.872093 0.000000
vt 0.715116 0.000000
vt 0.709302 0.000000
vt 0.877907 0.000000
vt 0.703488 0.000000
vt 0.883721 0.000000
vt 0.697674 0.000000
vt 0.889535 0.000000
vt 0.691860 0.000000
vt 0.895349 0.000000
vt 0.686047 0.000000
vt 0.901163 0.000000
vt 0.680233 0.000000
vt 0.906977 0.000000
vt 0.587209 0.000000
vt 0.575581 0.000000
vt 0.581395 0.000000
vt 0.593023 0.000000
vt 0.674419 0.000000
vt 0.912791 0.000000
vt 0.598837 0.000000
vt 0.569767 0.000000
vt 0.604651 0.000000
vt 0.668605 0.000000
vt 0.563953 0.000000
vt 0.610465 0.000000
vt 0.918605 0.000000
vt 0.558140 0.000000
vt 0.616279 0.000000
vt 0.622093 0.000000
vt 0.662791 0.000000
vt 0.552326 0.000000
vt 0.924419 0.000000
vt 0.627907 0.000000
vt 0.546512 0.000000
vt 0.633721 0.000000
vt 0.656977 0.000000
vt 0.540698 0.000000
vt 0.639535 0.000000
vt 0.930233 0.000000
vt 0.645349 0.000000
vt 0.534884 0.000000
vt 0.651163 0.000000
vt 0.936047 0.000000
vt 0.529070 0.000000
vt 0.941860 0.000000
vt 0.947674 0.000000
vt 0.523256 0.000000
vt 0.953488 0.000000
vt 0.959302 0.000000
vt 0.965116 0.000000
vt 0.970930 0.000000
vt 0.517442 0.000000
vt 0.976744 0.000000
vt 0.982558 0.000000
vt 0.988372 0.000000
vt 0.994186 0.000000
vt 0.511628 0.000000
vt 0.430233 0.000000
vt 0.436047 0.000000
vt 0.441860 0.000000
vt 0.447674 0.000000
vt 0.453488 0.000000
vt 0.459302 0.000000
vt 0.465116 0.000000
vt 0.470930 0.000000
vt 0.476744 0.000000
vt 0.482558 0.000000
vt 0.488372 0.000000
vt 0.494186 0.000000
vt 0.505814 0.000000
vt 0.226744 0.000000
vt 0.215116 0.000000
vt 0.220930 0.000000
vt 0.209302 0.000000
vt 0.203488 0.000000
vt 0.232558 0.000000
vt 0.197674 0.000000
vt 0.238372 0.000000
vt 0.191860 0.000000
vt 0.244186 0.000000
vt 0.186047 0.000000
vt 0.250000 0.000000
vt 0.180233 0.000000
vt 0.255814 0.000000
vt 0.174419 0.000000
vt 0.261628 0.000000
vt 0.168605 0.000000
vt 0.267442 0.000000
vt 0.162791 0.000000
vt 0.273256 0.000000
vt 0.156977 0.000000
vt 0.279070 0.000000
vt 0.151163 0.000000
vt 0.284884 0.000000
vt 0.145349 0.000000
vt 0.290698 0.000000
vt 0.139535 0.000000
vt 0.296512 0.000000
vt 0.133721 0.000000
vt 0.302326 0.000000
vt 0.308140 0.000000
vt 0.127907 0.000000
vt 0.313953 0.000000
vt 0.122093 0.000000
vt 0.319767 0.000000
vt 0.116279 0.000000
vt 0.325581 0.000000
vt 0.110465 0.000000
vt 0.331395 0.000000
vt 0.104651 0.000000
vt 0.337209 0.000000
vt 0.098837 0.000000
vt 0.343023 0.000000
vt 0.093023 0.000000
vt 0.348837 0.000000
vt 0.087209 0.000000
vt 0.354651 0.000000
vt 0.081395 0.000000
vt 0.360465 0.000000
vt 0.075581 0.000000
vt 0.366279 0.000000
vt 0.069767 0.000000
vt 0.372093 0.000000
vt 0.377907 0.000000
vt 0.063953 0.000000
vt 0.383721 0.000000
vt 0.058140 0.000000
vt 0.389535 0.000000
vt 0.052326 0.000000
vt 0.395349 0.000000
vt 0.046512 0.000000
vt 0.401163 0.000000
vt 0.040698 0.000000
vt 0.406977 0.000000
vt 0.034884 0.000000
vt 0.412791 0.000000
vt 0.418605 0.000000
vt 0.029070 0.000000
vt 0.424419 0.000000
vt 0.023256 0.000000
vt 0.017442 0.000000
vt 0.005814 0.000000
vt 0.011628 0.000000
vt 0.013699 0.000000
vt 0.534247 0.000000
vt 0.506849 0.000000
vt 0.520548 0.000000
vt 0.547945 0.000000
vt 0.986301 0.000000
vt 0.561644 0.000000
vt 0.972603 0.000000
vt 0.575342 0.000000
vt 0.958904 0.000000
vt 0.589041 0.000000
vt 0.945205 0.000000
vt 0.602740 0.000000
vt 0.931507 0.000000
vt 0.616438 0.000000
vt 0.917808 0.000000
vt 0.630137 0.000000
vt 0.904110 0.000000
vt 0.643836 0.000000
vt 0.890411 0.000000
vt 0.657534 0.000000
vt 0.876712 0.000000
vt 0.671233 0.000000
vt 0.863014 0.000000
vt 0.684932 0.000000
vt 0.849315 0.000000
vt 0.835616 0.000000
vt 0.821918 0.000000
vt 0.808219 0.000000
vt 0.794521 0.000000
vt 0.780822 0.000000
vt 0.767123 0.000000
vt 0.753425 0.000000
vt 0.739726 0.000000
vt 0.726027 0.000000
vt 0.712329 0.000000
vt 0.698630 0.000000
vt 0.027397 0.000000
vt 0.041096 0.000000
vt 0.054795 0.000000
vt 0.068493 0.000000
vt 0.082192 0.000000
vt 0.095890 0.000000
vt 0.109589 0.000000
vt 0.123288 0.000000
vt 0.136986 0.000000
vt 0.150685 0.000000
vt 0.164384 0.000000
vt 0.178082 0.000000
vt 0.191781 0.000000
vt 0.205479 0.000000
vt 0.219178 0.000000
vt 0.246575 0.000000
vt 0.287671 0.000000
vt 0.328767 0.000000
vt 0.342466 0.000000
vt 0.356164 0.000000
vt 0.369863 0.000000
vt 0.383562 0.000000
vt 0.397260 0.000000
vt 0.410959 0.000000
vt 0.424658 0.000000
vt 0.438356 0.000000
vt 0.232877 0.000000
vt 0.260274 0.000000
vt 0.273973 0.000000
vt 0.301370 0.000000
vt 0.315068 0.000000
vt 0.452055 0.000000
vt 0.465753 0.000000
vt 0.479452 0.000000
vt 0.493151 0.000000
vt 0.834483 0.000000
vt 0.827586 0.000000
vt 0.993103 0.000000
vt 0.986207 0.000000
vt 0.841379 0.000000
vt 0.655172 0.000000
vt 0.820690 0.000000
vt 0.648276 0.000000
vt 0.979310 0.000000
vt 0.848276 0.000000
vt 0.813793 0.000000
vt 0.972414 0.000000
vt 0.855172 0.000000
vt 0.806897 0.000000
vt 0.662069 0.000000
vt 0.965517 0.000000
vt 0.862069 0.000000
vt 0.668966 0.000000
vt 0.868966 0.000000
vt 0.958621 0.000000
vt 0.793103 0.000000
vt 0.675862 0.000000
vt 0.875862 0.000000
vt 0.951724 0.000000
vt 0.786207 0.000000
vt 0.682759 0.000000
vt 0.882759 0.000000
vt 0.944828 0.000000
vt 0.689655 0.000000
vt 0.779310 0.000000
vt 0.889655 0.000000
vt 0.937931 0.000000
vt 0.696552 0.000000
vt 0.772414 0.000000
vt 0.896552 0.000000
vt 0.931035 0.000000
vt 0.703448 0.000000
vt 0.765517 0.000000
vt 0.924138 0.000000
vt 0.903448 0.000000
vt 0.710345 0.000000
vt 0.758621 0.000000
vt 0.910345 0.000000
vt 0.917241 0.000000
vt 0.717241 0.000000
vt 0.751724 0.000000
vt 0.744828 0.000000
vt 0.724138 0.000000
vt 0.731034 0.000000
vt 0.737931 0.000000
vt 0.462069 0.000000
vt 0.448276 0.000000
vt 0.455172 0.000000
vt 0.441379 0.000000
vt 0.434483 0.000000
vt 0.427586 0.000000
vt 0.420690 0.000000
vt 0.413793 0.000000
vt 0.289655 0.000000
vt 0.275862 0.000000
vt 0.282759 0.000000
vt 0.296552 0.000000
vt 0.303448 0.000000
vt 0.406897 0.000000
vt 0.310345 0.000000
vt 0.317241 0.000000
vt 0.324138 0.000000
vt 0.393103 0.000000
vt 0.331034 0.000000
vt 0.337931 0.000000
vt 0.386207 0.000000
vt 0.344828 0.000000
vt 0.351724 0.000000
vt 0.379310 0.000000
vt 0.358621 0.000000
vt 0.372414 0.000000
vt 0.365517 0.000000
vt 0.268966 0.000000
vt 0.262069 0.000000
vt 0.255172 0.000000
vt 0.248276 0.000000
vt 0.241379 0.000000
vt 0.234483 0.000000
vt 0.227586 0.000000
vt 0.468966 0.000000
vt 0.475862 0.000000
vt 0.482759 0.000000
vt 0.220690 0.000000
vt 0.489655 0.000000
vt 0.496552 0.000000
vt 0.503448 0.000000
vt 0.510345 0.000000
vt 0.213793 0.000000
vt 0.517241 0.000000
vt 0.524138 0.000000
vt 0.206897 0.000000
vt 0.531034 0.000000
vt 0.537931 0.000000
vt 0.544828 0.000000
vt 0.551724 0.000000
vt 0.193103 0.000000
vt 0.558621 0.000000
vt 0.006897 0.000000
vt 0.641379 0.000000
vt 0.634483 0.000000
vt 0.627586 0.000000
vt 0.620690 0.000000
vt 0.613793 0.000000
vt 0.606897 0.000000
vt 0.593103 0.000000
vt 0.586207 0.000000
vt 0.579310 0.000000
vt 0.572414 0.000000
vt 0.565517 0.000000
vt 0.013793 0.000000
vt 0.020690 0.000000
vt 0.027586 0.000000
vt 0.186207 0.000000
vt 0.034483 0.000000
vt 0.041379 0.000000
vt 0.048276 0.000000
vt 0.179310 0.000000
vt 0.055172 0.000000
vt 0.062069 0.000000
vt 0.068966 0.000000
vt 0.172414 0.000000
vt 0.075862 0.000000
vt 0.082759 0.000000
vt 0.165517 0.000000
vt 0.089655 0.000000
vt 0.096552 0.000000
vt 0.158621 0.000000
vt 0.103448 0.000000
vt 0.151724 0.000000
vt 0.144828 0.000000
vt 0.137931 0.000000
vt 0.131034 0.000000
vt 0.124138 0.000000
vt 0.117241 0.000000
vt 0.110345 0.000000
vt 0.227642 0.000000
vt 0.211382 0.000000
vt 0.219512 0.000000
vt 0.235772 0.000000
vt 0.991870 0.000000
vt 0.243902 0.000000
vt 0.983740 0.000000
vt 0.252033 0.000000
vt 0.975610 0.000000
vt 0.260163 0.000000
vt 0.967480 0.000000
vt 0.268293 0.000000
vt 0.959350 0.000000
vt 0.276423 0.000000
vt 0.951219 0.000000
vt 0.284553 0.000000
vt 0.943089 0.000000
vt 0.292683 0.000000
vt 0.934959 0.000000
vt 0.300813 0.000000
vt 0.308943 0.000000
vt 0.926829 0.000000
vt 0.317073 0.000000
vt 0.918699 0.000000
vt 0.325203 0.000000
vt 0.910569 0.000000
vt 0.902439 0.000000
vt 0.894309 0.000000
vt 0.341463 0.000000
vt 0.886179 0.000000
vt 0.349593 0.000000
vt 0.878049 0.000000
vt 0.357724 0.000000
vt 0.869919 0.000000
vt 0.365854 0.000000
vt 0.861789 0.000000
vt 0.853659 0.000000
vt 0.373984 0.000000
vt 0.845528 0.000000
vt 0.382114 0.000000
vt 0.837398 0.000000
vt 0.390244 0.000000
vt 0.829268 0.000000
vt 0.398374 0.000000
vt 0.821138 0.000000
vt 0.406504 0.000000
vt 0.813008 0.000000
vt 0.414634 0.000000
vt 0.804878 0.000000
vt 0.422764 0.000000
vt 0.796748 0.000000
vt 0.626016 0.000000
vt 0.609756 0.000000
vt 0.617886 0.000000
vt 0.788618 0.000000
vt 0.430894 0.000000
vt 0.634146 0.000000
vt 0.780488 0.000000
vt 0.642276 0.000000
vt 0.439024 0.000000
vt 0.601626 0.000000
vt 0.772358 0.000000
vt 0.650406 0.000000
vt 0.658537 0.000000
vt 0.764228 0.000000
vt 0.447154 0.000000
vt 0.593496 0.000000
vt 0.756098 0.000000
vt 0.674797 0.000000
vt 0.585366 0.000000
vt 0.747967 0.000000
vt 0.455285 0.000000
vt 0.682927 0.000000
vt 0.739837 0.000000
vt 0.691057 0.000000
vt 0.577236 0.000000
vt 0.731707 0.000000
vt 0.699187 0.000000
vt 0.463415 0.000000
vt 0.723577 0.000000
vt 0.707317 0.000000
vt 0.715447 0.000000
vt 0.569106 0.000000
vt 0.471545 0.000000
vt 0.560976 0.000000
vt 0.479675 0.000000
vt 0.552846 0.000000
vt 0.544715 0.000000
vt 0.487805 0.000000
vt 0.536585 0.000000
vt 0.495935 0.000000
vt 0.528455 0.000000
vt 0.504065 0.000000
vt 0.520325 0.000000
vt 0.512195 0.000000
vt 0.008130 0.000000
vt 0.203252 0.000000
vt 0.016260 0.000000
vt 0.195122 0.000000
vt 0.024390 0.000000
vt 0.186992 0.000000
vt 0.032520 0.000000
vt 0.178862 0.000000
vt 0.040650 0.000000
vt 0.170732 0.000000
vt 0.048780 0.000000
vt 0.162602 0.000000
vt 0.056911 0.000000
vt 0.154472 0.000000
vt 0.065041 0.000000
vt 0.146341 0.000000
vt 0.073171 0.000000
vt 0.138211 0.000000
vt 0.081301 0.000000
vt 0.130081 0.000000
vt 0.089431 0.000000
vt 0.121951 0.000000
vt 0.097561 0.000000
vt 0.113821 0.000000
vt 0.105691 0.000000
vt 0.593960 0.000000
vt 0.587248 0.000000
vt 0.590604 0.000000
vt 0.597315 0.000000
vt 0.996644 0.000000
vt 0.600671 0.000000
vt 0.993289 0.000000
vt 0.989933 0.000000
vt 0.604027 0.000000
vt 0.986577 0.000000
vt 0.607383 0.000000
vt 0.983221 0.000000
vt 0.610738 0.000000
vt 0.979866 0.000000
vt 0.614094 0.000000
vt 0.976510 0.000000
vt 0.617450 0.000000
vt 0.973154 0.000000
vt 0.620805 0.000000
vt 0.969799 0.000000
vt 0.926175 0.000000
vt 0.919463 0.000000
vt 0.922819 0.000000
vt 0.624161 0.000000
vt 0.929530 0.000000
vt 0.966443 0.000000
vt 0.932886 0.000000
vt 0.936242 0.000000
vt 0.939597 0.000000
vt 0.627517 0.000000
vt 0.942953 0.000000
vt 0.046980 0.000000
vt 0.040268 0.000000
vt 0.043624 0.000000
vt 0.946309 0.000000
vt 0.963087 0.000000
vt 0.949664 0.000000
vt 0.953020 0.000000
vt 0.036913 0.000000
vt 0.956376 0.000000
vt 0.959732 0.000000
vt 0.630872 0.000000
vt 0.033557 0.000000
vt 0.714765 0.000000
vt 0.708054 0.000000
vt 0.711409 0.000000
vt 0.704698 0.000000
vt 0.634228 0.000000
vt 0.701342 0.000000
vt 0.637584 0.000000
vt 0.697987 0.000000
vt 0.030201 0.000000
vt 0.640940 0.000000
vt 0.694631 0.000000
vt 0.644295 0.000000
vt 0.647651 0.000000
vt 0.691275 0.000000
vt 0.651007 0.000000
vt 0.687919 0.000000
vt 0.654362 0.000000
vt 0.684564 0.000000
vt 0.657718 0.000000
vt 0.681208 0.000000
vt 0.661074 0.000000
vt 0.677852 0.000000
vt 0.664430 0.000000
vt 0.674497 0.000000
vt 0.667785 0.000000
vt 0.671141 0.000000
vt 0.026846 0.000000
vt 0.023490 0.000000
vt 0.916107 0.000000
vt 0.912752 0.000000
vt 0.050336 0.000000
vt 0.909396 0.000000
vt 0.020134 0.000000
vt 0.906040 0.000000
vt 0.053691 0.000000
vt 0.902685 0.000000
vt 0.899329 0.000000
vt 0.895973 0.000000
vt 0.016779 0.000000
vt 0.057047 0.000000
vt 0.892617 0.000000
vt 0.889262 0.000000
vt 0.885906 0.000000
vt 0.882550 0.000000
vt 0.060403 0.000000
vt 0.013423 0.000000
vt 0.879195 0.000000
vt 0.795302 0.000000
vt 0.875839 0.000000
vt 0.063758 0.000000
vt 0.718121 0.000000
vt 0.791946 0.000000
vt 0.798658 0.000000
vt 0.721476 0.000000
vt 0.788591 0.000000
vt 0.010067 0.000000
vt 0.724832 0.000000
vt 0.785235 0.000000
vt 0.728188 0.000000
vt 0.781879 0.000000
vt 0.731544 0.000000
vt 0.778524 0.000000
vt 0.734899 0.000000
vt 0.775168 0.000000
vt 0.738255 0.000000
vt 0.771812 0.000000
vt 0.741611 0.000000
vt 0.768456 0.000000
vt 0.744966 0.000000
vt 0.765101 0.000000
vt 0.748322 0.000000
vt 0.761745 0.000000
vt 0.751678 0.000000
vt 0.758389 0.000000
vt 0.755034 0.000000
vt 0.067114 0.000000
vt 0.006711 0.000000
vt 0.003356 0.000000
vt 0.070470 0.000000
vt 0.872483 0.000000
vt 0.802013 0.000000
vt 0.073826 0.000000
vt 0.077181 0.000000
vt 0.080537 0.000000
vt 0.083893 0.000000
vt 0.805369 0.000000
vt 0.869128 0.000000
vt 0.258389 0.000000
vt 0.251678 0.000000
vt 0.255034 0.000000
vt 0.583893 0.000000
vt 0.580537 0.000000
vt 0.261745 0.000000
vt 0.577181 0.000000
vt 0.808725 0.000000
vt 0.573825 0.000000
vt 0.865772 0.000000
vt 0.265101 0.000000
vt 0.570470 0.000000
vt 0.567114 0.000000
vt 0.563758 0.000000
vt 0.812081 0.000000
vt 0.268456 0.000000
vt 0.560403 0.000000
vt 0.862416 0.000000
vt 0.557047 0.000000
vt 0.271812 0.000000
vt 0.553691 0.000000
vt 0.815436 0.000000
vt 0.550336 0.000000
vt 0.546980 0.000000
vt 0.275168 0.000000
vt 0.859060 0.000000
vt 0.543624 0.000000
vt 0.278524 0.000000
vt 0.818792 0.000000
vt 0.281879 0.000000
vt 0.855705 0.000000
vt 0.822148 0.000000
vt 0.285235 0.000000
vt 0.852349 0.000000
vt 0.288591 0.000000
vt 0.825503 0.000000
vt 0.291946 0.000000
vt 0.848993 0.000000
vt 0.828859 0.000000
vt 0.295302 0.000000
vt 0.338926 0.000000
vt 0.332215 0.000000
vt 0.335570 0.000000
vt 0.328859 0.000000
vt 0.325503 0.000000
vt 0.322148 0.000000
vt 0.318792 0.000000
vt 0.342282 0.000000
vt 0.315436 0.000000
vt 0.312081 0.000000
vt 0.308725 0.000000
vt 0.305369 0.000000
vt 0.345638 0.000000
vt 0.302013 0.000000
vt 0.298658 0.000000
vt 0.832215 0.000000
vt 0.845638 0.000000
vt 0.348993 0.000000
vt 0.352349 0.000000
vt 0.355705 0.000000
vt 0.540268 0.000000
vt 0.835570 0.000000
vt 0.536913 0.000000
vt 0.359060 0.000000
vt 0.842282 0.000000
vt 0.533557 0.000000
vt 0.362416 0.000000
vt 0.208054 0.000000
vt 0.211409 0.000000
vt 0.214765 0.000000
vt 0.530201 0.000000
vt 0.838926 0.000000
vt 0.218121 0.000000
vt 0.221477 0.000000
vt 0.204698 0.000000
vt 0.224832 0.000000
vt 0.228188 0.000000
vt 0.231544 0.000000
vt 0.201342 0.000000
vt 0.526846 0.000000
vt 0.234899 0.000000
vt 0.238255 0.000000
vt 0.197987 0.000000
vt 0.241611 0.000000
vt 0.365772 0.000000
vt 0.244966 0.000000
vt 0.248322 0.000000
vt 0.194631 0.000000
vt 0.087248 0.000000
vt 0.523490 0.000000
vt 0.090604 0.000000
vt 0.459732 0.000000
vt 0.191275 0.000000
vt 0.187919 0.000000
vt 0.520134 0.000000
vt 0.369128 0.000000
vt 0.184564 0.000000
vt 0.516779 0.000000
vt 0.181208 0.000000
vt 0.372483 0.000000
vt 0.456376 0.000000
vt 0.463087 0.000000
vt 0.513423 0.000000
vt 0.177852 0.000000
vt 0.466443 0.000000
vt 0.510067 0.000000
vt 0.174497 0.000000
vt 0.093960 0.000000
vt 0.469799 0.000000
vt 0.375839 0.000000
vt 0.506711 0.000000
vt 0.171141 0.000000
vt 0.473154 0.000000
vt 0.097315 0.000000
vt 0.476510 0.000000
vt 0.503356 0.000000
vt 0.167785 0.000000
vt 0.453020 0.000000
vt 0.100671 0.000000
vt 0.379195 0.000000
vt 0.479866 0.000000
vt 0.483221 0.000000
vt 0.486577 0.000000
vt 0.489933 0.000000
vt 0.493289 0.000000
vt 0.496644 0.000000
vt 0.164430 0.000000
vt 0.104027 0.000000
vt 0.161074 0.000000
vt 0.449664 0.000000
vt 0.107383 0.000000
vt 0.382550 0.000000
vt 0.157718 0.000000
vt 0.110738 0.000000
vt 0.154362 0.000000
vt 0.446309 0.000000
vt 0.151007 0.000000
vt 0.114094 0.000000
vt 0.385906 0.000000
vt 0.147651 0.000000
vt 0.117450 0.000000
vt 0.442953 0.000000
vt 0.144295 0.000000
vt 0.120805 0.000000
vt 0.140940 0.000000
vt 0.389262 0.000000
vt 0.124161 0.000000
vt 0.137584 0.000000
vt 0.127517 0.000000
vt 0.134228 0.000000
vt 0.130872 0.000000
vt 0.439597 0.000000
vt 0.392617 0.000000
vt 0.436242 0.000000
vt 0.395973 0.000000
vt 0.432886 0.000000
vt 0.399329 0.000000
vt 0.429530 0.000000
vt 0.402685 0.000000
vt 0.426174 0.000000
vt 0.406040 0.000000
vt 0.422819 0.000000
vt 0.409396 0.000000
vt 0.419463 0.000000
vt 0.412752 0.000000
vt 0.416107 0.000000
vt 0.910781 0.000000
vt 0.907063 0.000000
vt 0.996283 0.000000
vt 0.992565 0.000000
vt 0.988848 0.000000
vt 0.985130 0.000000
vt 0.981413 0.000000
vt 0.977695 0.000000
vt 0.973978 0.000000
vt 0.970260 0.000000
vt 0.966543 0.000000
vt 0.962825 0.000000
vt 0.959108 0.000000
vt 0.955390 0.000000
vt 0.914498 0.000000
vt 0.918216 0.000000
vt 0.921933 0.000000
vt 0.925651 0.000000
vt 0.929368 0.000000
vt 0.933086 0.000000
vt 0.936803 0.000000
vt 0.940520 0.000000
vt 0.944238 0.000000
vt 0.947955 0.000000
vt 0.951673 0.000000
vt 0.007435 0.000000
vt 0.003717 0.000000
vt 0.011152 0.000000
vt 0.014870 0.000000
vt 0.018587 0.000000
vt 0.022305 0.000000
vt 0.026022 0.000000
vt 0.029740 0.000000
vt 0.033457 0.000000
vt 0.037175 0.000000
vt 0.040892 0.000000
vt 0.044610 0.000000
vt 0.048327 0.000000
vt 0.052045 0.000000
vt 0.055762 0.000000
vt 0.059480 0.000000
vt 0.063197 0.000000
vt 0.066914 0.000000
vt 0.070632 0.000000
vt 0.074349 0.000000
vt 0.078067 0.000000
vt 0.081784 0.000000
vt 0.085502 0.000000
vt 0.141264 0.000000
vt 0.133829 0.000000
vt 0.137546 0.000000
vt 0.089219 0.000000
vt 0.130112 0.000000
vt 0.126394 0.000000
vt 0.122677 0.000000
vt 0.092937 0.000000
vt 0.118959 0.000000
vt 0.115242 0.000000
vt 0.096654 0.000000
vt 0.111524 0.000000
vt 0.100372 0.000000
vt 0.107807 0.000000
vt 0.104089 0.000000
vt 0.144981 0.000000
vt 0.148699 0.000000
vt 0.152416 0.000000
vt 0.156134 0.000000
vt 0.159851 0.000000
vt 0.163569 0.000000
vt 0.903346 0.000000
vt 0.167286 0.000000
vt 0.899628 0.000000
vt 0.171004 0.000000
vt 0.895911 0.000000
vt 0.174721 0.000000
vt 0.178439 0.000000
vt 0.892193 0.000000
vt 0.182156 0.000000
vt 0.185874 0.000000
vt 0.888476 0.000000
vt 0.884758 0.000000
vt 0.193309 0.000000
vt 0.197026 0.000000
vt 0.200743 0.000000
vt 0.204461 0.000000
vt 0.208178 0.000000
vt 0.211896 0.000000
vt 0.215613 0.000000
vt 0.219331 0.000000
vt 0.223048 0.000000
vt 0.226766 0.000000
vt 0.881041 0.000000
vt 0.230483 0.000000
vt 0.877323 0.000000
vt 0.873606 0.000000
vt 0.234201 0.000000
vt 0.869888 0.000000
vt 0.866171 0.000000
vt 0.862454 0.000000
vt 0.858736 0.000000
vt 0.855019 0.000000
vt 0.189591 0.000000
vt 0.237918 0.000000
vt 0.851301 0.000000
vt 0.847584 0.000000
vt 0.241636 0.000000
vt 0.843866 0.000000
vt 0.840149 0.000000
vt 0.836431 0.000000
vt 0.245353 0.000000
vt 0.832714 0.000000
vt 0.828996 0.000000
vt 0.249071 0.000000
vt 0.825279 0.000000
vt 0.821561 0.000000
vt 0.817844 0.000000
vt 0.252788 0.000000
vt 0.810409 0.000000
vt 0.802974 0.000000
vt 0.806691 0.000000
vt 0.799257 0.000000
vt 0.814126 0.000000
vt 0.795539 0.000000
vt 0.791822 0.000000
vt 0.788104 0.000000
vt 0.784387 0.000000
vt 0.780669 0.000000
vt 0.776952 0.000000
vt 0.773234 0.000000
vt 0.769517 0.000000
vt 0.765799 0.000000
vt 0.762082 0.000000
vt 0.758364 0.000000
vt 0.754647 0.000000
vt 0.750929 0.000000
vt 0.747212 0.000000
vt 0.743494 0.000000
vt 0.739777 0.000000
vt 0.256506 0.000000
vt 0.408922 0.000000
vt 0.736059 0.000000
vt 0.412639 0.000000
vt 0.732342 0.000000
vt 0.416357 0.000000
vt 0.405204 0.000000
vt 0.420074 0.000000
vt 0.728625 0.000000
vt 0.401487 0.000000
vt 0.423792 0.000000
vt 0.397770 0.000000
vt 0.427509 0.000000
vt 0.394052 0.000000
vt 0.431227 0.000000
vt 0.390335 0.000000
vt 0.434944 0.000000
vt 0.386617 0.000000
vt 0.724907 0.000000
vt 0.382900 0.000000
vt 0.438662 0.000000
vt 0.379182 0.000000
vt 0.442379 0.000000
vt 0.260223 0.000000
vt 0.721190 0.000000
vt 0.375465 0.000000
vt 0.446097 0.000000
vt 0.371747 0.000000
vt 0.717472 0.000000
vt 0.449814 0.000000
vt 0.368030 0.000000
vt 0.364312 0.000000
vt 0.713755 0.000000
vt 0.453532 0.000000
vt 0.457249 0.000000
vt 0.710037 0.000000
vt 0.360595 0.000000
vt 0.460967 0.000000
vt 0.706320 0.000000
vt 0.263941 0.000000
vt 0.356877 0.000000
vt 0.464684 0.000000
vt 0.702602 0.000000
vt 0.468401 0.000000
vt 0.698885 0.000000
vt 0.353160 0.000000
vt 0.472119 0.000000
vt 0.695167 0.000000
vt 0.475836 0.000000
vt 0.267658 0.000000
vt 0.349442 0.000000
vt 0.691450 0.000000
vt 0.479554 0.000000
vt 0.687732 0.000000
vt 0.483271 0.000000
vt 0.345725 0.000000
vt 0.684015 0.000000
vt 0.486989 0.000000
vt 0.680297 0.000000
vt 0.271375 0.000000
vt 0.676580 0.000000
vt 0.490706 0.000000
vt 0.342007 0.000000
vt 0.672862 0.000000
vt 0.494424 0.000000
vt 0.275093 0.000000
vt 0.669145 0.000000
vt 0.498141 0.000000
vt 0.665428 0.000000
vt 0.338290 0.000000
vt 0.598513 0.000000
vt 0.591078 0.000000
vt 0.594796 0.000000
vt 0.661710 0.000000
vt 0.602230 0.000000
vt 0.278810 0.000000
vt 0.605948 0.000000
vt 0.501859 0.000000
vt 0.657993 0.000000
vt 0.609665 0.000000
vt 0.282528 0.000000
vt 0.613383 0.000000
vt 0.654275 0.000000
vt 0.617100 0.000000
vt 0.286245 0.000000
vt 0.505576 0.000000
vt 0.650558 0.000000
vt 0.620818 0.000000
vt 0.624535 0.000000
vt 0.646840 0.000000
vt 0.628253 0.000000
vt 0.289963 0.000000
vt 0.631970 0.000000
vt 0.643123 0.000000
vt 0.635688 0.000000
vt 0.639405 0.000000
vt 0.334572 0.000000
vt 0.293680 0.000000
vt 0.297398 0.000000
vt 0.301115 0.000000
vt 0.509294 0.000000
vt 0.304833 0.000000
vt 0.308550 0.000000
vt 0.312268 0.000000
vt 0.330855 0.000000
vt 0.315985 0.000000
vt 0.513011 0.000000
vt 0.319703 0.000000
vt 0.323420 0.000000
vt 0.327138 0.000000
vt 0.516729 0.000000
vt 0.520446 0.000000
vt 0.524164 0.000000
vt 0.527881 0.000000
vt 0.587361 0.000000
vt 0.583643 0.000000
vt 0.531599 0.000000
vt 0.579926 0.000000
vt 0.576208 0.000000
vt 0.572491 0.000000
vt 0.535316 0.000000
vt 0.568773 0.000000
vt 0.565056 0.000000
vt 0.539033 0.000000
vt 0.561338 0.000000
vt 0.557621 0.000000
vt 0.542751 0.000000
vt 0.553903 0.000000
vt 0.550186 0.000000
vt 0.546468 0.000000
vt 0.093525 0.000000
vt 0.057554 0.000000
vt 0.086331 0.000000
vt 0.064748 0.000000
vt 0.992806 0.000000
vt 0.079137 0.000000
vt 0.071942 0.000000
vt 0.007194 0.000000
vt 0.021583 0.000000
vt 0.014388 0.000000
vt 0.028777 0.000000
vt 0.035971 0.000000
vt 0.050360 0.000000
vt 0.043165 0.000000
vt 0.100719 0.000000
vt 0.107914 0.000000
vt 0.359712 0.000000
vt 0.352518 0.000000
vt 0.366906 0.000000
vt 0.374101 0.000000
vt 0.985611 0.000000
vt 0.978417 0.000000
vt 0.115108 0.000000
vt 0.345324 0.000000
vt 0.122302 0.000000
vt 0.338129 0.000000
vt 0.129496 0.000000
vt 0.726619 0.000000
vt 0.712230 0.000000
vt 0.719424 0.000000
vt 0.705036 0.000000
vt 0.697842 0.000000
vt 0.690647 0.000000
vt 0.683453 0.000000
vt 0.676259 0.000000
vt 0.330935 0.000000
vt 0.669065 0.000000
vt 0.136691 0.000000
vt 0.661870 0.000000
vt 0.654676 0.000000
vt 0.647482 0.000000
vt 0.640288 0.000000
vt 0.733813 0.000000
vt 0.633094 0.000000
vt 0.625899 0.000000
vt 0.143885 0.000000
vt 0.323741 0.000000
vt 0.741007 0.000000
vt 0.151079 0.000000
vt 0.618705 0.000000
vt 0.748201 0.000000
vt 0.316547 0.000000
vt 0.158273 0.000000
vt 0.755396 0.000000
vt 0.611511 0.000000
vt 0.165468 0.000000
vt 0.309353 0.000000
vt 0.762590 0.000000
vt 0.381295 0.000000
vt 0.971223 0.000000
vt 0.964029 0.000000
vt 0.769784 0.000000
vt 0.172662 0.000000
vt 0.956835 0.000000
vt 0.604317 0.000000
vt 0.949640 0.000000
vt 0.776978 0.000000
vt 0.388489 0.000000
vt 0.942446 0.000000
vt 0.302158 0.000000
vt 0.179856 0.000000
vt 0.935252 0.000000
vt 0.784173 0.000000
vt 0.928058 0.000000
vt 0.791367 0.000000
vt 0.920863 0.000000
vt 0.913669 0.000000
vt 0.798561 0.000000
vt 0.906475 0.000000
vt 0.899281 0.000000
vt 0.805755 0.000000
vt 0.892086 0.000000
vt 0.884892 0.000000
vt 0.877698 0.000000
vt 0.870504 0.000000
vt 0.863309 0.000000
vt 0.856115 0.000000
vt 0.848921 0.000000
vt 0.841727 0.000000
vt 0.834532 0.000000
vt 0.827338 0.000000
vt 0.820144 0.000000
vt 0.812950 0.000000
vt 0.597122 0.000000
vt 0.395683 0.000000
vt 0.187050 0.000000
vt 0.294964 0.000000
vt 0.194245 0.000000
vt 0.402878 0.000000
vt 0.201439 0.000000
vt 0.589928 0.000000
vt 0.208633 0.000000
vt 0.215827 0.000000
vt 0.410072 0.000000
vt 0.287770 0.000000
vt 0.223022 0.000000
vt 0.582734 0.000000
vt 0.230216 0.000000
vt 0.417266 0.000000
vt 0.237410 0.000000
vt 0.575540 0.000000
vt 0.424460 0.000000
vt 0.280576 0.000000
vt 0.244604 0.000000
vt 0.568345 0.000000
vt 0.431655 0.000000
vt 0.251799 0.000000
vt 0.438849 0.000000
vt 0.561151 0.000000
vt 0.258993 0.000000
vt 0.266187 0.000000
vt 0.273381 0.000000
vt 0.446043 0.000000
vt 0.553957 0.000000
vt 0.453237 0.000000
vt 0.546763 0.000000
vt 0.460432 0.000000
vt 0.467626 0.000000
vt 0.474820 0.000000
vt 0.482014 0.000000
vt 0.489209 0.000000
vt 0.496403 0.000000
vt 0.503597 0.000000
vt 0.510791 0.000000
vt 0.517986 0.000000
vt 0.525180 0.000000
vt 0.532374 0.000000
vt 0.539568 0.000000
s 0
f 77/1/1 75/2/1 76/3/1
f 78/4/1 75/2/1 77/1/1
f 79/5/1 75/2/1 78/4/1
f 80/6/1 75/2/1 79/5/1
f 81/7/1 75/2/1 80/6/1
f 82/8/1 75/2/1 81/7/1
f 83/9/1 75/2/1 82/8/1
f 84/10/1 75/2/1 83/9/1
f 85/11/1 75/2/1 84/10/1
f 86/12/1 75/2/1 85/11/1
f 87/13/1 75/2/1 86/12/1
f 88/14/1 75/2/1 87/13/1
f 89/15/1 75/2/1 88/14/1
f 90/16/1 75/2/1 89/15/1
f 91/17/1 75/2/1 90/16/1
f 92/18/1 75/2/1 91/17/1
f 93/19/1 75/2/1 92/18/1
f 94/20/1 75/2/1 93/19/1
f 95/21/1 75/2/1 94/20/1
f 96/22/1 75/2/1 95/21/1
f 97/23/1 75/2/1 96/22/1
f 98/24/1 75/2/1 97/23/1
f 99/25/1 75/2/1 98/24/1
f 100/26/1 75/2/1 99/25/1
f 101/27/2 75/2/2 100/26/2
f 102/28/1 75/2/1 101/27/1
f 103/29/1 75/2/1 102/28/1
f 104/30/1 75/2/1 103/29/1
f 105/31/1 75/2/1 104/30/1
f 106/32/2 75/2/2 105/31/2
f 107/33/3 75/2/3 106/32/3
f 108/34/1 75/2/1 107/33/1
f 109/35/2 75/2/2 108/34/2
f 110/36/1 75/2/1 109/35/1
f 111/37/1 75/2/1 110/36/1
f 1/38/1 75/2/1 111/37/1
f 2/39/1 3/40/1 1/38/1
f 3/40/1 4/41/1 1/38/1
f 4/41/1 5/42/1 1/38/1
f 5/42/1 6/43/1 1/38/1
f 6/43/1 7/44/1 1/38/1
f 7/44/1 8/45/1 1/38/1
f 8/45/1 9/46/1 1/38/1
f 9/46/1 10/47/1 1/38/1
f 10/47/1 14/48/1 1/38/1
f 14/48/1 70/49/1 1/38/1
f 70/49/1 71/50/1 1/38/1
f 71/50/1 72/51/1 1/38/1
f 72/51/1 73/52/1 1/38/1
f 73/52/1 74/53/1 1/38/1
f 74/53/4 75/2/4 1/38/4
f 14/48/2 69/54/2 70/49/2
f 14/48/1 68/55/1 69/54/1
f 14/48/1 67/56/1 68/55/1
f 14/48/1 66/57/1 67/56/1
f 14/48/1 65/58/1 66/57/1
f 14/48/1 64/59/1 65/58/1
f 10/47/5 11/60/5 14/48/5
f 11/60/6 13/61/6 14/48/6
f 15/62/1 64/59/1 14/48/1
f 15/62/1 63/63/1 64/59/1
f 11/60/7 12/64/7 13/61/7
f 15/62/1 62/65/1 63/63/1
f 16/66/1 62/65/1 15/62/1
f 16/66/1 61/67/1 62/65/1
f 17/68/1 61/67/1 16/66/1
f 17/68/1 60/69/1 61/67/1
f 18/70/1 60/69/1 17/68/1
f 18/70/1 59/71/1 60/69/1
f 19/72/1 59/71/1 18/70/1
f 19/72/1 58/73/1 59/71/1
f 20/74/1 58/73/1 19/72/1
f 20/74/1 57/75/1 58/73/1
f 21/76/1 57/75/1 20/74/1
f 21/76/1 56/77/1 57/75/1
f 22/78/1 56/77/1 21/76/1
f 22/78/1 55/79/1 56/77/1
f 23/80/1 55/79/1 22/78/1
f 23/80/1 54/81/1 55/79/1
f 24/82/1 54/81/1 23/80/1
f 24/82/1 53/83/1 54/81/1
f 24/82/1 52/84/1 53/83/1
f 25/85/1 52/84/1 24/82/1
f 25/85/1 51/86/1 52/84/1
f 26/87/1 51/86/1 25/85/1
f 26/87/1 50/88/1 51/86/1
f 27/89/1 50/88/1 26/87/1
f 27/89/1 49/90/1 50/88/1
f 28/91/1 49/90/1 27/89/1
f 28/91/1 48/92/1 49/90/1
f 29/93/1 48/92/1 28/91/1
f 29/93/1 47/94/1 48/92/1
f 29/93/1 46/95/1 47/94/1
f 30/96/1 46/95/1 29/93/1
f 30/96/1 45/97/1 46/95/1
f 31/98/1 45/97/1 30/96/1
f 31/98/1 44/99/1 45/97/1
f 31/98/1 43/100/1 44/99/1
f 32/101/1 43/100/1 31/98/1
f 32/101/1 42/102/1 43/100/1
f 32/101/1 41/103/1 42/102/1
f 32/101/1 40/104/1 41/103/1
f 32/101/1 39/105/1 40/104/1
f 33/106/1 39/105/1 32/101/1
f 33/106/1 38/107/1 39/105/1
f 34/108/1 38/107/1 33/106/1
f 35/109/1 38/107/1 34/108/1
f 36/110/1 38/107/1 35/109/1
f 37/111/1 38/107/1 36/110/1
f 114/112/1 112/38/1 113/113/1
f 114/112/1 209/37/1 112/38/1
f 115/114/1 209/37/1 114/112/1
f 115/114/1 208/115/1 209/37/1
f 116/116/1 208/115/1 115/114/1
f 116/116/1 207/117/1 208/115/1
f 117/118/1 207/117/1 116/116/1
f 117/118/1 206/119/1 207/117/1
f 118/120/1 206/119/1 117/118/1
f 118/120/1 205/121/1 206/119/1
f 119/122/1 205/121/1 118/120/1
f 119/122/1 204/123/1 205/121/1
f 120/124/1 204/123/1 119/122/1
f 120/124/1 203/125/1 204/123/1
f 121/126/1 203/125/1 120/124/1
f 121/126/1 202/127/1 203/125/1
f 122/128/1 202/127/1 121/126/1
f 122/128/1 201/129/1 202/127/1
f 123/130/1 201/129/1 122/128/1
f 123/130/1 200/131/1 201/129/1
f 124/132/1 200/131/1 123/130/1
f 124/132/1 199/133/1 200/131/1
f 125/134/1 199/133/1 124/132/1
f 125/134/1 198/135/1 199/133/1
f 126/136/1 198/135/1 125/134/1
f 126/136/1 197/137/1 198/135/1
f 127/138/1 197/137/1 126/136/1
f 127/138/1 196/139/1 197/137/1
f 128/140/1 196/139/1 127/138/1
f 128/140/1 195/141/1 196/139/1
f 129/142/1 195/141/1 128/140/1
f 129/142/1 194/143/1 195/141/1
f 130/144/1 194/143/1 129/142/1
f 130/144/1 193/145/1 194/143/1
f 131/146/1 193/145/1 130/144/1
f 131/146/1 192/147/1 193/145/1
f 131/146/1 191/148/1 192/147/1
f 132/149/1 191/148/1 131/146/1
f 132/149/1 190/150/1 191/148/1
f 133/151/1 190/150/1 132/149/1
f 133/151/1 189/152/1 190/150/1
f 134/153/1 189/152/1 133/151/1
f 134/153/1 188/154/1 189/152/1
f 135/155/1 188/154/1 134/153/1
f 135/155/1 187/156/1 188/154/1
f 136/157/1 187/156/1 135/155/1
f 163/158/1 161/159/1 162/160/1
f 136/157/1 186/161/1 187/156/1
f 164/162/1 161/159/1 163/158/1
f 137/163/1 186/161/1 136/157/1
f 165/164/1 161/159/1 164/162/1
f 137/163/1 185/165/1 186/161/1
f 138/166/1 185/165/1 137/163/1
f 165/164/1 160/167/1 161/159/1
f 166/168/1 160/167/1 165/164/1
f 138/166/1 184/169/1 185/165/1
f 166/168/1 159/170/1 160/167/1
f 167/171/1 159/170/1 166/168/1
f 139/172/1 184/169/1 138/166/1
f 139/172/1 183/173/1 184/169/1
f 167/171/1 158/174/1 159/170/1
f 168/175/1 158/174/1 167/171/1
f 139/172/1 182/176/1 183/173/1
f 140/177/1 182/176/1 139/172/1
f 169/178/1 158/174/1 168/175/1
f 169/178/1 157/179/1 158/174/1
f 140/177/1 181/180/1 182/176/1
f 170/181/1 157/179/1 169/178/1
f 140/177/1 180/182/1 181/180/1
f 170/181/1 156/183/1 157/179/1
f 141/184/1 180/182/1 140/177/1
f 141/184/1 179/185/1 180/182/1
f 171/186/1 156/183/1 170/181/1
f 141/184/1 178/187/1 179/185/1
f 172/188/1 156/183/1 171/186/1
f 172/188/1 155/189/1 156/183/1
f 141/184/1 177/190/1 178/187/1
f 142/191/1 177/190/1 141/184/1
f 173/192/1 155/189/1 172/188/1
f 142/191/1 176/193/1 177/190/1
f 142/191/1 175/194/1 176/193/1
f 174/195/1 155/189/1 173/192/1
f 142/191/1 174/195/1 175/194/1
f 142/191/1 155/189/1 174/195/1
f 142/191/1 154/196/1 155/189/1
f 143/197/1 154/196/1 142/191/1
f 143/197/1 153/198/1 154/196/1
f 144/199/1 153/198/1 143/197/1
f 144/199/1 152/200/1 153/198/1
f 145/201/1 152/200/1 144/199/1
f 146/202/1 152/200/1 145/201/1
f 146/202/1 151/203/1 152/200/1
f 147/204/1 151/203/1 146/202/1
f 147/204/1 150/205/1 151/203/1
f 148/206/1 150/205/1 147/204/1
f 148/206/1 149/207/1 150/205/1
f 366/208/1 443/37/1 365/209/1
f 366/208/1 442/210/1 443/37/1
f 211/211/1 213/212/1 210/38/1
f 213/212/1 217/213/1 210/38/1
f 213/212/1 214/214/1 217/213/1
f 214/214/1 216/215/1 217/213/1
f 211/211/1 212/216/1 213/212/1
f 215/217/1 216/215/1 214/214/1
f 255/218/1 279/219/1 280/220/1
f 219/221/1 254/222/1 218/223/1
f 255/218/1 278/224/1 279/219/1
f 368/225/1 366/208/1 367/226/1
f 368/225/1 442/210/1 366/208/1
f 368/225/1 441/227/1 442/210/1
f 368/225/1 440/228/1 441/227/1
f 220/229/1 254/222/1 219/221/1
f 220/229/1 253/230/1 254/222/1
f 255/218/1 277/231/1 278/224/1
f 256/232/1 277/231/1 255/218/1
f 221/233/1 253/230/1 220/229/1
f 256/232/1 276/234/1 277/231/1
f 221/233/1 252/235/1 253/230/1
f 257/236/1 276/234/1 256/232/1
f 222/237/1 252/235/1 221/233/1
f 257/236/1 275/238/1 276/234/1
f 222/237/1 251/239/1 252/235/1
f 258/240/1 275/238/1 257/236/1
f 223/241/1 251/239/1 222/237/1
f 258/240/1 274/242/1 275/238/1
f 259/243/1 274/242/1 258/240/1
f 223/241/1 250/244/1 251/239/1
f 369/245/8 440/228/8 368/225/8
f 370/246/1 439/247/1 369/245/1
f 439/247/9 440/228/9 369/245/9
f 370/246/1 438/248/1 439/247/1
f 224/249/1 250/244/1 223/241/1
f 259/243/1 273/250/1 274/242/1
f 260/251/1 273/250/1 259/243/1
f 224/249/1 249/252/1 250/244/1
f 225/253/1 249/252/1 224/249/1
f 260/251/1 272/254/1 273/250/1
f 261/255/1 272/254/1 260/251/1
f 226/256/1 249/252/1 225/253/1
f 226/256/1 248/257/1 249/252/1
f 261/255/1 271/258/1 272/254/1
f 262/259/1 271/258/1 261/255/1
f 227/260/1 248/257/1 226/256/1
f 227/260/1 247/261/1 248/257/1
f 262/259/1 270/262/1 271/258/1
f 228/263/1 247/261/1 227/260/1
f 263/264/1 270/262/1 262/259/1
f 228/263/1 246/265/1 247/261/1
f 263/264/1 269/266/1 270/262/1
f 229/267/1 246/265/1 228/263/1
f 264/268/1 269/266/1 263/264/1
f 230/269/1 246/265/1 229/267/1
f 264/268/1 268/270/1 269/266/1
f 230/269/1 245/271/1 246/265/1
f 265/272/1 268/270/1 264/268/1
f 231/273/1 245/271/1 230/269/1
f 282/274/1 364/275/1 281/276/1
f 282/274/1 363/277/1 364/275/1
f 232/278/1 245/271/1 231/273/1
f 265/272/1 266/279/1 268/270/1
f 266/279/1 267/280/1 268/270/1
f 233/281/1 245/271/1 232/278/1
f 233/281/1 244/282/1 245/271/1
f 234/283/1 244/282/1 233/281/1
f 235/284/1 244/282/1 234/283/1
f 236/285/1 244/282/1 235/284/1
f 236/285/1 243/286/1 244/282/1
f 237/287/1 243/286/1 236/285/1
f 238/288/1 243/286/1 237/287/1
f 239/289/1 243/286/1 238/288/1
f 239/289/1 240/290/1 243/286/1
f 240/290/1 241/291/1 243/286/1
f 241/291/1 242/292/1 243/286/1
f 438/248/1 436/293/1 437/294/1
f 370/246/1 436/293/1 438/248/1
f 371/295/1 436/293/1 370/246/1
f 284/296/1 282/274/1 283/297/1
f 284/296/1 363/277/1 282/274/1
f 284/296/1 362/298/1 363/277/1
f 284/296/1 361/299/1 362/298/1
f 371/295/1 435/300/1 436/293/1
f 372/301/1 373/302/1 371/295/1
f 373/302/1 435/300/1 371/295/1
f 373/302/1 434/303/1 435/300/1
f 285/304/9 361/299/9 284/296/9
f 286/305/1 360/306/1 285/304/1
f 360/306/9 361/299/9 285/304/9
f 286/305/1 359/307/1 360/306/1
f 374/308/1 434/303/1 373/302/1
f 286/305/1 324/309/1 359/307/1
f 324/309/1 358/310/1 359/307/1
f 287/311/1 321/312/1 286/305/1
f 321/312/1 324/309/1 286/305/1
f 321/312/1 323/313/1 324/309/1
f 325/314/1 358/310/1 324/309/1
f 287/311/1 320/315/1 321/312/1
f 322/316/1 323/313/1 321/312/1
f 325/314/1 357/317/1 358/310/1
f 288/318/1 320/315/1 287/311/1
f 326/319/1 357/317/1 325/314/1
f 288/318/1 319/320/1 320/315/1
f 326/319/1 356/321/1 357/317/1
f 289/322/1 319/320/1 288/318/1
f 327/323/1 356/321/1 326/319/1
f 327/323/1 355/324/1 356/321/1
f 289/322/1 318/325/1 319/320/1
f 290/326/1 318/325/1 289/322/1
f 328/327/1 355/324/1 327/323/1
f 328/327/1 354/328/1 355/324/1
f 290/326/1 317/329/1 318/325/1
f 291/330/1 317/329/1 290/326/1
f 328/327/1 353/331/1 354/328/1
f 329/332/1 353/331/1 328/327/1
f 292/333/1 317/329/1 291/330/1
f 292/333/1 316/334/1 317/329/1
f 329/332/1 352/335/1 353/331/1
f 293/336/1 316/334/1 292/333/1
f 330/337/1 352/335/1 329/332/1
f 293/336/1 315/338/1 316/334/1
f 330/337/1 351/339/1 352/335/1
f 294/340/1 315/338/1 293/336/1
f 331/341/1 351/339/1 330/337/1
f 294/340/1 314/342/1 315/338/1
f 331/341/1 350/343/1 351/339/1
f 295/344/1 314/342/1 294/340/1
f 332/345/1 350/343/1 331/341/1
f 332/345/1 349/346/1 350/343/1
f 295/344/1 313/347/1 314/342/1
f 296/348/1 313/347/1 295/344/1
f 332/345/1 348/349/1 349/346/1
f 333/350/1 348/349/1 332/345/1
f 297/351/1 313/347/1 296/348/1
f 297/351/1 312/352/1 313/347/1
f 333/350/1 347/353/1 348/349/1
f 298/354/1 312/352/1 297/351/1
f 333/350/1 346/355/1 347/353/1
f 299/356/1 312/352/1 298/354/1
f 333/350/1 345/357/1 346/355/1
f 334/358/1 345/357/1 333/350/1
f 300/359/1 312/352/1 299/356/1
f 334/358/1 344/360/1 345/357/1
f 300/359/1 311/361/1 312/352/1
f 301/362/1 311/361/1 300/359/1
f 334/358/1 343/363/1 344/360/1
f 302/364/1 311/361/1 301/362/1
f 334/358/1 342/365/1 343/363/1
f 303/366/1 311/361/1 302/364/1
f 334/358/1 341/367/1 342/365/1
f 335/368/1 341/367/1 334/358/1
f 304/369/1 311/361/1 303/366/1
f 304/369/1 310/370/1 311/361/1
f 335/368/1 340/371/1 341/367/1
f 375/372/1 434/303/1 374/308/1
f 375/372/1 433/373/1 434/303/1
f 376/374/1 433/373/1 375/372/1
f 305/375/1 310/370/1 304/369/1
f 335/368/1 339/376/1 340/371/1
f 377/377/1 433/373/1 376/374/1
f 378/378/1 433/373/1 377/377/1
f 306/379/1 310/370/1 305/375/1
f 378/378/1 432/380/1 433/373/1
f 379/381/1 432/380/1 378/378/1
f 335/368/1 338/382/1 339/376/1
f 336/383/1 337/384/1 335/368/1
f 337/384/1 338/382/1 335/368/1
f 380/385/1 432/380/1 379/381/1
f 381/386/1 432/380/1 380/385/1
f 382/387/1 432/380/1 381/386/1
f 307/388/1 310/370/1 306/379/1
f 307/388/1 308/389/1 310/370/1
f 308/389/1 309/390/1 310/370/1
f 383/391/2 432/380/2 382/387/2
f 384/392/1 432/380/1 383/391/1
f 385/393/1 432/380/1 384/392/1
f 386/394/1 432/380/1 385/393/1
f 399/395/1 397/396/1 398/397/1
f 387/398/1 432/380/1 386/394/1
f 388/399/1 432/380/1 387/398/1
f 389/400/1 432/380/1 388/399/1
f 390/401/1 432/380/1 389/400/1
f 399/395/1 396/402/1 397/396/1
f 391/403/1 432/380/1 390/401/1
f 392/404/1 432/380/1 391/403/1
f 399/395/1 395/405/1 396/402/1
f 393/406/10 432/380/10 392/404/10
f 399/395/1 394/407/1 395/405/1
f 394/407/1 432/380/1 393/406/1
f 399/395/1 432/380/1 394/407/1
f 399/395/1 431/408/1 432/380/1
f 400/409/1 431/408/1 399/395/1
f 400/409/1 430/410/1 431/408/1
f 401/411/1 430/410/1 400/409/1
f 401/411/1 429/412/1 430/410/1
f 402/413/1 429/412/1 401/411/1
f 403/414/1 429/412/1 402/413/1
f 403/414/1 428/415/1 429/412/1
f 404/416/1 428/415/1 403/414/1
f 404/416/1 427/417/1 428/415/1
f 405/418/1 427/417/1 404/416/1
f 405/418/1 426/419/1 427/417/1
f 405/418/1 425/420/1 426/419/1
f 406/421/1 425/420/1 405/418/1
f 406/421/1 424/422/1 425/420/1
f 407/423/1 424/422/1 406/421/1
f 407/423/1 423/424/1 424/422/1
f 407/423/1 422/425/1 423/424/1
f 408/426/1 422/425/1 407/423/1
f 408/426/1 421/427/1 422/425/1
f 408/426/1 420/428/1 421/427/1
f 409/429/1 420/428/1 408/426/1
f 409/429/1 419/430/1 420/428/1
f 409/429/1 418/431/1 419/430/1
f 409/429/1 417/432/1 418/431/1
f 410/433/1 417/432/1 409/429/1
f 410/433/1 416/434/1 417/432/1
f 410/433/1 415/435/1 416/434/1
f 410/433/1 414/436/1 415/435/1
f 410/433/3 413/437/3 414/436/3
f 410/433/2 412/438/2 413/437/2
f 410/433/11 411/439/11 412/438/11
f 544/440/1 542/441/1 543/442/1
f 544/440/1 541/443/1 542/441/1
f 545/444/1 541/443/1 544/440/1
f 545/444/1 540/445/1 541/443/1
f 546/446/1 540/445/1 545/444/1
f 546/446/1 539/447/1 540/445/1
f 547/448/1 539/447/1 546/446/1
f 547/448/1 538/449/1 539/447/1
f 548/450/1 538/449/1 547/448/1
f 548/450/1 537/451/1 538/449/1
f 548/450/1 536/452/1 537/451/1
f 549/453/1 536/452/1 548/450/1
f 549/453/1 535/454/1 536/452/1
f 550/455/1 535/454/1 549/453/1
f 550/455/1 534/456/1 535/454/1
f 551/457/1 534/456/1 550/455/1
f 551/457/1 533/458/1 534/456/1
f 552/103/1 533/458/1 551/457/1
f 552/103/1 532/459/1 533/458/1
f 519/460/1 517/461/1 518/462/1
f 553/463/1 532/459/1 552/103/1
f 520/464/1 517/461/1 519/460/1
f 521/465/1 517/461/1 520/464/1
f 553/463/1 531/466/1 532/459/1
f 522/467/1 517/461/1 521/465/1
f 554/468/1 531/466/1 553/463/1
f 523/469/1 517/461/1 522/467/1
f 524/470/1 517/461/1 523/469/1
f 554/468/1 530/471/1 531/466/1
f 525/98/1 517/461/1 524/470/1
f 555/472/1 530/471/1 554/468/1
f 526/473/1 517/461/1 525/98/1
f 569/474/1 567/475/1 568/476/1
f 527/477/1 517/461/1 526/473/1
f 569/474/1 566/478/1 567/475/1
f 569/474/1 565/479/1 566/478/1
f 528/480/1 517/461/1 527/477/1
f 569/474/1 564/481/1 565/479/1
f 529/482/1 517/461/1 528/480/1
f 569/474/1 563/483/1 564/481/1
f 530/471/1 517/461/1 529/482/1
f 569/474/1 562/484/1 563/483/1
f 555/472/1 517/461/1 530/471/1
f 569/474/1 561/485/1 562/484/1
f 569/474/1 560/486/1 561/485/1
f 569/474/1 559/487/1 560/486/1
f 556/488/1 517/461/1 555/472/1
f 569/474/1 558/489/1 559/487/1
f 569/474/1 557/490/1 558/489/1
f 569/474/1 556/488/1 557/490/1
f 569/474/1 517/461/1 556/488/1
f 569/474/1 516/491/1 517/461/1
f 569/474/1 515/492/1 516/491/1
f 569/474/1 514/493/1 515/492/1
f 569/474/1 513/494/1 514/493/1
f 569/474/1 512/495/1 513/494/1
f 569/474/1 511/496/1 512/495/1
f 569/474/1 510/497/1 511/496/1
f 569/474/1 509/498/1 510/497/1
f 569/474/1 508/499/1 509/498/1
f 570/500/3 508/499/3 569/474/3
f 570/500/1 507/501/1 508/499/1
f 571/502/1 507/501/1 570/500/1
f 571/502/1 506/503/1 507/501/1
f 572/504/1 506/503/1 571/502/1
f 573/505/1 506/503/1 572/504/1
f 573/505/1 505/506/1 506/503/1
f 574/507/1 505/506/1 573/505/1
f 575/508/1 505/506/1 574/507/1
f 575/508/1 582/509/1 505/506/1
f 582/509/1 504/510/1 505/506/1
f 576/511/4 582/509/4 575/508/4
f 577/512/1 582/509/1 576/511/1
f 578/513/1 582/509/1 577/512/1
f 579/86/1 582/509/1 578/513/1
f 580/514/1 582/509/1 579/86/1
f 581/515/1 582/509/1 580/514/1
f 583/516/1 504/510/1 582/509/1
f 583/516/1 503/517/1 504/510/1
f 584/518/1 503/517/1 583/516/1
f 584/518/1 502/519/1 503/517/1
f 584/518/1 501/520/1 502/519/1
f 585/521/1 501/520/1 584/518/1
f 585/521/1 500/522/1 501/520/1
f 586/523/1 500/522/1 585/521/1
f 586/523/1 499/524/1 500/522/1
f 586/523/1 498/76/1 499/524/1
f 446/525/1 444/38/1 445/526/1
f 587/527/1 498/76/1 586/523/1
f 447/528/1 444/38/1 446/525/1
f 587/527/1 497/529/1 498/76/1
f 448/530/1 444/38/1 447/528/1
f 449/531/1 444/38/1 448/530/1
f 450/532/1 444/38/1 449/531/1
f 451/533/1 444/38/1 450/532/1
f 587/527/1 496/534/1 497/529/1
f 452/535/1 444/38/1 451/533/1
f 453/536/1 444/38/1 452/535/1
f 454/537/1 444/38/1 453/536/1
f 588/538/1 496/534/1 587/527/1
f 455/539/1 444/38/1 454/537/1
f 482/540/1 480/541/1 481/542/1
f 483/543/1 480/541/1 482/540/1
f 483/543/1 479/544/1 480/541/1
f 484/545/1 479/544/1 483/543/1
f 588/538/1 495/546/1 496/534/1
f 485/547/3 479/544/3 484/545/3
f 485/547/1 478/548/1 479/544/1
f 456/549/1 444/38/1 455/539/1
f 486/550/1 478/548/1 485/547/1
f 457/551/1 444/38/1 456/549/1
f 486/550/1 477/552/1 478/548/1
f 487/553/1 477/552/1 486/550/1
f 458/554/1 444/38/1 457/551/1
f 488/555/1 477/552/1 487/553/1
f 488/555/1 476/556/1 477/552/1
f 489/557/1 476/556/1 488/555/1
f 588/538/1 494/558/1 495/546/1
f 459/559/1 444/38/1 458/554/1
f 489/557/1 475/560/1 476/556/1
f 490/561/1 475/560/1 489/557/1
f 460/562/1 444/38/1 459/559/1
f 491/563/1 475/560/1 490/561/1
f 589/564/1 494/558/1 588/538/1
f 491/563/1 474/565/1 475/560/1
f 589/564/1 493/566/1 494/558/1
f 492/567/1 474/565/1 491/563/1
f 461/568/1 444/38/1 460/562/1
f 493/566/1 474/565/1 492/567/1
f 493/566/1 473/569/1 474/565/1
f 462/570/1 444/38/1 461/568/1
f 589/564/1 473/569/1 493/566/1
f 463/571/1 444/38/1 462/570/1
f 589/564/1 472/572/1 473/569/1
f 463/571/1 741/37/1 444/38/1
f 464/573/1 741/37/1 463/571/1
f 464/573/1 740/574/1 741/37/1
f 590/575/1 472/572/1 589/564/1
f 464/573/1 739/576/1 740/574/1
f 464/573/1 738/577/1 739/576/1
f 590/575/1 618/578/1 472/572/1
f 618/578/2 619/579/2 472/572/2
f 619/579/1 471/60/1 472/572/1
f 465/580/1 738/577/1 464/573/1
f 465/580/1 737/581/1 738/577/1
f 465/580/1 736/582/1 737/581/1
f 465/580/1 735/583/1 736/582/1
f 466/584/1 735/583/1 465/580/1
f 466/584/1 734/585/1 735/583/1
f 620/586/1 471/60/1 619/579/1
f 620/586/1 470/587/1 471/60/1
f 621/588/12 470/587/12 620/586/12
f 590/575/1 617/589/1 618/578/1
f 622/590/1 470/587/1 621/588/1
f 466/584/1 733/591/1 734/585/1
f 590/575/1 616/592/1 617/589/1
f 623/593/1 470/587/1 622/590/1
f 467/594/1 733/591/1 466/584/1
f 467/594/1 732/595/1 733/591/1
f 590/575/1 615/596/1 616/592/1
f 624/597/1 470/587/1 623/593/1
f 467/594/1 731/598/1 732/595/1
f 590/575/1 614/599/1 615/596/1
f 625/600/1 470/587/1 624/597/1
f 467/594/1 730/601/1 731/598/1
f 468/602/1 730/601/1 467/594/1
f 591/603/1 614/599/1 590/575/1
f 625/600/1 469/604/1 470/587/1
f 468/602/1 729/605/1 730/601/1
f 591/603/1 613/606/1 614/599/1
f 626/607/1 469/604/1 625/600/1
f 469/604/1 729/605/1 468/602/1
f 469/604/1 728/608/1 729/605/1
f 627/609/1 469/604/1 626/607/1
f 591/603/1 612/610/1 613/606/1
f 469/604/1 727/611/1 728/608/1
f 628/612/1 469/604/1 627/609/1
f 628/612/1 727/611/1 469/604/1
f 591/603/1 611/613/1 612/610/1
f 628/612/1 726/614/1 727/611/1
f 629/615/1 726/614/1 628/612/1
f 591/603/1 610/616/1 611/613/1
f 629/615/1 725/617/1 726/614/1
f 592/618/1 610/616/1 591/603/1
f 630/619/1 725/617/1 629/615/1
f 592/618/1 609/620/1 610/616/1
f 630/619/1 724/621/1 725/617/1
f 630/619/1 723/622/1 724/621/1
f 631/623/1 723/622/1 630/619/1
f 592/618/1 608/624/1 609/620/1
f 631/623/1 722/625/1 723/622/1
f 632/626/1 722/625/1 631/623/1
f 592/618/1 607/627/1 608/624/1
f 632/626/1 721/628/1 722/625/1
f 593/629/1 607/627/1 592/618/1
f 593/629/1 606/67/1 607/627/1
f 632/626/1 720/630/1 721/628/1
f 633/50/1 720/630/1 632/626/1
f 593/629/1 605/631/1 606/67/1
f 633/50/1 719/632/1 720/630/1
f 593/629/1 604/633/1 605/631/1
f 633/50/1 718/634/1 719/632/1
f 634/635/1 718/634/1 633/50/1
f 593/629/1 603/636/1 604/633/1
f 594/637/1 603/636/1 593/629/1
f 634/635/1 704/638/1 718/634/1
f 704/638/1 717/639/1 718/634/1
f 594/637/1 602/640/1 603/636/1
f 635/641/1 704/638/1 634/635/1
f 594/637/1 601/642/1 602/640/1
f 594/637/1 600/643/1 601/642/1
f 595/644/1 600/643/1 594/637/1
f 636/645/1 704/638/1 635/641/1
f 595/644/13 599/646/13 600/643/13
f 636/645/1 703/647/1 704/638/1
f 705/648/1 717/639/1 704/638/1
f 595/644/1 598/649/1 599/646/1
f 637/650/1 703/647/1 636/645/1
f 595/644/12 597/651/12 598/649/12
f 637/650/1 702/652/1 703/647/1
f 706/653/1 717/639/1 705/648/1
f 595/644/14 596/654/14 597/651/14
f 637/650/1 701/655/1 702/652/1
f 707/656/1 717/639/1 706/653/1
f 638/657/1 701/655/1 637/650/1
f 638/657/1 700/658/1 701/655/1
f 708/659/1 717/639/1 707/656/1
f 638/657/1 699/660/1 700/658/1
f 639/661/1 699/660/1 638/657/1
f 709/662/1 717/639/1 708/659/1
f 639/661/1 698/663/1 699/660/1
f 710/664/1 717/639/1 709/662/1
f 640/665/1 698/663/1 639/661/1
f 640/665/1 697/666/1 698/663/1
f 711/667/1 717/639/1 710/664/1
f 640/665/1 696/668/1 697/666/1
f 712/669/1 717/639/1 711/667/1
f 641/670/1 696/668/1 640/665/1
f 641/670/1 695/671/1 696/668/1
f 713/672/1 717/639/1 712/669/1
f 641/670/1 694/673/1 695/671/1
f 714/27/1 717/639/1 713/672/1
f 642/674/1 694/673/1 641/670/1
f 715/675/1 717/639/1 714/27/1
f 642/674/1 693/676/1 694/673/1
f 716/677/1 717/639/1 715/675/1
f 643/678/1 693/676/1 642/674/1
f 643/678/1 692/679/1 693/676/1
f 643/678/1 691/680/1 692/679/1
f 644/681/1 691/680/1 643/678/1
f 644/681/1 690/682/1 691/680/1
f 644/681/1 689/683/1 690/682/1
f 645/684/1 689/683/1 644/681/1
f 645/684/1 688/685/1 689/683/1
f 645/684/1 687/17/1 688/685/1
f 646/686/1 687/17/1 645/684/1
f 669/687/1 667/688/1 668/689/1
f 646/686/1 686/690/1 687/17/1
f 670/691/1 667/688/1 669/687/1
f 671/692/1 667/688/1 670/691/1
f 646/686/1 685/693/1 686/690/1
f 672/694/1 667/688/1 671/692/1
f 673/695/1 667/688/1 672/694/1
f 646/686/1 684/696/1 685/693/1
f 674/697/1 667/688/1 673/695/1
f 675/698/1 667/688/1 674/697/1
f 646/686/1 683/699/1 684/696/1
f 676/700/1 667/688/1 675/698/1
f 647/701/1 683/699/1 646/686/1
f 647/701/1 682/702/1 683/699/1
f 677/703/1 667/688/1 676/700/1
f 678/704/1 667/688/1 677/703/1
f 647/701/1 681/705/1 682/702/1
f 679/706/1 667/688/1 678/704/1
f 647/701/1 680/707/1 681/705/1
f 680/707/1 667/688/1 679/706/1
f 647/701/1 667/688/1 680/707/1
f 648/708/1 667/688/1 647/701/1
f 649/709/1 667/688/1 648/708/1
f 650/710/1 667/688/1 649/709/1
f 651/711/1 667/688/1 650/710/1
f 651/711/1 666/712/1 667/688/1
f 651/711/1 665/713/1 666/712/1
f 651/711/1 664/714/1 665/713/1
f 652/715/1 664/714/1 651/711/1
f 652/715/1 663/716/1 664/714/1
f 652/715/1 662/717/1 663/716/1
f 652/715/1 661/718/1 662/717/1
f 653/719/1 661/718/1 652/715/1
f 653/719/1 660/7/1 661/718/1
f 653/719/1 659/720/1 660/7/1
f 654/721/1 659/720/1 653/719/1
f 654/721/1 658/722/1 659/720/1
f 654/721/3 657/723/3 658/722/3
f 655/724/1 657/723/1 654/721/1
f 655/724/1 656/725/1 657/723/1
f 880/726/1 878/727/1 879/728/1
f 880/726/1 877/729/1 878/727/1
f 881/730/1 877/729/1 880/726/1
f 881/730/1 876/731/1 877/729/1
f 882/732/1 876/731/1 881/730/1
f 882/732/1 875/733/1 876/731/1
f 883/734/1 875/733/1 882/732/1
f 883/734/1 874/735/1 875/733/1
f 884/736/1 874/735/1 883/734/1
f 884/736/1 873/737/1 874/735/1
f 885/738/1 873/737/1 884/736/1
f 885/738/1 872/739/1 873/737/1
f 886/740/1 872/739/1 885/738/1
f 886/740/1 871/741/1 872/739/1
f 887/742/1 871/741/1 886/740/1
f 887/742/1 870/743/1 871/741/1
f 888/744/1 870/743/1 887/742/1
f 888/744/1 869/745/1 870/743/1
f 889/746/1 869/745/1 888/744/1
f 889/746/1 868/747/1 869/745/1
f 890/748/1 868/747/1 889/746/1
f 890/748/1 867/749/1 868/747/1
f 891/750/1 867/749/1 890/748/1
f 891/750/1 866/751/1 867/749/1
f 892/752/1 866/751/1 891/750/1
f 892/752/1 865/753/1 866/751/1
f 892/752/1 864/754/1 865/753/1
f 893/755/1 864/754/1 892/752/1
f 893/755/1 863/756/1 864/754/1
f 894/757/1 863/756/1 893/755/1
f 894/757/1 862/758/1 863/756/1
f 895/759/1 862/758/1 894/757/1
f 895/759/1 861/760/1 862/758/1
f 896/761/1 861/760/1 895/759/1
f 896/761/1 860/762/1 861/760/1
f 897/763/1 860/762/1 896/761/1
f 897/763/1 859/764/1 860/762/1
f 898/765/1 859/764/1 897/763/1
f 843/766/1 841/767/1 842/768/1
f 844/769/1 841/767/1 843/766/1
f 898/765/1 858/770/1 859/764/1
f 899/771/1 858/770/1 898/765/1
f 845/772/1 841/767/1 844/769/1
f 845/772/1 840/773/1 841/767/1
f 846/774/1 840/773/1 845/772/1
f 899/771/1 857/775/1 858/770/1
f 846/774/1 839/776/1 840/773/1
f 847/777/1 839/776/1 846/774/1
f 900/778/1 857/775/1 899/771/1
f 847/777/1 838/779/1 839/776/1
f 848/780/1 838/779/1 847/777/1
f 849/781/1 838/779/1 848/780/1
f 900/778/1 856/782/1 857/775/1
f 849/781/1 837/783/1 838/779/1
f 901/784/1 856/782/1 900/778/1
f 850/785/1 837/783/1 849/781/1
f 850/785/1 836/786/1 837/783/1
f 851/787/1 836/786/1 850/785/1
f 901/784/1 855/788/1 856/782/1
f 851/787/1 835/789/1 836/786/1
f 852/790/1 835/789/1 851/787/1
f 902/791/1 855/788/1 901/784/1
f 853/792/1 835/789/1 852/790/1
f 853/792/1 834/793/1 835/789/1
f 902/791/1 854/794/1 855/788/1
f 854/794/1 834/793/1 853/792/1
f 902/791/1 834/793/1 854/794/1
f 903/795/1 834/793/1 902/791/1
f 903/795/1 833/796/1 834/793/1
f 904/797/1 833/796/1 903/795/1
f 905/798/1 833/796/1 904/797/1
f 905/798/1 832/799/1 833/796/1
f 906/800/1 832/799/1 905/798/1
f 907/801/1 832/799/1 906/800/1
f 908/802/1 832/799/1 907/801/1
f 909/803/1 832/799/1 908/802/1
f 909/803/1 831/804/1 832/799/1
f 910/805/1 831/804/1 909/803/1
f 911/806/1 831/804/1 910/805/1
f 912/807/1 831/804/1 911/806/1
f 913/808/1 831/804/1 912/807/1
f 913/808/1 830/809/1 831/804/1
f 914/37/1 830/809/1 913/808/1
f 816/810/1 830/809/1 914/37/1
f 817/811/1 818/812/1 816/810/1
f 818/812/1 819/813/1 816/810/1
f 819/813/1 820/814/1 816/810/1
f 820/814/1 821/815/1 816/810/1
f 821/815/1 822/816/1 816/810/1
f 822/816/1 823/817/1 816/810/1
f 823/817/1 824/818/1 816/810/1
f 824/818/1 825/819/1 816/810/1
f 825/819/1 826/820/1 816/810/1
f 826/820/1 827/821/1 816/810/1
f 827/821/1 828/77/1 816/810/1
f 828/77/1 829/822/1 816/810/1
f 829/822/1 830/809/1 816/810/1
f 781/823/1 779/824/1 780/825/1
f 781/823/1 778/826/1 779/824/1
f 781/823/1 777/827/1 778/826/1
f 782/828/1 777/827/1 781/823/1
f 782/828/1 776/829/1 777/827/1
f 783/830/1 776/829/1 782/828/1
f 783/830/1 775/831/1 776/829/1
f 784/832/1 775/831/1 783/830/1
f 784/832/1 774/833/1 775/831/1
f 785/834/1 774/833/1 784/832/1
f 785/834/1 773/835/1 774/833/1
f 786/836/1 773/835/1 785/834/1
f 786/836/1 772/837/1 773/835/1
f 787/838/1 772/837/1 786/836/1
f 787/838/1 771/839/1 772/837/1
f 788/840/1 771/839/1 787/838/1
f 788/840/1 770/841/1 771/839/1
f 789/842/1 770/841/1 788/840/1
f 789/842/1 769/843/1 770/841/1
f 790/844/1 769/843/1 789/842/1
f 790/844/1 768/845/1 769/843/1
f 791/846/1 768/845/1 790/844/1
f 791/846/1 767/847/1 768/845/1
f 792/848/1 767/847/1 791/846/1
f 792/848/1 766/849/1 767/847/1
f 793/850/1 766/849/1 792/848/1
f 793/850/1 765/851/1 766/849/1
f 794/852/1 765/851/1 793/850/1
f 795/853/1 765/851/1 794/852/1
f 795/853/1 764/854/1 765/851/1
f 796/855/1 764/854/1 795/853/1
f 796/855/1 763/856/1 764/854/1
f 797/857/1 763/856/1 796/855/1
f 797/857/1 762/858/1 763/856/1
f 798/859/1 762/858/1 797/857/1
f 798/859/1 761/860/1 762/858/1
f 799/861/1 761/860/1 798/859/1
f 799/861/1 760/862/1 761/860/1
f 800/863/1 760/862/1 799/861/1
f 800/863/1 759/864/1 760/862/1
f 801/865/1 759/864/1 800/863/1
f 801/865/1 758/866/1 759/864/1
f 802/867/1 758/866/1 801/865/1
f 802/867/1 757/868/1 758/866/1
f 803/869/1 757/868/1 802/867/1
f 803/869/1 756/870/1 757/868/1
f 804/871/1 756/870/1 803/869/1
f 804/871/1 755/872/1 756/870/1
f 805/873/1 755/872/1 804/871/1
f 805/873/1 754/874/1 755/872/1
f 806/875/1 754/874/1 805/873/1
f 807/876/1 754/874/1 806/875/1
f 807/876/1 753/877/1 754/874/1
f 808/878/1 753/877/1 807/876/1
f 808/878/1 752/879/1 753/877/1
f 809/880/1 752/879/1 808/878/1
f 809/880/1 751/881/1 752/879/1
f 810/882/1 751/881/1 809/880/1
f 810/882/1 750/883/1 751/881/1
f 811/884/1 750/883/1 810/882/1
f 811/884/1 749/885/1 750/883/1
f 812/886/1 749/885/1 811/884/1
f 812/886/1 748/887/1 749/885/1
f 813/888/1 748/887/1 812/886/1
f 814/889/1 748/887/1 813/888/1
f 814/889/1 747/890/1 748/887/1
f 815/891/1 747/890/1 814/889/1
f 815/891/1 746/892/1 747/890/1
f 742/38/1 746/892/1 815/891/1
f 742/38/1 745/893/1 746/892/1
f 743/894/1 745/893/1 742/38/1
f 743/894/1 744/895/1 745/893/1
f 916/896/1 988/37/1 915/38/1
f 954/897/1 952/898/1 953/899/1
f 955/900/1 952/898/1 954/897/1
f 916/896/1 987/901/1 988/37/1
f 956/902/1 952/898/1 955/900/1
f 916/896/1 986/903/1 987/901/1
f 957/904/1 952/898/1 956/902/1
f 916/896/1 985/905/1 986/903/1
f 958/906/1 952/898/1 957/904/1
f 916/896/1 984/907/1 985/905/1
f 959/908/1 952/898/1 958/906/1
f 916/896/1 983/909/1 984/907/1
f 960/910/1 952/898/1 959/908/1
f 916/896/1 982/911/1 983/909/1
f 961/912/1 952/898/1 960/910/1
f 916/896/1 981/913/1 982/911/1
f 962/914/1 952/898/1 961/912/1
f 916/896/1 980/915/1 981/913/1
f 963/916/1 952/898/1 962/914/1
f 916/896/1 979/917/1 980/915/1
f 964/918/1 952/898/1 963/916/1
f 916/896/1 978/919/1 979/917/1
f 965/920/1 952/898/1 964/918/1
f 916/896/1 977/921/1 978/919/1
f 916/896/1 976/922/1 977/921/1
f 916/896/1 975/923/1 976/922/1
f 916/896/1 974/924/1 975/923/1
f 916/896/1 973/925/1 974/924/1
f 916/896/1 972/926/1 973/925/1
f 916/896/1 971/927/1 972/926/1
f 916/896/1 970/928/1 971/927/1
f 916/896/1 969/929/1 970/928/1
f 916/896/1 968/930/1 969/929/1
f 916/896/1 967/931/1 968/930/1
f 916/896/1 966/932/1 967/931/1
f 916/896/1 965/920/1 966/932/1
f 916/896/1 917/933/1 965/920/1
f 917/933/1 918/934/1 965/920/1
f 918/934/1 919/935/1 965/920/1
f 919/935/1 920/936/1 965/920/1
f 920/936/1 921/937/1 965/920/1
f 921/937/1 922/938/1 965/920/1
f 922/938/3 923/939/3 965/920/3
f 923/939/1 924/940/1 965/920/1
f 924/940/1 925/941/1 965/920/1
f 925/941/1 926/942/1 965/920/1
f 926/942/1 927/943/1 965/920/1
f 927/943/1 928/944/1 965/920/1
f 928/944/1 929/945/1 965/920/1
f 929/945/1 930/946/1 965/920/1
f 930/946/1 931/947/1 965/920/1
f 931/947/1 933/948/1 965/920/1
f 933/948/1 936/949/1 965/920/1
f 936/949/1 939/950/1 965/920/1
f 939/950/1 940/951/1 965/920/1
f 940/951/1 941/952/1 965/920/1
f 941/952/1 942/953/1 965/920/1
f 942/953/1 943/954/1 965/920/1
f 943/954/1 944/955/1 965/920/1
f 944/955/1 945/956/1 965/920/1
f 945/956/1 946/957/1 965/920/1
f 946/957/1 947/958/1 965/920/1
f 947/958/1 952/898/1 965/920/1
f 932/959/9 933/948/9 931/947/9
f 934/960/8 936/949/8 933/948/8
f 935/961/9 936/949/9 934/960/9
f 937/962/8 939/950/8 936/949/8
f 938/963/9 939/950/9 937/962/9
f 948/964/15 952/898/15 947/958/15
f 949/965/1 952/898/1 948/964/1
f 950/966/1 952/898/1 949/965/1
f 951/967/1 952/898/1 950/966/1
f 1110/968/1 1134/37/1 1109/969/1
f 1110/968/1 1133/970/1 1134/37/1
f 1110/968/1 1132/971/1 1133/970/1
f 1111/972/1 1132/971/1 1110/968/1
f 1084/973/1 1108/974/1 1083/975/1
f 1111/972/1 1131/976/1 1132/971/1
f 1112/977/1 1131/976/1 1111/972/1
f 1084/973/1 1107/978/1 1108/974/1
f 1112/977/1 1130/979/1 1131/976/1
f 1113/980/1 1130/979/1 1112/977/1
f 1084/973/1 1106/981/1 1107/978/1
f 1085/982/1 1106/981/1 1084/973/1
f 1113/980/1 1129/983/1 1130/979/1
f 1114/984/1 1129/983/1 1113/980/1
f 1085/982/1 1105/15/1 1106/981/1
f 1086/985/1 1105/15/1 1085/982/1
f 1115/986/1 1129/983/1 1114/984/1
f 1115/986/1 1128/987/1 1129/983/1
f 1086/985/1 1104/988/1 1105/15/1
f 1087/989/1 1104/988/1 1086/985/1
f 1116/990/1 1128/987/1 1115/986/1
f 1116/990/1 1127/991/1 1128/987/1
f 1087/989/1 1103/992/1 1104/988/1
f 1088/993/1 1103/992/1 1087/989/1
f 1117/994/1 1127/991/1 1116/990/1
f 1117/994/1 1126/995/1 1127/991/1
f 1089/996/1 1103/992/1 1088/993/1
f 1089/996/1 1102/997/1 1103/992/1
f 1118/998/1 1126/995/1 1117/994/1
f 1118/998/1 1125/999/1 1126/995/1
f 1090/1000/1 1102/997/1 1089/996/1
f 1090/1000/1 1101/1001/1 1102/997/1
f 1119/1002/1 1125/999/1 1118/998/1
f 1119/1002/1 1124/1003/1 1125/999/1
f 1091/1004/1 1101/1001/1 1090/1000/1
f 1091/1004/1 1100/1005/1 1101/1001/1
f 1119/1002/1 1123/1006/1 1124/1003/1
f 1120/1007/1 1123/1006/1 1119/1002/1
f 1092/1008/1 1100/1005/1 1091/1004/1
f 1092/1008/1 1099/1009/1 1100/1005/1
f 1120/1007/1 1121/1010/1 1123/1006/1
f 1121/1010/1 1122/1011/1 1123/1006/1
f 1093/1012/1 1099/1009/1 1092/1008/1
f 1093/1012/1 1098/1013/1 1099/1009/1
f 1093/1012/1 1097/1014/1 1098/1013/1
f 1094/1015/1 1097/1014/1 1093/1012/1
f 1094/1015/1 1095/1016/1 1097/1014/1
f 1095/1016/1 1096/1017/1 1097/1014/1
f 1056/1018/1 1054/1019/1 1055/1020/1
f 1056/1018/1 1053/1021/1 1054/1019/1
f 1056/1018/1 1052/1022/1 1053/1021/1
f 1056/1018/1 1051/1023/1 1052/1022/1
f 1056/1018/1 1050/1024/1 1051/1023/1
f 1056/1018/1 1049/1025/1 1050/1024/1
f 1031/1026/1 1029/1027/1 1030/1028/1
f 1032/1029/1 1029/1027/1 1031/1026/1
f 1033/1030/1 1029/1027/1 1032/1029/1
f 1056/1018/1 1048/1031/1 1049/1025/1
f 1034/1032/1 1029/1027/1 1033/1030/1
f 1056/1018/1 1047/97/1 1048/1031/1
f 1035/1033/1 1029/1027/1 1034/1032/1
f 1036/1034/1 1029/1027/1 1035/1033/1
f 1056/1018/1 1046/1035/1 1047/97/1
f 1037/1036/1 1029/1027/1 1036/1034/1
f 1038/1037/1 1029/1027/1 1037/1036/1
f 1056/1018/1 1045/1038/1 1046/1035/1
f 1039/1039/1 1029/1027/1 1038/1037/1
f 1040/1040/1 1029/1027/1 1039/1039/1
f 1056/1018/1 1044/1041/1 1045/1038/1
f 1041/1042/1 1029/1027/1 1040/1040/1
f 1056/1018/1 1043/1043/1 1044/1041/1
f 1042/1044/1 1029/1027/1 1041/1042/1
f 1056/1018/1 1042/1044/1 1043/1043/1
f 1056/1018/1 1029/1027/1 1042/1044/1
f 1056/1018/1 1028/1045/1 1029/1027/1
f 1056/1018/1 1027/1046/1 1028/1045/1
f 1056/1018/1 1026/1047/1 1027/1046/1
f 1056/1018/1 1025/1048/1 1026/1047/1
f 1056/1018/1 1024/1049/1 1025/1048/1
f 1056/1018/1 1023/1050/1 1024/1049/1
f 1056/1018/1 1022/1051/1 1023/1050/1
f 1056/1018/7 1057/1052/7 1022/1051/7
f 1057/1052/16 1058/1053/16 1022/1051/16
f 1058/1053/1 1059/1054/1 1022/1051/1
f 1059/1054/1 1021/1055/1 1022/1051/1
f 1059/1054/17 1060/1056/17 1021/1055/17
f 1060/1056/18 1061/1057/18 1021/1055/18
f 1061/1057/13 1062/1058/13 1021/1055/13
f 1062/1058/1 1063/1059/1 1021/1055/1
f 1063/1059/1 1020/1060/1 1021/1055/1
f 1063/1059/19 1064/1061/19 1020/1060/19
f 1064/1061/1 1065/1062/1 1020/1060/1
f 1065/1062/1 1019/1063/1 1020/1060/1
f 1065/1062/20 1066/1064/20 1019/1063/20
f 1066/1064/21 1067/1065/21 1019/1063/21
f 1067/1065/1 1018/80/1 1019/1063/1
f 1067/1065/22 1068/1066/22 1018/80/22
f 1068/1066/1 1069/1067/1 1018/80/1
f 1069/1067/1 1017/1068/1 1018/80/1
f 1070/1069/1 1017/1068/1 1069/1067/1
f 990/1070/1 1082/1071/1 989/38/1
f 990/1070/1 1081/1072/1 1082/1071/1
f 990/1070/1 1080/1073/1 1081/1072/1
f 990/1070/1 1079/1074/1 1080/1073/1
f 990/1070/1 1078/1075/1 1079/1074/1
f 990/1070/1 1077/1076/1 1078/1075/1
f 990/1070/1 1076/56/1 1077/1076/1
f 990/1070/1 1075/1077/1 1076/56/1
f 990/1070/1 1074/1078/1 1075/1077/1
f 990/1070/1 1073/1079/1 1074/1078/1
f 990/1070/1 1072/1080/1 1073/1079/1
f 990/1070/1 1071/1081/1 1072/1080/1
f 990/1070/1 1070/1069/1 1071/1081/1
f 990/1070/1 991/1082/1 1070/1069/1
f 991/1082/1 1017/1068/1 1070/1069/1
f 991/1082/1 992/1083/1 1017/1068/1
f 992/1083/1 993/1084/1 1017/1068/1
f 993/1084/1 1016/1085/1 1017/1068/1
f 993/1084/1 994/1086/1 1016/1085/1
f 994/1086/1 995/1087/1 1016/1085/1
f 995/1087/1 996/1088/1 1016/1085/1
f 996/1088/1 1015/1089/1 1016/1085/1
f 996/1088/1 997/1090/1 1015/1089/1
f 997/1090/1 998/1091/1 1015/1089/1
f 998/1091/23 999/1092/23 1015/1089/23
f 999/1092/1 1014/1093/1 1015/1089/1
f 999/1092/1 1000/1094/1 1014/1093/1
f 1000/1094/1 1001/1095/1 1014/1093/1
f 1001/1095/1 1013/1096/1 1014/1093/1
f 1001/1095/1 1002/1097/1 1013/1096/1
f 1002/1097/1 1003/1098/1 1013/1096/1
f 1003/1098/1 1012/1099/1 1013/1096/1
f 1004/1100/1 1012/1099/1 1003/1098/1
f 1004/1100/1 1011/1101/1 1012/1099/1
f 1004/1100/1 1010/1102/1 1011/1101/1
f 1004/1100/1 1009/1103/1 1010/1102/1
f 1004/1100/1 1008/1104/1 1009/1103/1
f 1004/1100/1 1007/1105/1 1008/1104/1
f 1004/1100/1 1006/1106/1 1007/1105/1
f 1004/1100/1 1005/1107/1 1006/1106/1
f 1163/1108/1 1161/1109/1 1162/1110/1
f 1163/1108/1 1258/37/1 1161/1109/1
f 1164/1111/1 1258/37/1 1163/1108/1
f 1164/1111/1 1257/1112/1 1258/37/1
f 1165/1113/1 1257/1112/1 1164/1111/1
f 1165/1113/1 1256/1114/1 1257/1112/1
f 1166/1115/1 1256/1114/1 1165/1113/1
f 1166/1115/1 1255/1116/1 1256/1114/1
f 1167/1117/1 1255/1116/1 1166/1115/1
f 1167/1117/1 1254/1118/1 1255/1116/1
f 1168/1119/1 1254/1118/1 1167/1117/1
f 1168/1119/1 1253/1120/1 1254/1118/1
f 1169/1121/1 1253/1120/1 1168/1119/1
f 1169/1121/1 1252/1122/1 1253/1120/1
f 1170/1123/1 1252/1122/1 1169/1121/1
f 1170/1123/1 1251/1124/1 1252/1122/1
f 1171/1125/1 1251/1124/1 1170/1123/1
f 1171/1125/1 1250/1126/1 1251/1124/1
f 1172/1127/1 1250/1126/1 1171/1125/1
f 1173/1128/1 1250/1126/1 1172/1127/1
f 1173/1128/1 1249/1129/1 1250/1126/1
f 1174/1130/1 1249/1129/1 1173/1128/1
f 1174/1130/1 1248/1131/1 1249/1129/1
f 1175/1132/1 1248/1131/1 1174/1130/1
f 1175/1132/1 1247/1133/1 1248/1131/1
f 1175/1132/1 1246/1134/1 1247/1133/1
f 1176/442/1 1246/1134/1 1175/1132/1
f 1176/442/1 1245/1135/1 1246/1134/1
f 1177/1136/1 1245/1135/1 1176/442/1
f 1177/1136/1 1244/1137/1 1245/1135/1
f 1178/1138/1 1244/1137/1 1177/1136/1
f 1178/1138/1 1243/1139/1 1244/1137/1
f 1179/1140/1 1243/1139/1 1178/1138/1
f 1179/1140/1 1242/1141/1 1243/1139/1
f 1180/1142/1 1242/1141/1 1179/1140/1
f 1180/1142/1 1241/1143/1 1242/1141/1
f 1180/1142/1 1240/1144/1 1241/1143/1
f 1181/1145/1 1240/1144/1 1180/1142/1
f 1181/1145/1 1239/1146/1 1240/1144/1
f 1182/1147/1 1239/1146/1 1181/1145/1
f 1182/1147/1 1238/1148/1 1239/1146/1
f 1183/1149/1 1238/1148/1 1182/1147/1
f 1183/1149/1 1237/1150/1 1238/1148/1
f 1184/1151/1 1237/1150/1 1183/1149/1
f 1184/1151/1 1236/1152/1 1237/1150/1
f 1185/1153/1 1236/1152/1 1184/1151/1
f 1185/1153/1 1235/1154/1 1236/1152/1
f 1186/1155/1 1235/1154/1 1185/1153/1
f 1186/1155/1 1234/1156/1 1235/1154/1
f 1187/1157/1 1234/1156/1 1186/1155/1
f 1187/1157/1 1233/1158/1 1234/1156/1
f 1212/1159/1 1210/1160/1 1211/1161/1
f 1187/1157/1 1232/1162/1 1233/1158/1
f 1188/1163/1 1232/1162/1 1187/1157/1
f 1213/1164/1 1210/1160/1 1212/1159/1
f 1188/1163/1 1231/1165/1 1232/1162/1
f 1214/1166/1 1210/1160/1 1213/1164/1
f 1189/1167/1 1231/1165/1 1188/1163/1
f 1214/1166/1 1209/1168/1 1210/1160/1
f 1189/1167/1 1230/1169/1 1231/1165/1
f 1215/1170/1 1209/1168/1 1214/1166/1
f 1216/1171/1 1209/1168/1 1215/1170/1
f 1189/1167/1 1229/1172/1 1230/1169/1
f 1190/1173/1 1229/1172/1 1189/1167/1
f 1216/1171/1 1208/1174/1 1209/1168/1
f 1217/674/1 1208/1174/1 1216/1171/1
f 1190/1173/1 1228/1175/1 1229/1172/1
f 1218/1176/1 1208/1174/1 1217/674/1
f 1218/1176/1 1207/1177/1 1208/1174/1
f 1190/1173/1 1227/1178/1 1228/1175/1
f 1191/1179/1 1227/1178/1 1190/1173/1
f 1219/1180/1 1207/1177/1 1218/1176/1
f 1191/1179/1 1226/1181/1 1227/1178/1
f 1220/1182/1 1207/1177/1 1219/1180/1
f 1220/1182/1 1206/1183/1 1207/1177/1
f 1191/1179/1 1225/1184/1 1226/1181/1
f 1221/1185/1 1206/1183/1 1220/1182/1
f 1192/1186/1 1225/1184/1 1191/1179/1
f 1192/1186/1 1224/1187/1 1225/1184/1
f 1222/1188/1 1206/1183/1 1221/1185/1
f 1192/1186/1 1223/1189/1 1224/1187/1
f 1223/1189/1 1206/1183/1 1222/1188/1
f 1192/1186/1 1206/1183/1 1223/1189/1
f 1192/1186/1 1205/1190/1 1206/1183/1
f 1193/1191/1 1205/1190/1 1192/1186/1
f 1193/1191/1 1204/1192/1 1205/1190/1
f 1194/1193/1 1204/1192/1 1193/1191/1
f 1194/1193/1 1203/1194/1 1204/1192/1
f 1194/1193/1 1202/1195/1 1203/1194/1
f 1195/1196/1 1202/1195/1 1194/1193/1
f 1195/1196/1 1201/1197/1 1202/1195/1
f 1196/1198/1 1201/1197/1 1195/1196/1
f 1196/1198/1 1200/1199/1 1201/1197/1
f 1197/1200/1 1200/1199/1 1196/1198/1
f 1197/1200/1 1199/1201/1 1200/1199/1
f 1198/1202/1 1199/1201/1 1197/1200/1
f 1136/1203/1 1160/1204/1 1135/38/1
f 1137/1205/1 1160/1204/1 1136/1203/1
f 1137/1205/1 1159/1206/1 1160/1204/1
f 1138/1207/1 1159/1206/1 1137/1205/1
f 1138/1207/1 1158/1208/1 1159/1206/1
f 1139/1209/1 1158/1208/1 1138/1207/1
f 1139/1209/1 1157/1210/1 1158/1208/1
f 1140/1211/1 1157/1210/1 1139/1209/1
f 1140/1211/1 1156/1212/1 1157/1210/1
f 1141/1213/1 1156/1212/1 1140/1211/1
f 1141/1213/1 1155/1214/1 1156/1212/1
f 1142/1215/1 1155/1214/1 1141/1213/1
f 1142/1215/1 1154/1216/1 1155/1214/1
f 1143/1217/1 1154/1216/1 1142/1215/1
f 1143/1217/1 1153/1218/1 1154/1216/1
f 1144/1219/1 1153/1218/1 1143/1217/1
f 1144/1219/1 1152/1220/1 1153/1218/1
f 1145/1221/1 1152/1220/1 1144/1219/1
f 1145/1221/1 1151/1222/1 1152/1220/1
f 1146/1223/1 1151/1222/1 1145/1221/1
f 1146/1223/1 1150/1224/1 1151/1222/1
f 1147/1225/1 1150/1224/1 1146/1223/1
f 1147/1225/1 1149/1226/1 1150/1224/1
f 1148/1227/1 1149/1226/1 1147/1225/1
f 1436/1228/1 1434/1229/1 1435/1230/1
f 1436/1228/1 1557/37/1 1434/1229/1
f 1437/1231/1 1557/37/1 1436/1228/1
f 1437/1231/1 1556/1232/1 1557/37/1
f 1438/1233/1 1556/1232/1 1437/1231/1
f 1438/1233/1 1555/1234/1 1556/1232/1
f 1438/1233/1 1554/1235/1 1555/1234/1
f 1439/1236/1 1554/1235/1 1438/1233/1
f 1439/1236/1 1553/1237/1 1554/1235/1
f 1440/1238/1 1553/1237/1 1439/1236/1
f 1440/1238/1 1552/1239/1 1553/1237/1
f 1441/1240/1 1552/1239/1 1440/1238/1
f 1441/1240/1 1551/1241/1 1552/1239/1
f 1442/1242/1 1551/1241/1 1441/1240/1
f 1442/1242/1 1550/1243/1 1551/1241/1
f 1443/1244/1 1550/1243/1 1442/1242/1
f 1443/1244/1 1549/1245/1 1550/1243/1
f 1444/1246/1 1549/1245/1 1443/1244/1
f 1444/1246/1 1548/1247/1 1549/1245/1
f 1535/1248/1 1533/1249/1 1534/1250/1
f 1445/1251/1 1548/1247/1 1444/1246/1
f 1536/1252/1 1533/1249/1 1535/1248/1
f 1445/1251/1 1547/1253/1 1548/1247/1
f 1537/1254/1 1533/1249/1 1536/1252/1
f 1538/1255/1 1533/1249/1 1537/1254/1
f 1539/1256/1 1533/1249/1 1538/1255/1
f 1446/1257/1 1547/1253/1 1445/1251/1
f 1540/1258/1 1533/1249/1 1539/1256/1
f 1273/1259/1 1271/1260/1 1272/1261/1
f 1541/1262/1 1533/1249/1 1540/1258/1
f 1446/1257/1 1546/1263/1 1547/1253/1
f 1542/1264/1 1533/1249/1 1541/1262/1
f 1543/1265/1 1533/1249/1 1542/1264/1
f 1273/1259/1 1270/1266/1 1271/1260/1
f 1544/1267/1 1533/1249/1 1543/1265/1
f 1545/1268/1 1533/1249/1 1544/1267/1
f 1447/1269/1 1546/1263/1 1446/1257/1
f 1546/1263/1 1533/1249/1 1545/1268/1
f 1447/1269/1 1533/1249/1 1546/1263/1
f 1273/1259/1 1269/1270/1 1270/1266/1
f 1472/1271/1 1470/1272/1 1471/1273/1
f 1472/1271/1 1469/1274/1 1470/1272/1
f 1448/1275/1 1533/1249/1 1447/1269/1
f 1472/1271/1 1468/1276/1 1469/1274/1
f 1449/1277/1 1533/1249/1 1448/1275/1
f 1472/1271/1 1467/1278/1 1468/1276/1
f 1273/1259/1 1268/1279/1 1269/1270/1
f 1450/1280/1 1533/1249/1 1449/1277/1
f 1472/1271/1 1466/1281/1 1467/1278/1
f 1451/1282/1 1533/1249/1 1450/1280/1
f 1452/1283/1 1533/1249/1 1451/1282/1
f 1472/1271/1 1465/1284/1 1466/1281/1
f 1453/1285/1 1533/1249/1 1452/1283/1
f 1472/1271/1 1464/1286/1 1465/1284/1
f 1454/1287/1 1533/1249/1 1453/1285/1
f 1472/1271/1 1463/1288/1 1464/1286/1
f 1455/1289/1 1533/1249/1 1454/1287/1
f 1472/1271/1 1462/1290/1 1463/1288/1
f 1456/1291/1 1533/1249/1 1455/1289/1
f 1472/1271/1 1461/1292/1 1462/1290/1
f 1457/1293/1 1533/1249/1 1456/1291/1
f 1472/1271/1 1460/1294/1 1461/1292/1
f 1458/1295/1 1533/1249/1 1457/1293/1
f 1472/1271/1 1459/1296/1 1460/1294/1
f 1459/1296/1 1533/1249/1 1458/1295/1
f 1472/1271/1 1533/1249/1 1459/1296/1
f 1273/1259/1 1267/1297/1 1268/1279/1
f 1273/1259/1 1266/1298/1 1267/1297/1
f 1472/1271/1 1532/1299/1 1533/1249/1
f 1472/1271/1 1531/1300/1 1532/1299/1
f 1274/1301/1 1266/1298/1 1273/1259/1
f 1472/1271/1 1530/1302/1 1531/1300/1
f 1274/1301/1 1265/1303/1 1266/1298/1
f 1472/1271/1 1529/1304/1 1530/1302/1
f 1275/1305/1 1265/1303/1 1274/1301/1
f 1472/1271/1 1528/1306/1 1529/1304/1
f 1472/1271/1 1527/1307/1 1528/1306/1
f 1472/1271/1 1526/1308/1 1527/1307/1
f 1275/1305/1 1264/1309/1 1265/1303/1
f 1276/1310/1 1264/1309/1 1275/1305/1
f 1472/1271/1 1525/1311/1 1526/1308/1
f 1472/1271/1 1524/1312/1 1525/1311/1
f 1472/1271/1 1523/1313/1 1524/1312/1
f 1472/1271/1 1522/1314/1 1523/1313/1
f 1277/1315/1 1264/1309/1 1276/1310/1
f 1277/1315/1 1263/1316/1 1264/1309/1
f 1472/1271/1 1521/1317/1 1522/1314/1
f 1472/1271/1 1496/1318/1 1521/1317/1
f 1496/1318/1 1520/1319/1 1521/1317/1
f 1278/1320/1 1263/1316/1 1277/1315/1
f 1473/1321/1 1496/1318/1 1472/1271/1
f 1473/1321/1 1495/1322/1 1496/1318/1
f 1497/1323/1 1520/1319/1 1496/1318/1
f 1474/1324/1 1495/1322/1 1473/1321/1
f 1474/1324/1 1494/1325/1 1495/1322/1
f 1278/1320/1 1262/1326/1 1263/1316/1
f 1475/1327/1 1494/1325/1 1474/1324/1
f 1475/1327/3 1493/1328/3 1494/1325/3
f 1476/1329/1 1493/1328/1 1475/1327/1
f 1476/1329/2 1492/1330/2 1493/1328/2
f 1477/1331/1 1492/1330/1 1476/1329/1
f 1477/1331/3 1491/1332/3 1492/1330/3
f 1478/1333/12 1491/1332/12 1477/1331/12
f 1478/1333/1 1490/1334/1 1491/1332/1
f 1479/1335/1 1490/1334/1 1478/1333/1
f 1479/1335/4 1489/1336/4 1490/1334/4
f 1480/1337/1 1489/1336/1 1479/1335/1
f 1480/1337/1 1488/1338/1 1489/1336/1
f 1481/1339/1 1488/1338/1 1480/1337/1
f 1481/1339/2 1487/1340/2 1488/1338/2
f 1482/1341/1 1487/1340/1 1481/1339/1
f 1482/1341/1 1486/1342/1 1487/1340/1
f 1483/1343/24 1486/1342/24 1482/1341/24
f 1483/1343/25 1485/1344/25 1486/1342/25
f 1484/1345/1 1485/1344/1 1483/1343/1
f 1279/1346/1 1262/1326/1 1278/1320/1
f 1279/1346/1 1261/1347/1 1262/1326/1
f 1279/1346/1 1260/1348/1 1261/1347/1
f 1280/1349/1 1260/1348/1 1279/1346/1
f 1497/1323/1 1519/1350/1 1520/1319/1
f 1498/1351/1 1519/1350/1 1497/1323/1
f 1280/1349/1 1281/1352/1 1260/1348/1
f 1281/1352/1 1282/1353/1 1260/1348/1
f 1282/1353/1 1283/1354/1 1260/1348/1
f 1283/1354/1 1284/1355/1 1260/1348/1
f 1284/1355/1 1259/38/1 1260/1348/1
f 1499/1356/1 1519/1350/1 1498/1351/1
f 1499/1356/1 1518/1357/1 1519/1350/1
f 1336/1358/1 1334/1359/1 1335/1360/1
f 1336/1358/1 1433/1361/1 1334/1359/1
f 1336/1358/1 1432/1362/1 1433/1361/1
f 1337/1363/1 1432/1362/1 1336/1358/1
f 1337/1363/1 1431/1364/1 1432/1362/1
f 1500/1365/1 1518/1357/1 1499/1356/1
f 1337/1363/1 1430/1366/1 1431/1364/1
f 1500/1365/1 1517/1367/1 1518/1357/1
f 1338/1368/1 1430/1366/1 1337/1363/1
f 1338/1368/1 1429/1369/1 1430/1366/1
f 1338/1368/1 1428/1370/1 1429/1369/1
f 1338/1368/1 1427/1371/1 1428/1370/1
f 1501/1372/1 1517/1367/1 1500/1365/1
f 1339/1373/1 1427/1371/1 1338/1368/1
f 1339/1373/1 1426/1374/1 1427/1371/1
f 1501/1372/1 1516/1375/1 1517/1367/1
f 1339/1373/1 1425/1376/1 1426/1374/1
f 1340/1377/1 1425/1376/1 1339/1373/1
f 1340/1377/1 1424/1378/1 1425/1376/1
f 1502/1379/1 1516/1375/1 1501/1372/1
f 1340/1377/1 1423/1380/1 1424/1378/1
f 1340/1377/1 1422/1381/1 1423/1380/1
f 1341/1382/1 1422/1381/1 1340/1377/1
f 1502/1379/1 1515/1383/1 1516/1375/1
f 1341/1382/1 1421/1384/1 1422/1381/1
f 1342/1385/1 1421/1384/1 1341/1382/1
f 1503/1386/1 1515/1383/1 1502/1379/1
f 1343/1387/1 1421/1384/1 1342/1385/1
f 1503/1386/1 1514/1388/1 1515/1383/1
f 1504/1389/1 1514/1388/1 1503/1386/1
f 1344/1390/1 1421/1384/1 1343/1387/1
f 1504/1389/1 1513/1391/1 1514/1388/1
f 1345/1392/1 1421/1384/1 1344/1390/1
f 1505/1393/1 1513/1391/1 1504/1389/1
f 1346/1394/1 1421/1384/1 1345/1392/1
f 1505/1393/1 1512/1395/1 1513/1391/1
f 1506/1396/1 1512/1395/1 1505/1393/1
f 1347/1397/1 1421/1384/1 1346/1394/1
f 1360/1398/3 1358/1399/3 1359/1400/3
f 1360/1398/1 1357/1401/1 1358/1399/1
f 1360/1398/1 1356/1402/1 1357/1401/1
f 1360/1398/1 1355/1403/1 1356/1402/1
f 1360/1398/1 1354/1404/1 1355/1403/1
f 1361/1405/1 1354/1404/1 1360/1398/1
f 1361/1405/1 1353/1406/1 1354/1404/1
f 1361/1405/1 1352/1407/1 1353/1406/1
f 1361/1405/1 1351/1408/1 1352/1407/1
f 1361/1405/2 1350/1409/2 1351/1408/2
f 1362/1410/1 1350/1409/1 1361/1405/1
f 1362/1410/1 1349/1411/1 1350/1409/1
f 1362/1410/1 1348/1412/1 1349/1411/1
f 1507/1413/1 1512/1395/1 1506/1396/1
f 1362/1410/1 1347/1397/1 1348/1412/1
f 1507/1413/1 1511/1414/1 1512/1395/1
f 1362/1410/1 1421/1384/1 1347/1397/1
f 1363/1415/1 1421/1384/1 1362/1410/1
f 1364/1416/1 1421/1384/1 1363/1415/1
f 1365/1417/1 1421/1384/1 1364/1416/1
f 1365/1417/1 1420/1418/1 1421/1384/1
f 1508/1419/1 1511/1414/1 1507/1413/1
f 1365/1417/1 1419/1420/1 1420/1418/1
f 1366/1421/1 1419/1420/1 1365/1417/1
f 1508/1419/1 1510/1422/1 1511/1414/1
f 1366/1421/1 1418/1423/1 1419/1420/1
f 1367/1424/1 1321/1425/1 1366/1421/1
f 1321/1425/1 1322/1426/1 1366/1421/1
f 1322/1426/1 1418/1423/1 1366/1421/1
f 1322/1426/1 1323/1427/1 1418/1423/1
f 1323/1427/1 1417/1428/1 1418/1423/1
f 1509/1429/1 1510/1422/1 1508/1419/1
f 1324/1430/1 1417/1428/1 1323/1427/1
f 1325/1431/2 1417/1428/2 1324/1430/2
f 1367/1424/1 1320/1432/1 1321/1425/1
f 1326/1433/3 1417/1428/3 1325/1431/3
f 1327/1434/1 1417/1428/1 1326/1433/1
f 1328/1435/1 1417/1428/1 1327/1434/1
f 1367/1424/1 1319/1436/1 1320/1432/1
f 1328/1435/1 1416/1437/1 1417/1428/1
f 1329/1438/1 1416/1437/1 1328/1435/1
f 1330/1439/1 1416/1437/1 1329/1438/1
f 1367/1424/1 1318/1440/1 1319/1436/1
f 1331/1441/1 1416/1437/1 1330/1439/1
f 1368/1442/1 1318/1440/1 1367/1424/1
f 1332/1443/1 1416/1437/1 1331/1441/1
f 1333/1444/1 1416/1437/1 1332/1443/1
f 1368/1442/1 1317/1445/1 1318/1440/1
f 1285/1446/1 1416/1437/1 1333/1444/1
f 1285/1446/1 1415/1447/1 1416/1437/1
f 1286/1448/1 1396/1449/1 1285/1446/1
f 1396/1449/1 1415/1447/1 1285/1446/1
f 1368/1442/1 1316/1450/1 1317/1445/1
f 1368/1442/1 1315/1451/1 1316/1450/1
f 1396/1449/1 1414/1452/1 1415/1447/1
f 1369/1453/1 1315/1451/1 1368/1442/1
f 1369/1453/1 1314/1454/1 1315/1451/1
f 1396/1449/1 1413/1455/1 1414/1452/1
f 1369/1453/1 1313/1456/1 1314/1454/1
f 1370/1457/1 1313/1456/1 1369/1453/1
f 1286/1448/1 1395/1458/1 1396/1449/1
f 1397/1459/1 1413/1455/1 1396/1449/1
f 1397/1459/1 1412/1460/1 1413/1455/1
f 1370/1457/1 1312/1461/1 1313/1456/1
f 1398/1462/1 1412/1460/1 1397/1459/1
f 1398/1462/1 1411/1463/1 1412/1460/1
f 1370/1457/1 1311/1464/1 1312/1461/1
f 1287/1465/1 1395/1458/1 1286/1448/1
f 1399/1466/1 1411/1463/1 1398/1462/1
f 1371/1467/1 1311/1464/1 1370/1457/1
f 1399/1466/1 1410/1468/1 1411/1463/1
f 1371/1467/1 1310/1469/1 1311/1464/1
f 1400/1470/1 1410/1468/1 1399/1466/1
f 1288/1471/1 1395/1458/1 1287/1465/1
f 1401/1472/1 1410/1468/1 1400/1470/1
f 1401/1472/1 1409/1473/1 1410/1468/1
f 1371/1467/1 1309/1474/1 1310/1469/1
f 1288/1471/1 1394/1475/1 1395/1458/1
f 1289/1476/1 1394/1475/1 1288/1471/1
f 1372/1477/1 1309/1474/1 1371/1467/1
f 1402/1478/1 1409/1473/1 1401/1472/1
f 1402/1478/1 1403/1479/1 1409/1473/1
f 1403/1479/1 1404/1480/1 1409/1473/1
f 1404/1480/1 1405/1481/1 1409/1473/1
f 1405/1481/1 1406/1482/1 1409/1473/1
f 1406/1482/1 1407/1483/1 1409/1473/1
f 1407/1483/1 1408/77/1 1409/1473/1
f 1372/1477/1 1308/1484/1 1309/1474/1
f 1290/1485/1 1394/1475/1 1289/1476/1
f 1372/1477/1 1307/1486/1 1308/1484/1
f 1290/1485/1 1393/1487/1 1394/1475/1
f 1291/1488/1 1393/1487/1 1290/1485/1
f 1373/1489/1 1307/1486/1 1372/1477/1
f 1373/1489/1 1306/1490/1 1307/1486/1
f 1292/1491/1 1393/1487/1 1291/1488/1
f 1373/1489/1 1305/1492/1 1306/1490/1
f 1292/1491/1 1392/1493/1 1393/1487/1
f 1373/1489/1 1304/1494/1 1305/1492/1
f 1293/1495/1 1392/1493/1 1292/1491/1
f 1374/1496/1 1304/1494/1 1373/1489/1
f 1374/1496/1 1303/1497/1 1304/1494/1
f 1294/1498/1 1392/1493/1 1293/1495/1
f 1294/1498/1 1391/1499/1 1392/1493/1
f 1374/1496/1 1302/1500/1 1303/1497/1
f 1295/1501/1 1391/1499/1 1294/1498/1
f 1374/1496/1 1301/1502/1 1302/1500/1
f 1375/1503/1 1301/1502/1 1374/1496/1
f 1296/1504/1 1391/1499/1 1295/1501/1
f 1375/1503/1 1300/1505/1 1301/1502/1
f 1297/1506/1 1391/1499/1 1296/1504/1
f 1375/1503/1 1299/1507/1 1300/1505/1
f 1298/1508/1 1391/1499/1 1297/1506/1
f 1375/1503/1 1298/1508/1 1299/1507/1
f 1375/1503/1 1391/1499/1 1298/1508/1
f 1375/1503/1 1390/1509/1 1391/1499/1
f 1376/1510/1 1390/1509/1 1375/1503/1
f 1376/1510/1 1389/1511/1 1390/1509/1
f 1377/1512/1 1389/1511/1 1376/1510/1
f 1377/1512/1 1388/1513/1 1389/1511/1
f 1378/1514/1 1388/1513/1 1377/1512/1
f 1378/1514/1 1387/1515/1 1388/1513/1
f 1379/1516/1 1387/1515/1 1378/1514/1
f 1379/1516/1 1386/1517/1 1387/1515/1
f 1380/1518/1 1386/1517/1 1379/1516/1
f 1380/1518/1 1385/1519/1 1386/1517/1
f 1381/1520/1 1385/1519/1 1380/1518/1
f 1381/1520/1 1384/1521/1 1385/1519/1
f 1382/1522/1 1384/1521/1 1381/1520/1
f 1382/1522/1 1383/1523/1 1384/1521/1
f 1803/1524/1 1827/37/1 1802/1525/1
f 1803/1524/1 1826/1526/1 1827/37/1
f 1803/1524/1 1825/1527/1 1826/1526/1
f 1803/1524/1 1824/1528/1 1825/1527/1
f 1803/1524/1 1823/1529/1 1824/1528/1
f 1803/1524/1 1822/1530/1 1823/1529/1
f 1803/1524/1 1821/1531/1 1822/1530/1
f 1803/1524/1 1820/1532/1 1821/1531/1
f 1803/1524/1 1819/1533/1 1820/1532/1
f 1803/1524/1 1818/1534/1 1819/1533/1
f 1803/1524/1 1817/1535/1 1818/1534/1
f 1803/1524/1 1816/1536/1 1817/1535/1
f 1803/1524/1 1815/1537/1 1816/1536/1
f 1804/1538/1 1815/1537/1 1803/1524/1
f 1805/1539/1 1815/1537/1 1804/1538/1
f 1806/1540/1 1815/1537/1 1805/1539/1
f 1807/1541/1 1815/1537/1 1806/1540/1
f 1808/1542/1 1815/1537/1 1807/1541/1
f 1809/1543/1 1815/1537/1 1808/1542/1
f 1810/1544/1 1815/1537/1 1809/1543/1
f 1811/1545/4 1815/1537/4 1810/1544/4
f 1812/1546/2 1815/1537/2 1811/1545/2
f 1813/1547/1 1815/1537/1 1812/1546/1
f 1814/1548/6 1815/1537/6 1813/1547/6
f 1560/1549/1 1558/38/1 1559/1550/1
f 1561/1551/1 1558/38/1 1560/1549/1
f 1562/1552/1 1558/38/1 1561/1551/1
f 1563/1553/1 1558/38/1 1562/1552/1
f 1564/1554/1 1558/38/1 1563/1553/1
f 1565/1555/1 1558/38/1 1564/1554/1
f 1566/1556/1 1558/38/1 1565/1555/1
f 1567/1557/1 1558/38/1 1566/1556/1
f 1568/1558/1 1558/38/1 1567/1557/1
f 1569/1559/1 1558/38/1 1568/1558/1
f 1570/1560/1 1558/38/1 1569/1559/1
f 1571/1561/1 1558/38/1 1570/1560/1
f 1572/1562/1 1558/38/1 1571/1561/1
f 1573/1563/1 1558/38/1 1572/1562/1
f 1574/1564/1 1558/38/1 1573/1563/1
f 1575/1565/1 1558/38/1 1574/1564/1
f 1576/1566/1 1558/38/1 1575/1565/1
f 1577/1567/1 1558/38/1 1576/1566/1
f 1578/1568/1 1558/38/1 1577/1567/1
f 1579/1569/1 1558/38/1 1578/1568/1
f 1580/1570/1 1558/38/1 1579/1569/1
f 1581/1571/1 1558/38/1 1580/1570/1
f 1596/1572/1 1594/1573/1 1595/1574/1
f 1582/1575/1 1558/38/1 1581/1571/1
f 1596/1572/1 1593/1576/1 1594/1573/1
f 1596/1572/1 1592/1577/1 1593/1576/1
f 1596/1572/1 1591/1578/1 1592/1577/1
f 1583/1579/1 1558/38/1 1582/1575/1
f 1596/1572/1 1590/1580/1 1591/1578/1
f 1596/1572/1 1589/1581/1 1590/1580/1
f 1584/1582/1 1558/38/1 1583/1579/1
f 1596/1572/1 1588/1583/1 1589/1581/1
f 1585/1584/1 1558/38/1 1584/1582/1
f 1596/1572/1 1587/1585/1 1588/1583/1
f 1586/1586/1 1558/38/1 1585/1584/1
f 1596/1572/1 1586/1586/1 1587/1585/1
f 1596/1572/1 1597/1587/1 1586/1586/1
f 1597/1587/1 1598/1588/1 1586/1586/1
f 1598/1588/1 1599/1589/1 1586/1586/1
f 1599/1589/1 1600/1590/1 1586/1586/1
f 1600/1590/1 1601/1591/1 1586/1586/1
f 1601/1591/1 1558/38/1 1586/1586/1
f 1601/1591/1 1602/1592/1 1558/38/1
f 1602/1592/1 1801/1593/1 1558/38/1
f 1602/1592/1 1603/1594/1 1801/1593/1
f 1603/1594/1 1800/1595/1 1801/1593/1
f 1603/1594/1 1604/1596/1 1800/1595/1
f 1604/1596/1 1799/1597/1 1800/1595/1
f 1604/1596/1 1605/1598/1 1799/1597/1
f 1605/1598/1 1606/1599/1 1799/1597/1
f 1606/1599/1 1798/1600/1 1799/1597/1
f 1606/1599/1 1607/1601/1 1798/1600/1
f 1607/1601/1 1608/1602/1 1798/1600/1
f 1608/1602/1 1797/1603/1 1798/1600/1
f 1608/1602/1 1796/1604/1 1797/1603/1
f 1608/1602/1 1610/1605/1 1796/1604/1
f 1610/1605/1 1611/1606/1 1796/1604/1
f 1611/1606/1 1612/1607/1 1796/1604/1
f 1612/1607/1 1613/1608/1 1796/1604/1
f 1613/1608/14 1614/1609/14 1796/1604/14
f 1614/1609/1 1615/1610/1 1796/1604/1
f 1615/1610/1 1616/1611/1 1796/1604/1
f 1616/1611/1 1617/1612/1 1796/1604/1
f 1617/1612/1 1618/1613/1 1796/1604/1
f 1618/1613/1 1619/1614/1 1796/1604/1
f 1619/1614/1 1795/1615/1 1796/1604/1
f 1619/1614/1 1620/1616/1 1795/1615/1
f 1620/1616/1 1794/1617/1 1795/1615/1
f 1620/1616/1 1793/1618/1 1794/1617/1
f 1621/1619/1 1793/1618/1 1620/1616/1
f 1621/1619/1 1792/1620/1 1793/1618/1
f 1621/1619/1 1791/1621/1 1792/1620/1
f 1621/1619/1 1790/1622/1 1791/1621/1
f 1621/1619/1 1789/1623/1 1790/1622/1
f 1621/1619/1 1788/1624/1 1789/1623/1
f 1608/1602/26 1609/1625/26 1610/1605/26
f 1622/1626/1 1788/1624/1 1621/1619/1
f 1622/1626/1 1787/1627/1 1788/1624/1
f 1622/1626/1 1786/1628/1 1787/1627/1
f 1623/1629/1 1786/1628/1 1622/1626/1
f 1623/1629/1 1785/1630/1 1786/1628/1
f 1623/1629/1 1784/1631/1 1785/1630/1
f 1623/1629/1 1783/1632/1 1784/1631/1
f 1624/1633/1 1783/1632/1 1623/1629/1
f 1624/1633/1 1782/1634/1 1783/1632/1
f 1624/1633/1 1781/1635/1 1782/1634/1
f 1625/1636/1 1781/1635/1 1624/1633/1
f 1625/1636/1 1780/1637/1 1781/1635/1
f 1625/1636/1 1779/1638/1 1780/1637/1
f 1625/1636/1 1778/1639/1 1779/1638/1
f 1626/1640/1 1778/1639/1 1625/1636/1
f 1776/1641/1 1774/1642/1 1775/1643/1
f 1776/1641/23 1773/1644/23 1774/1642/23
f 1777/1645/1 1773/1644/1 1776/1641/1
f 1777/1645/2 1772/1646/2 1773/1644/2
f 1778/1639/1 1772/1646/1 1777/1645/1
f 1778/1639/1 1771/1647/1 1772/1646/1
f 1626/1640/1 1771/1647/1 1778/1639/1
f 1626/1640/1 1770/1648/1 1771/1647/1
f 1626/1640/1 1769/1649/1 1770/1648/1
f 1626/1640/1 1768/1650/1 1769/1649/1
f 1626/1640/1 1767/1651/1 1768/1650/1
f 1626/1640/1 1766/1652/1 1767/1651/1
f 1626/1640/1 1765/1653/1 1766/1652/1
f 1626/1640/1 1764/1654/1 1765/1653/1
f 1626/1640/1 1763/1655/1 1764/1654/1
f 1626/1640/1 1762/1656/1 1763/1655/1
f 1626/1640/1 1761/1657/1 1762/1656/1
f 1626/1640/1 1760/1658/1 1761/1657/1
f 1626/1640/1 1759/1659/1 1760/1658/1
f 1626/1640/1 1758/1660/1 1759/1659/1
f 1626/1640/1 1757/1661/1 1758/1660/1
f 1627/1662/1 1757/1661/1 1626/1640/1
f 1627/1662/1 1668/1663/1 1757/1661/1
f 1668/1663/1 1756/1664/1 1757/1661/1
f 1668/1663/1 1669/1665/1 1756/1664/1
f 1669/1665/1 1755/1666/1 1756/1664/1
f 1670/1667/1 1755/1666/1 1669/1665/1
f 1627/1662/27 1667/1668/27 1668/1663/27
f 1671/1669/1 1755/1666/1 1670/1667/1
f 1671/1669/1 1754/1670/1 1755/1666/1
f 1627/1662/1 1666/1671/1 1667/1668/1
f 1672/1672/1 1754/1670/1 1671/1669/1
f 1627/1662/1 1665/1673/1 1666/1671/1
f 1673/1674/1 1754/1670/1 1672/1672/1
f 1627/1662/1 1664/1675/1 1665/1673/1
f 1674/1676/1 1754/1670/1 1673/1674/1
f 1627/1662/1 1663/1677/1 1664/1675/1
f 1675/1678/1 1754/1670/1 1674/1676/1
f 1627/1662/1 1662/1679/1 1663/1677/1
f 1675/1678/1 1753/1680/1 1754/1670/1
f 1627/1662/1 1661/1681/1 1662/1679/1
f 1676/1682/1 1753/1680/1 1675/1678/1
f 1627/1662/1 1660/1683/1 1661/1681/1
f 1677/1684/1 1753/1680/1 1676/1682/1
f 1628/1685/1 1660/1683/1 1627/1662/1
f 1677/1684/1 1752/1686/1 1753/1680/1
f 1628/1685/1 1659/1687/1 1660/1683/1
f 1678/1688/1 1752/1686/1 1677/1684/1
f 1628/1685/1 1658/1689/1 1659/1687/1
f 1678/1688/1 1751/1690/1 1752/1686/1
f 1679/1691/1 1751/1690/1 1678/1688/1
f 1628/1685/1 1657/1692/1 1658/1689/1
f 1628/1685/1 1656/1693/1 1657/1692/1
f 1679/1691/1 1750/1694/1 1751/1690/1
f 1680/1695/1 1750/1694/1 1679/1691/1
f 1681/1696/1 1750/1694/1 1680/1695/1
f 1681/1696/1 1749/1697/1 1750/1694/1
f 1628/1685/1 1655/1698/1 1656/1693/1
f 1682/1699/1 1749/1697/1 1681/1696/1
f 1682/1699/1 1748/1700/1 1749/1697/1
f 1629/1701/1 1655/1698/1 1628/1685/1
f 1629/1701/1 1654/1702/1 1655/1698/1
f 1683/1703/1 1748/1700/1 1682/1699/1
f 1683/1703/1 1747/1704/1 1748/1700/1
f 1684/1705/1 1747/1704/1 1683/1703/1
f 1684/1705/1 1746/1706/1 1747/1704/1
f 1629/1701/1 1653/1707/1 1654/1702/1
f 1685/1708/1 1746/1706/1 1684/1705/1
f 1685/1708/1 1745/1709/1 1746/1706/1
f 1686/1710/1 1745/1709/1 1685/1708/1
f 1630/1711/1 1653/1707/1 1629/1701/1
f 1630/1711/1 1652/1712/1 1653/1707/1
f 1686/1710/1 1744/1713/1 1745/1709/1
f 1687/1714/1 1744/1713/1 1686/1710/1
f 1687/1714/1 1743/1715/1 1744/1713/1
f 1688/1716/1 1743/1715/1 1687/1714/1
f 1630/1711/1 1651/1717/1 1652/1712/1
f 1688/1716/1 1742/1718/1 1743/1715/1
f 1689/1719/1 1742/1718/1 1688/1716/1
f 1689/1719/1 1741/1720/1 1742/1718/1
f 1631/1721/1 1651/1717/1 1630/1711/1
f 1689/1719/1 1740/1722/1 1741/1720/1
f 1690/1723/1 1740/1722/1 1689/1719/1
f 1631/1721/1 1650/1724/1 1651/1717/1
f 1690/1723/1 1739/1725/1 1740/1722/1
f 1691/1726/1 1739/1725/1 1690/1723/1
f 1632/1727/1 1650/1724/1 1631/1721/1
f 1691/1726/1 1738/1728/1 1739/1725/1
f 1692/1729/1 1738/1728/1 1691/1726/1
f 1692/1729/1 1737/1730/1 1738/1728/1
f 1632/1727/1 1649/1731/1 1650/1724/1
f 1719/1732/1 1717/1733/1 1718/1734/1
f 1692/1729/1 1736/1735/1 1737/1730/1
f 1720/1736/1 1717/1733/1 1719/1732/1
f 1633/1737/1 1649/1731/1 1632/1727/1
f 1721/1738/1 1717/1733/1 1720/1736/1
f 1693/1739/1 1736/1735/1 1692/1729/1
f 1693/1739/1 1735/1740/1 1736/1735/1
f 1722/1741/1 1717/1733/1 1721/1738/1
f 1634/1742/1 1649/1731/1 1633/1737/1
f 1723/1743/1 1717/1733/1 1722/1741/1
f 1693/1739/1 1734/1744/1 1735/1740/1
f 1724/1745/1 1717/1733/1 1723/1743/1
f 1635/1746/1 1649/1731/1 1634/1742/1
f 1694/1747/1 1734/1744/1 1693/1739/1
f 1694/1747/1 1733/1748/1 1734/1744/1
f 1725/1749/1 1717/1733/1 1724/1745/1
f 1726/1750/1 1717/1733/1 1725/1749/1
f 1694/1747/1 1732/1751/1 1733/1748/1
f 1727/1752/1 1717/1733/1 1726/1750/1
f 1636/1753/1 1649/1731/1 1635/1746/1
f 1728/1754/1 1717/1733/1 1727/1752/1
f 1694/1747/1 1731/1755/1 1732/1751/1
f 1729/1756/1 1717/1733/1 1728/1754/1
f 1694/1747/1 1730/1757/1 1731/1755/1
f 1730/1757/1 1717/1733/1 1729/1756/1
f 1694/1747/1 1717/1733/1 1730/1757/1
f 1636/1753/1 1648/1758/1 1649/1731/1
f 1637/1759/1 1648/1758/1 1636/1753/1
f 1638/1760/1 1648/1758/1 1637/1759/1
f 1639/1761/1 1648/1758/1 1638/1760/1
f 1695/1762/1 1717/1733/1 1694/1747/1
f 1640/1763/1 1648/1758/1 1639/1761/1
f 1641/1764/1 1648/1758/1 1640/1763/1
f 1642/1765/1 1648/1758/1 1641/1764/1
f 1642/1765/1 1647/1766/1 1648/1758/1
f 1643/1767/1 1647/1766/1 1642/1765/1
f 1696/1768/1 1717/1733/1 1695/1762/1
f 1644/1769/1 1647/1766/1 1643/1767/1
f 1645/1770/1 1646/1771/1 1644/1769/1
f 1646/1771/1 1647/1766/1 1644/1769/1
f 1697/1772/1 1717/1733/1 1696/1768/1
f 1698/1773/1 1717/1733/1 1697/1772/1
f 1699/1774/1 1717/1733/1 1698/1773/1
f 1700/1775/1 1717/1733/1 1699/1774/1
f 1700/1775/1 1716/1776/1 1717/1733/1
f 1700/1775/1 1715/1777/1 1716/1776/1
f 1701/1778/1 1715/1777/1 1700/1775/1
f 1701/1778/1 1714/1779/1 1715/1777/1
f 1701/1778/1 1713/1780/1 1714/1779/1
f 1701/1778/1 1712/1781/1 1713/1780/1
f 1702/1782/1 1712/1781/1 1701/1778/1
f 1702/1782/1 1711/1783/1 1712/1781/1
f 1702/1782/1 1710/1784/1 1711/1783/1
f 1703/1785/1 1710/1784/1 1702/1782/1
f 1703/1785/1 1709/1786/1 1710/1784/1
f 1703/1785/1 1708/1787/1 1709/1786/1
f 1704/1788/1 1708/1787/1 1703/1785/1
f 1704/1788/2 1707/1789/2 1708/1787/2
f 1704/1788/1 1706/1790/1 1707/1789/1
f 1705/1791/4 1706/1790/4 1704/1788/4
f 1841/1792/1 1836/1793/1 1840/1794/1
f 1836/1793/1 1967/37/1 1840/1794/1
f 1836/1793/1 1837/1795/1 1967/37/1
f 1837/1795/1 1966/1796/1 1967/37/1
f 1841/1792/1 1839/1797/1 1836/1793/1
f 1838/1798/1 1966/1796/1 1837/1795/1
f 1841/1792/1 1828/38/1 1839/1797/1
f 1828/38/1 1838/1798/1 1839/1797/1
f 1828/38/1 1829/1799/1 1838/1798/1
f 1829/1799/1 1966/1796/1 1838/1798/1
f 1841/1792/1 1831/1800/1 1828/38/1
f 1830/1801/1 1966/1796/1 1829/1799/1
f 1841/1792/1 1832/1802/1 1831/1800/1
f 1832/1802/1 1830/1801/1 1831/1800/1
f 1832/1802/1 1833/1803/1 1830/1801/1
f 1833/1803/1 1966/1796/1 1830/1801/1
f 1841/1792/1 1835/1804/1 1832/1802/1
f 1834/1805/1 1966/1796/1 1833/1803/1
f 1841/1792/1 1834/1805/1 1835/1804/1
f 1841/1792/1 1966/1796/1 1834/1805/1
f 1842/1806/9 1966/1796/9 1841/1792/9
f 1843/1807/1 1878/1808/1 1842/1806/1
f 1878/1808/8 1966/1796/8 1842/1806/8
f 1843/1807/1 1877/1809/1 1878/1808/1
f 1879/1810/9 1966/1796/9 1878/1808/9
f 1880/1811/1 1965/1812/1 1879/1810/1
f 1965/1812/9 1966/1796/9 1879/1810/9
f 1880/1811/1 1964/1813/1 1965/1812/1
f 1844/1814/1 1877/1809/1 1843/1807/1
f 1844/1814/1 1876/1815/1 1877/1809/1
f 1845/1816/1 1876/1815/1 1844/1814/1
f 1845/1816/1 1875/1817/1 1876/1815/1
f 1846/1818/1 1875/1817/1 1845/1816/1
f 1929/1819/1 1927/1820/1 1928/1821/1
f 1929/1819/1 1926/1822/1 1927/1820/1
f 1929/1819/1 1925/1823/1 1926/1822/1
f 1929/1819/1 1924/1824/1 1925/1823/1
f 1929/1819/1 1923/1825/1 1924/1824/1
f 1929/1819/1 1922/1826/1 1923/1825/1
f 1846/1818/1 1874/1827/1 1875/1817/1
f 1929/1819/1 1921/1828/1 1922/1826/1
f 1847/1829/1 1874/1827/1 1846/1818/1
f 1929/1819/1 1920/1830/1 1921/1828/1
f 1929/1819/1 1919/1831/1 1920/1830/1
f 1929/1819/1 1918/1832/1 1919/1831/1
f 1929/1819/1 1917/1833/1 1918/1832/1
f 1930/1834/1 1917/1833/1 1929/1819/1
f 1930/1834/1 1916/1835/1 1917/1833/1
f 1930/1834/1 1915/1836/1 1916/1835/1
f 1848/1837/1 1874/1827/1 1847/1829/1
f 1848/1837/1 1873/1838/1 1874/1827/1
f 1931/1839/1 1915/1836/1 1930/1834/1
f 1849/1840/1 1873/1838/1 1848/1837/1
f 1931/1839/1 1914/1841/1 1915/1836/1
f 1932/1842/1 1914/1841/1 1931/1839/1
f 1849/1840/1 1872/1843/1 1873/1838/1
f 1850/1844/1 1872/1843/1 1849/1840/1
f 1933/1845/1 1914/1841/1 1932/1842/1
f 1933/1845/1 1913/1846/1 1914/1841/1
f 1851/1847/1 1872/1843/1 1850/1844/1
f 1851/1847/1 1871/1848/1 1872/1843/1
f 1934/1849/1 1913/1846/1 1933/1845/1
f 1881/1850/1 1964/1813/1 1880/1811/1
f 1881/1850/1 1963/1851/1 1964/1813/1
f 1881/1850/1 1962/1852/1 1963/1851/1
f 1935/1853/1 1913/1846/1 1934/1849/1
f 1852/1854/1 1871/1848/1 1851/1847/1
f 1881/1850/1 1961/1855/1 1962/1852/1
f 1935/1853/1 1912/1856/1 1913/1846/1
f 1881/1850/1 1960/1857/1 1961/1855/1
f 1936/1858/1 1912/1856/1 1935/1853/1
f 1882/1859/1 1960/1857/1 1881/1850/1
f 1882/1859/1 1959/1860/1 1960/1857/1
f 1852/1854/1 1870/1861/1 1871/1848/1
f 1853/1862/1 1870/1861/1 1852/1854/1
f 1882/1859/1 1958/1863/1 1959/1860/1
f 1937/1864/1 1912/1856/1 1936/1858/1
f 1882/1859/1 1957/1865/1 1958/1863/1
f 1938/1866/1 1912/1856/1 1937/1864/1
f 1882/1859/1 1956/1867/1 1957/1865/1
f 1882/1859/1 1955/1868/1 1956/1867/1
f 1939/1869/1 1912/1856/1 1938/1866/1
f 1882/1859/1 1954/1870/1 1955/1868/1
f 1882/1859/2 1953/1871/2 1954/1870/2
f 1940/1872/1 1912/1856/1 1939/1869/1
f 1882/1859/1 1952/1873/1 1953/1871/1
f 1882/1859/4 1951/1874/4 1952/1873/4
f 1882/1859/3 1950/1875/3 1951/1874/3
f 1882/1859/23 1949/1876/23 1950/1875/23
f 1882/1859/1 1948/1877/1 1949/1876/1
f 1882/1859/3 1947/1878/3 1948/1877/3
f 1882/1859/1 1946/1879/1 1947/1878/1
f 1882/1859/1 1945/1880/1 1946/1879/1
f 1882/1859/28 1944/1881/28 1945/1880/28
f 1882/1859/23 1943/1882/23 1944/1881/23
f 1882/1859/1 1942/1883/1 1943/1882/1
f 1882/1859/4 1941/1884/4 1942/1883/4
f 1882/1859/2 1940/1872/2 1941/1884/2
f 1882/1859/1 1912/1856/1 1940/1872/1
f 1882/1859/1 1911/1885/1 1912/1856/1
f 1883/1886/1 1911/1885/1 1882/1859/1
f 1854/1887/1 1870/1861/1 1853/1862/1
f 1854/1887/1 1869/1888/1 1870/1861/1
f 1855/1889/1 1869/1888/1 1854/1887/1
f 1884/1890/1 1911/1885/1 1883/1886/1
f 1856/1891/1 1869/1888/1 1855/1889/1
f 1884/1890/1 1910/1892/1 1911/1885/1
f 1857/1893/1 1869/1888/1 1856/1891/1
f 1858/1894/1 1869/1888/1 1857/1893/1
f 1885/1895/1 1910/1892/1 1884/1890/1
f 1858/1894/1 1868/1896/1 1869/1888/1
f 1859/1897/1 1868/1896/1 1858/1894/1
f 1885/1895/1 1909/1898/1 1910/1892/1
f 1860/1899/1 1868/1896/1 1859/1897/1
f 1886/1900/1 1909/1898/1 1885/1895/1
f 1861/1901/1 1868/1896/1 1860/1899/1
f 1886/1900/1 1908/1902/1 1909/1898/1
f 1887/1903/1 1908/1902/1 1886/1900/1
f 1861/1901/1 1867/1904/1 1868/1896/1
f 1862/1905/1 1867/1904/1 1861/1901/1
f 1887/1903/1 1907/1906/1 1908/1902/1
f 1888/1907/1 1907/1906/1 1887/1903/1
f 1863/1908/1 1867/1904/1 1862/1905/1
f 1889/1909/1 1907/1906/1 1888/1907/1
f 1889/1909/1 1906/1910/1 1907/1906/1
f 1864/1911/1 1867/1904/1 1863/1908/1
f 1864/1911/1 1865/1912/1 1867/1904/1
f 1865/1912/1 1866/1913/1 1867/1904/1
f 1890/1914/1 1906/1910/1 1889/1909/1
f 1890/1914/1 1905/1915/1 1906/1910/1
f 1891/1916/1 1905/1915/1 1890/1914/1
f 1891/1916/1 1904/1917/1 1905/1915/1
f 1892/1918/1 1904/1917/1 1891/1916/1
f 1893/1919/8 1904/1917/8 1892/1918/8
f 1894/1920/9 1904/1917/9 1893/1919/9
f 1895/1921/8 1904/1917/8 1894/1920/8
f 1896/1922/9 1904/1917/9 1895/1921/9
f 1897/1923/9 1904/1917/9 1896/1922/9
f 1898/1924/8 1904/1917/8 1897/1923/8
f 1899/1925/9 1904/1917/9 1898/1924/9
f 1900/1926/8 1904/1917/8 1899/1925/8
f 1901/1927/9 1904/1917/9 1900/1926/9
f 1902/1928/9 1904/1917/9 1901/1927/9
f 1903/1929/9 1904/1917/9 1902/1928/9
f 2044/1/29 2043/3/29 2042/2/29
f 2045/4/29 2044/1/29 2042/2/29
f 2046/5/29 2045/4/29 2042/2/29
f 2047/6/29 2046/5/29 2042/2/29
f 2048/7/29 2047/6/29 2042/2/29
f 2049/8/29 2048/7/29 2042/2/29
f 2050/9/29 2049/8/29 2042/2/29
f 2051/10/29 2050/9/29 2042/2/29
f 2052/11/29 2051/10/29 2042/2/29
f 2053/12/29 2052/11/29 2042/2/29
f 2054/13/29 2053/12/29 2042/2/29
f 2055/14/29 2054/13/29 2042/2/29
f 2056/15/29 2055/14/29 2042/2/29
f 2057/16/29 2056/15/29 2042/2/29
f 2058/17/29 2057/16/29 2042/2/29
f 2059/18/29 2058/17/29 2042/2/29
f 2060/19/29 2059/18/29 2042/2/29
f 2061/20/29 2060/19/29 2042/2/29
f 2062/21/29 2061/20/29 2042/2/29
f 2063/22/29 2062/21/29 2042/2/29
f 2064/23/29 2063/22/29 2042/2/29
f 2065/24/29 2064/23/29 2042/2/29
f 2066/25/29 2065/24/29 2042/2/29
f 2067/26/29 2066/25/29 2042/2/29
f 2068/27/30 2067/26/30 2042/2/30
f 2069/28/31 2068/27/31 2042/2/31
f 2070/29/29 2069/28/29 2042/2/29
f 2071/30/29 2070/29/29 2042/2/29
f 2072/31/29 2071/30/29 2042/2/29
f 2073/32/29 2072/31/29 2042/2/29
f 2074/33/29 2073/32/29 2042/2/29
f 2075/34/30 2074/33/30 2042/2/30
f 2076/35/31 2075/34/31 2042/2/31
f 2077/36/29 2076/35/29 2042/2/29
f 2078/37/30 2077/36/30 2042/2/30
f 1968/38/29 2078/37/29 2042/2/29
f 1969/39/29 1968/38/29 1970/40/29
f 1970/40/29 1968/38/29 1971/41/29
f 1971/41/29 1968/38/29 1972/42/29
f 1972/42/29 1968/38/29 1973/43/29
f 1973/43/29 1968/38/29 1974/44/29
f 1974/44/29 1968/38/29 1975/45/29
f 1975/45/29 1968/38/29 1976/46/29
f 1976/46/29 1968/38/29 1977/47/29
f 1977/47/29 1968/38/29 1981/48/29
f 1981/48/29 1968/38/29 2037/49/29
f 2037/49/29 1968/38/29 2038/50/29
f 2038/50/30 1968/38/30 2039/51/30
f 2039/51/29 1968/38/29 2040/52/29
f 2040/52/29 1968/38/29 2041/53/29
f 2041/53/29 1968/38/29 2042/2/29
f 1981/48/32 2037/49/32 2036/54/32
f 1981/48/31 2036/54/31 2035/55/31
f 1981/48/29 2035/55/29 2034/56/29
f 1981/48/29 2034/56/29 2033/57/29
f 1981/48/29 2033/57/29 2032/58/29
f 1981/48/29 2032/58/29 2031/59/29
f 1977/47/33 1981/48/33 1978/60/33
f 1978/60/29 1981/48/29 1980/61/29
f 1982/62/29 1981/48/29 2031/59/29
f 1982/62/29 2031/59/29 2030/63/29
f 1978/60/29 1980/61/29 1979/64/29
f 1982/62/29 2030/63/29 2029/65/29
f 1983/66/29 1982/62/29 2029/65/29
f 1983/66/29 2029/65/29 2028/67/29
f 1984/68/29 1983/66/29 2028/67/29
f 1984/68/29 2028/67/29 2027/69/29
f 1985/70/29 1984/68/29 2027/69/29
f 1985/70/29 2027/69/29 2026/71/29
f 1986/72/29 1985/70/29 2026/71/29
f 1986/72/29 2026/71/29 2025/73/29
f 1987/74/29 1986/72/29 2025/73/29
f 1987/74/29 2025/73/29 2024/75/29
f 1988/76/29 1987/74/29 2024/75/29
f 1988/76/29 2024/75/29 2023/77/29
f 1989/78/29 1988/76/29 2023/77/29
f 1989/78/29 2023/77/29 2022/79/29
f 1990/80/29 1989/78/29 2022/79/29
f 1990/80/29 2022/79/29 2021/81/29
f 1991/82/29 1990/80/29 2021/81/29
f 1991/82/29 2021/81/29 2020/83/29
f 1991/82/29 2020/83/29 2019/84/29
f 1992/85/29 1991/82/29 2019/84/29
f 1992/85/29 2019/84/29 2018/86/29
f 1993/87/29 1992/85/29 2018/86/29
f 1993/87/29 2018/86/29 2017/88/29
f 1994/89/29 1993/87/29 2017/88/29
f 1994/89/29 2017/88/29 2016/90/29
f 1995/91/29 1994/89/29 2016/90/29
f 1995/91/29 2016/90/29 2015/92/29
f 1996/93/29 1995/91/29 2015/92/29
f 1996/93/29 2015/92/29 2014/94/29
f 1996/93/29 2014/94/29 2013/95/29
f 1997/96/29 1996/93/29 2013/95/29
f 1997/96/29 2013/95/29 2012/97/29
f 1998/98/29 1997/96/29 2012/97/29
f 1998/98/29 2012/97/29 2011/99/29
f 1998/98/29 2011/99/29 2010/100/29
f 1999/101/29 1998/98/29 2010/100/29
f 1999/101/29 2010/100/29 2009/102/29
f 1999/101/29 2009/102/29 2008/103/29
f 1999/101/29 2008/103/29 2007/104/29
f 1999/101/29 2007/104/29 2006/105/29
f 2000/106/29 1999/101/29 2006/105/29
f 2000/106/29 2006/105/29 2005/107/29
f 2001/108/29 2000/106/29 2005/107/29
f 2002/109/29 2001/108/29 2005/107/29
f 2003/110/29 2002/109/29 2005/107/29
f 2004/111/29 2003/110/29 2005/107/29
f 2081/112/29 2080/113/29 2079/38/29
f 2081/112/29 2079/38/29 2176/37/29
f 2082/114/29 2081/112/29 2176/37/29
f 2082/114/29 2176/37/29 2175/115/29
f 2083/116/29 2082/114/29 2175/115/29
f 2083/116/29 2175/115/29 2174/117/29
f 2084/118/29 2083/116/29 2174/117/29
f 2084/118/29 2174/117/29 2173/119/29
f 2085/120/29 2084/118/29 2173/119/29
f 2085/120/29 2173/119/29 2172/121/29
f 2086/122/29 2085/120/29 2172/121/29
f 2086/122/29 2172/121/29 2171/123/29
f 2087/124/29 2086/122/29 2171/123/29
f 2087/124/29 2171/123/29 2170/125/29
f 2088/126/29 2087/124/29 2170/125/29
f 2088/126/29 2170/125/29 2169/127/29
f 2089/128/29 2088/126/29 2169/127/29
f 2089/128/29 2169/127/29 2168/129/29
f 2090/130/29 2089/128/29 2168/129/29
f 2090/130/29 2168/129/29 2167/131/29
f 2091/132/29 2090/130/29 2167/131/29
f 2091/132/29 2167/131/29 2166/133/29
f 2092/134/29 2091/132/29 2166/133/29
f 2092/134/29 2166/133/29 2165/135/29
f 2093/136/29 2092/134/29 2165/135/29
f 2093/136/29 2165/135/29 2164/137/29
f 2094/138/29 2093/136/29 2164/137/29
f 2094/138/29 2164/137/29 2163/139/29
f 2095/140/29 2094/138/29 2163/139/29
f 2095/140/29 2163/139/29 2162/141/29
f 2096/142/29 2095/140/29 2162/141/29
f 2096/142/29 2162/141/29 2161/143/29
f 2097/144/29 2096/142/29 2161/143/29
f 2097/144/29 2161/143/29 2160/145/29
f 2098/146/29 2097/144/29 2160/145/29
f 2098/146/29 2160/145/29 2159/147/29
f 2098/146/29 2159/147/29 2158/148/29
f 2099/149/29 2098/146/29 2158/148/29
f 2099/149/29 2158/148/29 2157/150/29
f 2100/151/29 2099/149/29 2157/150/29
f 2100/151/29 2157/150/29 2156/152/29
f 2101/153/29 2100/151/29 2156/152/29
f 2101/153/29 2156/152/29 2155/154/29
f 2102/155/29 2101/153/29 2155/154/29
f 2102/155/29 2155/154/29 2154/156/29
f 2103/157/29 2102/155/29 2154/156/29
f 2130/158/29 2129/160/29 2128/159/29
f 2103/157/29 2154/156/29 2153/161/29
f 2131/162/29 2130/158/29 2128/159/29
f 2104/163/29 2103/157/29 2153/161/29
f 2132/164/29 2131/162/29 2128/159/29
f 2104/163/29 2153/161/29 2152/165/29
f 2105/166/29 2104/163/29 2152/165/29
f 2132/164/29 2128/159/29 2127/167/29
f 2133/168/29 2132/164/29 2127/167/29
f 2105/166/29 2152/165/29 2151/169/29
f 2133/168/29 2127/167/29 2126/170/29
f 2134/171/29 2133/168/29 2126/170/29
f 2106/172/29 2105/166/29 2151/169/29
f 2106/172/29 2151/169/29 2150/173/29
f 2134/171/29 2126/170/29 2125/174/29
f 2135/175/29 2134/171/29 2125/174/29
f 2106/172/29 2150/173/29 2149/176/29
f 2107/177/29 2106/172/29 2149/176/29
f 2136/178/29 2135/175/29 2125/174/29
f 2136/178/29 2125/174/29 2124/179/29
f 2107/177/29 2149/176/29 2148/180/29
f 2137/181/29 2136/178/29 2124/179/29
f 2107/177/29 2148/180/29 2147/182/29
f 2137/181/29 2124/179/29 2123/183/29
f 2108/184/29 2107/177/29 2147/182/29
f 2108/184/29 2147/182/29 2146/185/29
f 2138/186/29 2137/181/29 2123/183/29
f 2108/184/29 2146/185/29 2145/187/29
f 2139/188/29 2138/186/29 2123/183/29
f 2139/188/29 2123/183/29 2122/189/29
f 2108/184/29 2145/187/29 2144/190/29
f 2109/191/29 2108/184/29 2144/190/29
f 2140/192/29 2139/188/29 2122/189/29
f 2109/191/29 2144/190/29 2143/193/29
f 2109/191/29 2143/193/29 2142/194/29
f 2141/195/29 2140/192/29 2122/189/29
f 2109/191/29 2142/194/29 2141/195/29
f 2109/191/29 2141/195/29 2122/189/29
f 2109/191/29 2122/189/29 2121/196/29
f 2110/197/29 2109/191/29 2121/196/29
f 2110/197/29 2121/196/29 2120/198/29
f 2111/199/29 2110/197/29 2120/198/29
f 2111/199/29 2120/198/29 2119/200/29
f 2112/201/29 2111/199/29 2119/200/29
f 2113/202/29 2112/201/29 2119/200/29
f 2113/202/29 2119/200/29 2118/203/29
f 2114/204/29 2113/202/29 2118/203/29
f 2114/204/29 2118/203/29 2117/205/29
f 2115/206/29 2114/204/29 2117/205/29
f 2115/206/29 2117/205/29 2116/207/29
f 2333/208/29 2332/209/29 2410/37/29
f 2333/208/29 2410/37/29 2409/210/29
f 2178/211/29 2177/38/29 2180/212/29
f 2180/212/29 2177/38/29 2184/213/29
f 2180/212/29 2184/213/29 2181/214/29
f 2181/214/29 2184/213/29 2183/215/29
f 2178/211/29 2180/212/29 2179/216/29
f 2182/217/29 2181/214/29 2183/215/29
f 2222/218/29 2247/220/29 2246/219/29
f 2186/221/29 2185/223/29 2221/222/29
f 2222/218/29 2246/219/29 2245/224/29
f 2335/225/29 2334/226/29 2333/208/29
f 2335/225/29 2333/208/29 2409/210/29
f 2335/225/29 2409/210/29 2408/227/29
f 2335/225/29 2408/227/29 2407/228/29
f 2187/229/29 2186/221/29 2221/222/29
f 2187/229/29 2221/222/29 2220/230/29
f 2222/218/29 2245/224/29 2244/231/29
f 2223/232/29 2222/218/29 2244/231/29
f 2188/233/29 2187/229/29 2220/230/29
f 2223/232/29 2244/231/29 2243/234/29
f 2188/233/29 2220/230/29 2219/235/29
f 2224/236/29 2223/232/29 2243/234/29
f 2189/237/29 2188/233/29 2219/235/29
f 2224/236/29 2243/234/29 2242/238/29
f 2189/237/29 2219/235/29 2218/239/29
f 2225/240/29 2224/236/29 2242/238/29
f 2190/241/29 2189/237/29 2218/239/29
f 2225/240/29 2242/238/29 2241/242/29
f 2226/243/29 2225/240/29 2241/242/29
f 2190/241/29 2218/239/29 2217/244/29
f 2336/245/9 2335/225/9 2407/228/9
f 2337/246/29 2336/245/29 2406/247/29
f 2406/247/8 2336/245/8 2407/228/8
f 2337/246/29 2406/247/29 2405/248/29
f 2191/249/29 2190/241/29 2217/244/29
f 2226/243/29 2241/242/29 2240/250/29
f 2227/251/29 2226/243/29 2240/250/29
f 2191/249/29 2217/244/29 2216/252/29
f 2192/253/29 2191/249/29 2216/252/29
f 2227/251/29 2240/250/29 2239/254/29
f 2228/255/29 2227/251/29 2239/254/29
f 2193/256/29 2192/253/29 2216/252/29
f 2193/256/29 2216/252/29 2215/257/29
f 2228/255/29 2239/254/29 2238/258/29
f 2229/259/29 2228/255/29 2238/258/29
f 2194/260/29 2193/256/29 2215/257/29
f 2194/260/29 2215/257/29 2214/261/29
f 2229/259/29 2238/258/29 2237/262/29
f 2195/263/29 2194/260/29 2214/261/29
f 2230/264/29 2229/259/29 2237/262/29
f 2195/263/29 2214/261/29 2213/265/29
f 2230/264/29 2237/262/29 2236/266/29
f 2196/267/29 2195/263/29 2213/265/29
f 2231/268/29 2230/264/29 2236/266/29
f 2197/269/29 2196/267/29 2213/265/29
f 2231/268/29 2236/266/29 2235/270/29
f 2197/269/29 2213/265/29 2212/271/29
f 2232/272/29 2231/268/29 2235/270/29
f 2198/273/29 2197/269/29 2212/271/29
f 2249/274/29 2248/276/29 2331/275/29
f 2249/274/29 2331/275/29 2330/277/29
f 2199/278/29 2198/273/29 2212/271/29
f 2232/272/29 2235/270/29 2233/279/29
f 2233/279/29 2235/270/29 2234/280/29
f 2200/281/29 2199/278/29 2212/271/29
f 2200/281/29 2212/271/29 2211/282/29
f 2201/283/29 2200/281/29 2211/282/29
f 2202/284/29 2201/283/29 2211/282/29
f 2203/285/29 2202/284/29 2211/282/29
f 2203/285/29 2211/282/29 2210/286/29
f 2204/287/29 2203/285/29 2210/286/29
f 2205/288/29 2204/287/29 2210/286/29
f 2206/289/29 2205/288/29 2210/286/29
f 2206/289/29 2210/286/29 2207/290/29
f 2207/290/29 2210/286/29 2208/291/29
f 2208/291/29 2210/286/29 2209/292/29
f 2405/248/29 2404/294/29 2403/293/29
f 2337/246/29 2405/248/29 2403/293/29
f 2338/295/29 2337/246/29 2403/293/29
f 2251/296/29 2250/297/29 2249/274/29
f 2251/296/29 2249/274/29 2330/277/29
f 2251/296/29 2330/277/29 2329/298/29
f 2251/296/29 2329/298/29 2328/299/29
f 2338/295/29 2403/293/29 2402/300/29
f 2339/301/29 2338/295/29 2340/302/29
f 2340/302/29 2338/295/29 2402/300/29
f 2340/302/29 2402/300/29 2401/303/29
f 2252/304/9 2251/296/9 2328/299/9
f 2253/305/29 2252/304/29 2327/306/29
f 2327/306/9 2252/304/9 2328/299/9
f 2253/305/29 2327/306/29 2326/307/29
f 2341/308/29 2340/302/29 2401/303/29
f 2253/305/29 2326/307/29 2291/309/29
f 2291/309/29 2326/307/29 2325/310/29
f 2254/311/29 2253/305/29 2288/312/29
f 2288/312/29 2253/305/29 2291/309/29
f 2288/312/29 2291/309/29 2290/313/29
f 2292/314/29 2291/309/29 2325/310/29
f 2254/311/29 2288/312/29 2287/315/29
f 2289/316/29 2288/312/29 2290/313/29
f 2292/314/29 2325/310/29 2324/317/29
f 2255/318/29 2254/311/29 2287/315/29
f 2293/319/29 2292/314/29 2324/317/29
f 2255/318/29 2287/315/29 2286/320/29
f 2293/319/29 2324/317/29 2323/321/29
f 2256/322/29 2255/318/29 2286/320/29
f 2294/323/29 2293/319/29 2323/321/29
f 2294/323/29 2323/321/29 2322/324/29
f 2256/322/29 2286/320/29 2285/325/29
f 2257/326/29 2256/322/29 2285/325/29
f 2295/327/29 2294/323/29 2322/324/29
f 2295/327/29 2322/324/29 2321/328/29
f 2257/326/29 2285/325/29 2284/329/29
f 2258/330/29 2257/326/29 2284/329/29
f 2295/327/29 2321/328/29 2320/331/29
f 2296/332/29 2295/327/29 2320/331/29
f 2259/333/29 2258/330/29 2284/329/29
f 2259/333/29 2284/329/29 2283/334/29
f 2296/332/29 2320/331/29 2319/335/29
f 2260/336/29 2259/333/29 2283/334/29
f 2297/337/29 2296/332/29 2319/335/29
f 2260/336/29 2283/334/29 2282/338/29
f 2297/337/29 2319/335/29 2318/339/29
f 2261/340/29 2260/336/29 2282/338/29
f 2298/341/29 2297/337/29 2318/339/29
f 2261/340/29 2282/338/29 2281/342/29
f 2298/341/29 2318/339/29 2317/343/29
f 2262/344/29 2261/340/29 2281/342/29
f 2299/345/29 2298/341/29 2317/343/29
f 2299/345/29 2317/343/29 2316/346/29
f 2262/344/29 2281/342/29 2280/347/29
f 2263/348/29 2262/344/29 2280/347/29
f 2299/345/29 2316/346/29 2315/349/29
f 2300/350/29 2299/345/29 2315/349/29
f 2264/351/29 2263/348/29 2280/347/29
f 2264/351/29 2280/347/29 2279/352/29
f 2300/350/29 2315/349/29 2314/353/29
f 2265/354/29 2264/351/29 2279/352/29
f 2300/350/29 2314/353/29 2313/355/29
f 2266/356/29 2265/354/29 2279/352/29
f 2300/350/29 2313/355/29 2312/357/29
f 2301/358/29 2300/350/29 2312/357/29
f 2267/359/29 2266/356/29 2279/352/29
f 2301/358/29 2312/357/29 2311/360/29
f 2267/359/29 2279/352/29 2278/361/29
f 2268/362/29 2267/359/29 2278/361/29
f 2301/358/29 2311/360/29 2310/363/29
f 2269/364/29 2268/362/29 2278/361/29
f 2301/358/29 2310/363/29 2309/365/29
f 2270/366/29 2269/364/29 2278/361/29
f 2301/358/29 2309/365/29 2308/367/29
f 2302/368/29 2301/358/29 2308/367/29
f 2271/369/29 2270/366/29 2278/361/29
f 2271/369/29 2278/361/29 2277/370/29
f 2302/368/29 2308/367/29 2307/371/29
f 2342/372/29 2341/308/29 2401/303/29
f 2342/372/29 2401/303/29 2400/373/29
f 2343/374/29 2342/372/29 2400/373/29
f 2272/375/29 2271/369/29 2277/370/29
f 2302/368/29 2307/371/29 2306/376/29
f 2344/377/29 2343/374/29 2400/373/29
f 2345/378/29 2344/377/29 2400/373/29
f 2273/379/29 2272/375/29 2277/370/29
f 2345/378/29 2400/373/29 2399/380/29
f 2346/381/29 2345/378/29 2399/380/29
f 2302/368/29 2306/376/29 2305/382/29
f 2303/383/29 2302/368/29 2304/384/29
f 2304/384/29 2302/368/29 2305/382/29
f 2347/385/29 2346/381/29 2399/380/29
f 2348/386/29 2347/385/29 2399/380/29
f 2349/387/29 2348/386/29 2399/380/29
f 2274/388/29 2273/379/29 2277/370/29
f 2274/388/29 2277/370/29 2275/389/29
f 2275/389/29 2277/370/29 2276/390/29
f 2350/391/29 2349/387/29 2399/380/29
f 2351/392/29 2350/391/29 2399/380/29
f 2352/393/30 2351/392/30 2399/380/30
f 2353/394/29 2352/393/29 2399/380/29
f 2366/395/29 2365/397/29 2364/396/29
f 2354/398/29 2353/394/29 2399/380/29
f 2355/399/29 2354/398/29 2399/380/29
f 2356/400/34 2355/399/34 2399/380/34
f 2357/401/29 2356/400/29 2399/380/29
f 2366/395/29 2364/396/29 2363/402/29
f 2358/403/29 2357/401/29 2399/380/29
f 2359/404/29 2358/403/29 2399/380/29
f 2366/395/29 2363/402/29 2362/405/29
f 2360/406/29 2359/404/29 2399/380/29
f 2366/395/29 2362/405/29 2361/407/29
f 2361/407/29 2360/406/29 2399/380/29
f 2366/395/29 2361/407/29 2399/380/29
f 2366/395/29 2399/380/29 2398/408/29
f 2367/409/29 2366/395/29 2398/408/29
f 2367/409/29 2398/408/29 2397/410/29
f 2368/411/29 2367/409/29 2397/410/29
f 2368/411/29 2397/410/29 2396/412/29
f 2369/413/29 2368/411/29 2396/412/29
f 2370/414/29 2369/413/29 2396/412/29
f 2370/414/29 2396/412/29 2395/415/29
f 2371/416/29 2370/414/29 2395/415/29
f 2371/416/29 2395/415/29 2394/417/29
f 2372/418/29 2371/416/29 2394/417/29
f 2372/418/29 2394/417/29 2393/419/29
f 2372/418/29 2393/419/29 2392/420/29
f 2373/421/29 2372/418/29 2392/420/29
f 2373/421/29 2392/420/29 2391/422/29
f 2374/423/29 2373/421/29 2391/422/29
f 2374/423/29 2391/422/29 2390/424/29
f 2374/423/29 2390/424/29 2389/425/29
f 2375/426/29 2374/423/29 2389/425/29
f 2375/426/29 2389/425/29 2388/427/29
f 2375/426/29 2388/427/29 2387/428/29
f 2376/429/29 2375/426/29 2387/428/29
f 2376/429/29 2387/428/29 2386/430/29
f 2376/429/29 2386/430/29 2385/431/29
f 2376/429/29 2385/431/29 2384/432/29
f 2377/433/29 2376/429/29 2384/432/29
f 2377/433/29 2384/432/29 2383/434/29
f 2377/433/29 2383/434/29 2382/435/29
f 2377/433/29 2382/435/29 2381/436/29
f 2377/433/31 2381/436/31 2380/437/31
f 2377/433/31 2380/437/31 2379/438/31
f 2377/433/35 2379/438/35 2378/439/35
f 2511/440/29 2510/442/29 2509/441/29
f 2511/440/29 2509/441/29 2508/443/29
f 2512/444/29 2511/440/29 2508/443/29
f 2512/444/29 2508/443/29 2507/445/29
f 2513/446/29 2512/444/29 2507/445/29
f 2513/446/29 2507/445/29 2506/447/29
f 2514/448/29 2513/446/29 2506/447/29
f 2514/448/29 2506/447/29 2505/449/29
f 2515/450/29 2514/448/29 2505/449/29
f 2515/450/29 2505/449/29 2504/451/29
f 2515/450/29 2504/451/29 2503/452/29
f 2516/453/29 2515/450/29 2503/452/29
f 2516/453/29 2503/452/29 2502/454/29
f 2517/455/29 2516/453/29 2502/454/29
f 2517/455/29 2502/454/29 2501/456/29
f 2518/457/29 2517/455/29 2501/456/29
f 2518/457/29 2501/456/29 2500/458/29
f 2519/103/29 2518/457/29 2500/458/29
f 2519/103/29 2500/458/29 2499/459/29
f 2486/460/29 2485/462/29 2484/461/29
f 2520/463/29 2519/103/29 2499/459/29
f 2487/464/29 2486/460/29 2484/461/29
f 2488/465/29 2487/464/29 2484/461/29
f 2520/463/29 2499/459/29 2498/466/29
f 2489/467/29 2488/465/29 2484/461/29
f 2521/468/29 2520/463/29 2498/466/29
f 2490/469/29 2489/467/29 2484/461/29
f 2491/470/29 2490/469/29 2484/461/29
f 2521/468/29 2498/466/29 2497/471/29
f 2492/98/29 2491/470/29 2484/461/29
f 2522/472/29 2521/468/29 2497/471/29
f 2493/473/29 2492/98/29 2484/461/29
f 2536/474/29 2535/476/29 2534/475/29
f 2494/477/29 2493/473/29 2484/461/29
f 2536/474/29 2534/475/29 2533/478/29
f 2536/474/29 2533/478/29 2532/479/29
f 2495/480/29 2494/477/29 2484/461/29
f 2536/474/29 2532/479/29 2531/481/29
f 2496/482/29 2495/480/29 2484/461/29
f 2536/474/29 2531/481/29 2530/483/29
f 2497/471/29 2496/482/29 2484/461/29
f 2536/474/29 2530/483/29 2529/484/29
f 2522/472/29 2497/471/29 2484/461/29
f 2536/474/29 2529/484/29 2528/485/29
f 2536/474/29 2528/485/29 2527/486/29
f 2536/474/29 2527/486/29 2526/487/29
f 2523/488/29 2522/472/29 2484/461/29
f 2536/474/29 2526/487/29 2525/489/29
f 2536/474/29 2525/489/29 2524/490/29
f 2536/474/29 2524/490/29 2523/488/29
f 2536/474/29 2523/488/29 2484/461/29
f 2536/474/29 2484/461/29 2483/491/29
f 2536/474/29 2483/491/29 2482/492/29
f 2536/474/29 2482/492/29 2481/493/29
f 2536/474/29 2481/493/29 2480/494/29
f 2536/474/29 2480/494/29 2479/495/29
f 2536/474/29 2479/495/29 2478/496/29
f 2536/474/29 2478/496/29 2477/497/29
f 2536/474/29 2477/497/29 2476/498/29
f 2536/474/29 2476/498/29 2475/499/29
f 2537/500/29 2536/474/29 2475/499/29
f 2537/500/29 2475/499/29 2474/501/29
f 2538/502/29 2537/500/29 2474/501/29
f 2538/502/29 2474/501/29 2473/503/29
f 2539/504/29 2538/502/29 2473/503/29
f 2540/505/29 2539/504/29 2473/503/29
f 2540/505/29 2473/503/29 2472/506/29
f 2541/507/29 2540/505/29 2472/506/29
f 2542/508/29 2541/507/29 2472/506/29
f 2542/508/29 2472/506/29 2549/509/29
f 2549/509/29 2472/506/29 2471/510/29
f 2543/511/29 2542/508/29 2549/509/29
f 2544/512/36 2543/511/36 2549/509/36
f 2545/513/29 2544/512/29 2549/509/29
f 2546/86/29 2545/513/29 2549/509/29
f 2547/514/29 2546/86/29 2549/509/29
f 2548/515/29 2547/514/29 2549/509/29
f 2550/516/29 2549/509/29 2471/510/29
f 2550/516/29 2471/510/29 2470/517/29
f 2551/518/29 2550/516/29 2470/517/29
f 2551/518/29 2470/517/29 2469/519/29
f 2551/518/29 2469/519/29 2468/520/29
f 2552/521/29 2551/518/29 2468/520/29
f 2552/521/29 2468/520/29 2467/522/29
f 2553/523/29 2552/521/29 2467/522/29
f 2553/523/29 2467/522/29 2466/524/29
f 2553/523/29 2466/524/29 2465/76/29
f 2413/525/29 2412/526/29 2411/38/29
f 2554/527/29 2553/523/29 2465/76/29
f 2414/528/29 2413/525/29 2411/38/29
f 2554/527/29 2465/76/29 2464/529/29
f 2415/530/29 2414/528/29 2411/38/29
f 2416/531/29 2415/530/29 2411/38/29
f 2417/532/29 2416/531/29 2411/38/29
f 2418/533/29 2417/532/29 2411/38/29
f 2554/527/29 2464/529/29 2463/534/29
f 2419/535/29 2418/533/29 2411/38/29
f 2420/536/29 2419/535/29 2411/38/29
f 2421/537/29 2420/536/29 2411/38/29
f 2555/538/29 2554/527/29 2463/534/29
f 2422/539/29 2421/537/29 2411/38/29
f 2449/540/29 2448/542/29 2447/541/29
f 2450/543/31 2449/540/31 2447/541/31
f 2450/543/29 2447/541/29 2446/544/29
f 2451/545/29 2450/543/29 2446/544/29
f 2555/538/29 2463/534/29 2462/546/29
f 2452/547/29 2451/545/29 2446/544/29
f 2452/547/29 2446/544/29 2445/548/29
f 2423/549/29 2422/539/29 2411/38/29
f 2453/550/29 2452/547/29 2445/548/29
f 2424/551/29 2423/549/29 2411/38/29
f 2453/550/29 2445/548/29 2444/552/29
f 2454/553/29 2453/550/29 2444/552/29
f 2425/554/29 2424/551/29 2411/38/29
f 2455/555/29 2454/553/29 2444/552/29
f 2455/555/29 2444/552/29 2443/556/29
f 2456/557/29 2455/555/29 2443/556/29
f 2555/538/29 2462/546/29 2461/558/29
f 2426/559/29 2425/554/29 2411/38/29
f 2456/557/29 2443/556/29 2442/560/29
f 2457/561/29 2456/557/29 2442/560/29
f 2427/562/29 2426/559/29 2411/38/29
f 2458/563/29 2457/561/29 2442/560/29
f 2556/564/29 2555/538/29 2461/558/29
f 2458/563/29 2442/560/29 2441/565/29
f 2556/564/29 2461/558/29 2460/566/29
f 2459/567/29 2458/563/29 2441/565/29
f 2428/568/29 2427/562/29 2411/38/29
f 2460/566/29 2459/567/29 2441/565/29
f 2460/566/29 2441/565/29 2440/569/29
f 2429/570/29 2428/568/29 2411/38/29
f 2556/564/29 2460/566/29 2440/569/29
f 2430/571/29 2429/570/29 2411/38/29
f 2556/564/29 2440/569/29 2439/572/29
f 2430/571/29 2411/38/29 2708/37/29
f 2431/573/29 2430/571/29 2708/37/29
f 2431/573/29 2708/37/29 2707/574/29
f 2557/575/29 2556/564/29 2439/572/29
f 2431/573/29 2707/574/29 2706/576/29
f 2431/573/29 2706/576/29 2705/577/29
f 2557/575/29 2439/572/29 2585/578/29
f 2585/578/30 2439/572/30 2586/579/30
f 2586/579/29 2439/572/29 2438/60/29
f 2432/580/29 2431/573/29 2705/577/29
f 2432/580/29 2705/577/29 2704/581/29
f 2432/580/29 2704/581/29 2703/582/29
f 2432/580/29 2703/582/29 2702/583/29
f 2433/584/29 2432/580/29 2702/583/29
f 2433/584/29 2702/583/29 2701/585/29
f 2587/586/31 2586/579/31 2438/60/31
f 2587/586/29 2438/60/29 2437/587/29
f 2588/588/29 2587/586/29 2437/587/29
f 2557/575/29 2585/578/29 2584/589/29
f 2589/590/29 2588/588/29 2437/587/29
f 2433/584/29 2701/585/29 2700/591/29
f 2557/575/29 2584/589/29 2583/592/29
f 2590/593/29 2589/590/29 2437/587/29
f 2434/594/29 2433/584/29 2700/591/29
f 2434/594/29 2700/591/29 2699/595/29
f 2557/575/29 2583/592/29 2582/596/29
f 2591/597/29 2590/593/29 2437/587/29
f 2434/594/29 2699/595/29 2698/598/29
f 2557/575/29 2582/596/29 2581/599/29
f 2592/600/29 2591/597/29 2437/587/29
f 2434/594/29 2698/598/29 2697/601/29
f 2435/602/29 2434/594/29 2697/601/29
f 2558/603/29 2557/575/29 2581/599/29
f 2592/600/29 2437/587/29 2436/604/29
f 2435/602/29 2697/601/29 2696/605/29
f 2558/603/29 2581/599/29 2580/606/29
f 2593/607/29 2592/600/29 2436/604/29
f 2436/604/29 2435/602/29 2696/605/29
f 2436/604/29 2696/605/29 2695/608/29
f 2594/609/29 2593/607/29 2436/604/29
f 2558/603/29 2580/606/29 2579/610/29
f 2436/604/29 2695/608/29 2694/611/29
f 2595/612/29 2594/609/29 2436/604/29
f 2595/612/29 2436/604/29 2694/611/29
f 2558/603/29 2579/610/29 2578/613/29
f 2595/612/29 2694/611/29 2693/614/29
f 2596/615/29 2595/612/29 2693/614/29
f 2558/603/29 2578/613/29 2577/616/29
f 2596/615/29 2693/614/29 2692/617/29
f 2559/618/29 2558/603/29 2577/616/29
f 2597/619/29 2596/615/29 2692/617/29
f 2559/618/29 2577/616/29 2576/620/29
f 2597/619/29 2692/617/29 2691/621/29
f 2597/619/29 2691/621/29 2690/622/29
f 2598/623/29 2597/619/29 2690/622/29
f 2559/618/29 2576/620/29 2575/624/29
f 2598/623/29 2690/622/29 2689/625/29
f 2599/626/29 2598/623/29 2689/625/29
f 2559/618/29 2575/624/29 2574/627/29
f 2599/626/29 2689/625/29 2688/628/29
f 2560/629/29 2559/618/29 2574/627/29
f 2560/629/29 2574/627/29 2573/67/29
f 2599/626/29 2688/628/29 2687/630/29
f 2600/50/29 2599/626/29 2687/630/29
f 2560/629/29 2573/67/29 2572/631/29
f 2600/50/29 2687/630/29 2686/632/29
f 2560/629/29 2572/631/29 2571/633/29
f 2600/50/29 2686/632/29 2685/634/29
f 2601/635/29 2600/50/29 2685/634/29
f 2560/629/29 2571/633/29 2570/636/29
f 2561/637/29 2560/629/29 2570/636/29
f 2601/635/29 2685/634/29 2671/638/29
f 2671/638/29 2685/634/29 2684/639/29
f 2561/637/29 2570/636/29 2569/640/29
f 2602/641/29 2601/635/29 2671/638/29
f 2561/637/29 2569/640/29 2568/642/29
f 2561/637/29 2568/642/29 2567/643/29
f 2562/644/29 2561/637/29 2567/643/29
f 2603/645/29 2602/641/29 2671/638/29
f 2562/644/34 2567/643/34 2566/646/34
f 2603/645/29 2671/638/29 2670/647/29
f 2672/648/29 2671/638/29 2684/639/29
f 2562/644/36 2566/646/36 2565/649/36
f 2604/650/29 2603/645/29 2670/647/29
f 2562/644/29 2565/649/29 2564/651/29
f 2604/650/29 2670/647/29 2669/652/29
f 2673/653/29 2672/648/29 2684/639/29
f 2562/644/29 2564/651/29 2563/654/29
f 2604/650/29 2669/652/29 2668/655/29
f 2674/656/29 2673/653/29 2684/639/29
f 2605/657/29 2604/650/29 2668/655/29
f 2605/657/29 2668/655/29 2667/658/29
f 2675/659/29 2674/656/29 2684/639/29
f 2605/657/29 2667/658/29 2666/660/29
f 2606/661/29 2605/657/29 2666/660/29
f 2676/662/29 2675/659/29 2684/639/29
f 2606/661/29 2666/660/29 2665/663/29
f 2677/664/29 2676/662/29 2684/639/29
f 2607/665/29 2606/661/29 2665/663/29
f 2607/665/29 2665/663/29 2664/666/29
f 2678/667/29 2677/664/29 2684/639/29
f 2607/665/29 2664/666/29 2663/668/29
f 2679/669/29 2678/667/29 2684/639/29
f 2608/670/29 2607/665/29 2663/668/29
f 2608/670/29 2663/668/29 2662/671/29
f 2680/672/29 2679/669/29 2684/639/29
f 2608/670/29 2662/671/29 2661/673/29
f 2681/27/29 2680/672/29 2684/639/29
f 2609/674/29 2608/670/29 2661/673/29
f 2682/675/29 2681/27/29 2684/639/29
f 2609/674/29 2661/673/29 2660/676/29
f 2683/677/29 2682/675/29 2684/639/29
f 2610/678/29 2609/674/29 2660/676/29
f 2610/678/29 2660/676/29 2659/679/29
f 2610/678/29 2659/679/29 2658/680/29
f 2611/681/29 2610/678/29 2658/680/29
f 2611/681/29 2658/680/29 2657/682/29
f 2611/681/29 2657/682/29 2656/683/29
f 2612/684/29 2611/681/29 2656/683/29
f 2612/684/29 2656/683/29 2655/685/29
f 2612/684/29 2655/685/29 2654/17/29
f 2613/686/29 2612/684/29 2654/17/29
f 2636/687/29 2635/689/29 2634/688/29
f 2613/686/29 2654/17/29 2653/690/29
f 2637/691/29 2636/687/29 2634/688/29
f 2638/692/29 2637/691/29 2634/688/29
f 2613/686/29 2653/690/29 2652/693/29
f 2639/694/29 2638/692/29 2634/688/29
f 2640/695/29 2639/694/29 2634/688/29
f 2613/686/29 2652/693/29 2651/696/29
f 2641/697/29 2640/695/29 2634/688/29
f 2642/698/29 2641/697/29 2634/688/29
f 2613/686/29 2651/696/29 2650/699/29
f 2643/700/29 2642/698/29 2634/688/29
f 2614/701/29 2613/686/29 2650/699/29
f 2614/701/29 2650/699/29 2649/702/29
f 2644/703/29 2643/700/29 2634/688/29
f 2645/704/29 2644/703/29 2634/688/29
f 2614/701/29 2649/702/29 2648/705/29
f 2646/706/29 2645/704/29 2634/688/29
f 2614/701/29 2648/705/29 2647/707/29
f 2647/707/29 2646/706/29 2634/688/29
f 2614/701/29 2647/707/29 2634/688/29
f 2615/708/29 2614/701/29 2634/688/29
f 2616/709/29 2615/708/29 2634/688/29
f 2617/710/29 2616/709/29 2634/688/29
f 2618/711/29 2617/710/29 2634/688/29
f 2618/711/29 2634/688/29 2633/712/29
f 2618/711/29 2633/712/29 2632/713/29
f 2618/711/29 2632/713/29 2631/714/29
f 2619/715/29 2618/711/29 2631/714/29
f 2619/715/29 2631/714/29 2630/716/29
f 2619/715/29 2630/716/29 2629/717/29
f 2619/715/29 2629/717/29 2628/718/29
f 2620/719/29 2619/715/29 2628/718/29
f 2620/719/29 2628/718/29 2627/7/29
f 2620/719/29 2627/7/29 2626/720/29
f 2621/721/29 2620/719/29 2626/720/29
f 2621/721/29 2626/720/29 2625/722/29
f 2621/721/29 2625/722/29 2624/723/29
f 2622/724/29 2621/721/29 2624/723/29
f 2622/724/36 2624/723/36 2623/725/36
f 2847/726/29 2846/728/29 2845/727/29
f 2847/726/29 2845/727/29 2844/729/29
f 2848/730/29 2847/726/29 2844/729/29
f 2848/730/29 2844/729/29 2843/731/29
f 2849/732/29 2848/730/29 2843/731/29
f 2849/732/29 2843/731/29 2842/733/29
f 2850/734/29 2849/732/29 2842/733/29
f 2850/734/29 2842/733/29 2841/735/29
f 2851/736/29 2850/734/29 2841/735/29
f 2851/736/29 2841/735/29 2840/737/29
f 2852/738/29 2851/736/29 2840/737/29
f 2852/738/29 2840/737/29 2839/739/29
f 2853/740/29 2852/738/29 2839/739/29
f 2853/740/29 2839/739/29 2838/741/29
f 2854/742/29 2853/740/29 2838/741/29
f 2854/742/29 2838/741/29 2837/743/29
f 2855/744/29 2854/742/29 2837/743/29
f 2855/744/29 2837/743/29 2836/745/29
f 2856/746/29 2855/744/29 2836/745/29
f 2856/746/29 2836/745/29 2835/747/29
f 2857/748/29 2856/746/29 2835/747/29
f 2857/748/29 2835/747/29 2834/749/29
f 2858/750/29 2857/748/29 2834/749/29
f 2858/750/29 2834/749/29 2833/751/29
f 2859/752/29 2858/750/29 2833/751/29
f 2859/752/29 2833/751/29 2832/753/29
f 2859/752/29 2832/753/29 2831/754/29
f 2860/755/29 2859/752/29 2831/754/29
f 2860/755/29 2831/754/29 2830/756/29
f 2861/757/29 2860/755/29 2830/756/29
f 2861/757/29 2830/756/29 2829/758/29
f 2862/759/29 2861/757/29 2829/758/29
f 2862/759/29 2829/758/29 2828/760/29
f 2863/761/29 2862/759/29 2828/760/29
f 2863/761/29 2828/760/29 2827/762/29
f 2864/763/29 2863/761/29 2827/762/29
f 2864/763/29 2827/762/29 2826/764/29
f 2865/765/29 2864/763/29 2826/764/29
f 2810/766/29 2809/768/29 2808/767/29
f 2811/769/29 2810/766/29 2808/767/29
f 2865/765/29 2826/764/29 2825/770/29
f 2866/771/29 2865/765/29 2825/770/29
f 2812/772/29 2811/769/29 2808/767/29
f 2812/772/29 2808/767/29 2807/773/29
f 2813/774/29 2812/772/29 2807/773/29
f 2866/771/29 2825/770/29 2824/775/29
f 2813/774/29 2807/773/29 2806/776/29
f 2814/777/29 2813/774/29 2806/776/29
f 2867/778/29 2866/771/29 2824/775/29
f 2814/777/29 2806/776/29 2805/779/29
f 2815/780/29 2814/777/29 2805/779/29
f 2816/781/29 2815/780/29 2805/779/29
f 2867/778/29 2824/775/29 2823/782/29
f 2816/781/29 2805/779/29 2804/783/29
f 2868/784/29 2867/778/29 2823/782/29
f 2817/785/29 2816/781/29 2804/783/29
f 2817/785/29 2804/783/29 2803/786/29
f 2818/787/29 2817/785/29 2803/786/29
f 2868/784/29 2823/782/29 2822/788/29
f 2818/787/29 2803/786/29 2802/789/29
f 2819/790/29 2818/787/29 2802/789/29
f 2869/791/29 2868/784/29 2822/788/29
f 2820/792/29 2819/790/29 2802/789/29
f 2820/792/29 2802/789/29 2801/793/29
f 2869/791/29 2822/788/29 2821/794/29
f 2821/794/29 2820/792/29 2801/793/29
f 2869/791/29 2821/794/29 2801/793/29
f 2870/795/29 2869/791/29 2801/793/29
f 2870/795/29 2801/793/29 2800/796/29
f 2871/797/29 2870/795/29 2800/796/29
f 2872/798/29 2871/797/29 2800/796/29
f 2872/798/29 2800/796/29 2799/799/29
f 2873/800/29 2872/798/29 2799/799/29
f 2874/801/29 2873/800/29 2799/799/29
f 2875/802/29 2874/801/29 2799/799/29
f 2876/803/29 2875/802/29 2799/799/29
f 2876/803/29 2799/799/29 2798/804/29
f 2877/805/29 2876/803/29 2798/804/29
f 2878/806/29 2877/805/29 2798/804/29
f 2879/807/29 2878/806/29 2798/804/29
f 2880/808/29 2879/807/29 2798/804/29
f 2880/808/29 2798/804/29 2797/809/29
f 2881/37/29 2880/808/29 2797/809/29
f 2783/810/29 2881/37/29 2797/809/29
f 2784/811/29 2783/810/29 2785/812/29
f 2785/812/29 2783/810/29 2786/813/29
f 2786/813/29 2783/810/29 2787/814/29
f 2787/814/29 2783/810/29 2788/815/29
f 2788/815/29 2783/810/29 2789/816/29
f 2789/816/29 2783/810/29 2790/817/29
f 2790/817/29 2783/810/29 2791/818/29
f 2791/818/29 2783/810/29 2792/819/29
f 2792/819/29 2783/810/29 2793/820/29
f 2793/820/29 2783/810/29 2794/821/29
f 2794/821/29 2783/810/29 2795/77/29
f 2795/77/29 2783/810/29 2796/822/29
f 2796/822/29 2783/810/29 2797/809/29
f 2748/823/29 2747/825/29 2746/824/29
f 2748/823/29 2746/824/29 2745/826/29
f 2748/823/29 2745/826/29 2744/827/29
f 2749/828/29 2748/823/29 2744/827/29
f 2749/828/29 2744/827/29 2743/829/29
f 2750/830/29 2749/828/29 2743/829/29
f 2750/830/29 2743/829/29 2742/831/29
f 2751/832/29 2750/830/29 2742/831/29
f 2751/832/29 2742/831/29 2741/833/29
f 2752/834/29 2751/832/29 2741/833/29
f 2752/834/29 2741/833/29 2740/835/29
f 2753/836/29 2752/834/29 2740/835/29
f 2753/836/29 2740/835/29 2739/837/29
f 2754/838/29 2753/836/29 2739/837/29
f 2754/838/29 2739/837/29 2738/839/29
f 2755/840/29 2754/838/29 2738/839/29
f 2755/840/29 2738/839/29 2737/841/29
f 2756/842/29 2755/840/29 2737/841/29
f 2756/842/29 2737/841/29 2736/843/29
f 2757/844/29 2756/842/29 2736/843/29
f 2757/844/29 2736/843/29 2735/845/29
f 2758/846/29 2757/844/29 2735/845/29
f 2758/846/29 2735/845/29 2734/847/29
f 2759/848/29 2758/846/29 2734/847/29
f 2759/848/29 2734/847/29 2733/849/29
f 2760/850/29 2759/848/29 2733/849/29
f 2760/850/29 2733/849/29 2732/851/29
f 2761/852/29 2760/850/29 2732/851/29
f 2762/853/29 2761/852/29 2732/851/29
f 2762/853/29 2732/851/29 2731/854/29
f 2763/855/29 2762/853/29 2731/854/29
f 2763/855/29 2731/854/29 2730/856/29
f 2764/857/29 2763/855/29 2730/856/29
f 2764/857/29 2730/856/29 2729/858/29
f 2765/859/29 2764/857/29 2729/858/29
f 2765/859/29 2729/858/29 2728/860/29
f 2766/861/29 2765/859/29 2728/860/29
f 2766/861/29 2728/860/29 2727/862/29
f 2767/863/29 2766/861/29 2727/862/29
f 2767/863/29 2727/862/29 2726/864/29
f 2768/865/29 2767/863/29 2726/864/29
f 2768/865/29 2726/864/29 2725/866/29
f 2769/867/29 2768/865/29 2725/866/29
f 2769/867/29 2725/866/29 2724/868/29
f 2770/869/29 2769/867/29 2724/868/29
f 2770/869/29 2724/868/29 2723/870/29
f 2771/871/29 2770/869/29 2723/870/29
f 2771/871/29 2723/870/29 2722/872/29
f 2772/873/29 2771/871/29 2722/872/29
f 2772/873/29 2722/872/29 2721/874/29
f 2773/875/29 2772/873/29 2721/874/29
f 2774/876/29 2773/875/29 2721/874/29
f 2774/876/29 2721/874/29 2720/877/29
f 2775/878/29 2774/876/29 2720/877/29
f 2775/878/29 2720/877/29 2719/879/29
f 2776/880/29 2775/878/29 2719/879/29
f 2776/880/29 2719/879/29 2718/881/29
f 2777/882/29 2776/880/29 2718/881/29
f 2777/882/29 2718/881/29 2717/883/29
f 2778/884/29 2777/882/29 2717/883/29
f 2778/884/29 2717/883/29 2716/885/29
f 2779/886/29 2778/884/29 2716/885/29
f 2779/886/29 2716/885/29 2715/887/29
f 2780/888/29 2779/886/29 2715/887/29
f 2781/889/29 2780/888/29 2715/887/29
f 2781/889/29 2715/887/29 2714/890/29
f 2782/891/29 2781/889/29 2714/890/29
f 2782/891/29 2714/890/29 2713/892/29
f 2709/38/29 2782/891/29 2713/892/29
f 2709/38/29 2713/892/29 2712/893/29
f 2710/894/29 2709/38/29 2712/893/29
f 2710/894/29 2712/893/29 2711/895/29
f 2883/896/29 2882/38/29 2955/37/29
f 2921/897/29 2920/899/29 2919/898/29
f 2922/900/29 2921/897/29 2919/898/29
f 2883/896/29 2955/37/29 2954/901/29
f 2923/902/29 2922/900/29 2919/898/29
f 2883/896/29 2954/901/29 2953/903/29
f 2924/904/29 2923/902/29 2919/898/29
f 2883/896/29 2953/903/29 2952/905/29
f 2925/906/29 2924/904/29 2919/898/29
f 2883/896/29 2952/905/29 2951/907/29
f 2926/908/29 2925/906/29 2919/898/29
f 2883/896/29 2951/907/29 2950/909/29
f 2927/910/29 2926/908/29 2919/898/29
f 2883/896/29 2950/909/29 2949/911/29
f 2928/912/29 2927/910/29 2919/898/29
f 2883/896/29 2949/911/29 2948/913/29
f 2929/914/29 2928/912/29 2919/898/29
f 2883/896/29 2948/913/29 2947/915/29
f 2930/916/29 2929/914/29 2919/898/29
f 2883/896/29 2947/915/29 2946/917/29
f 2931/918/29 2930/916/29 2919/898/29
f 2883/896/29 2946/917/29 2945/919/29
f 2932/920/29 2931/918/29 2919/898/29
f 2883/896/29 2945/919/29 2944/921/29
f 2883/896/29 2944/921/29 2943/922/29
f 2883/896/29 2943/922/29 2942/923/29
f 2883/896/29 2942/923/29 2941/924/29
f 2883/896/29 2941/924/29 2940/925/29
f 2883/896/29 2940/925/29 2939/926/29
f 2883/896/29 2939/926/29 2938/927/29
f 2883/896/29 2938/927/29 2937/928/29
f 2883/896/29 2937/928/29 2936/929/29
f 2883/896/29 2936/929/29 2935/930/29
f 2883/896/29 2935/930/29 2934/931/29
f 2883/896/29 2934/931/29 2933/932/29
f 2883/896/29 2933/932/29 2932/920/29
f 2883/896/29 2932/920/29 2884/933/29
f 2884/933/29 2932/920/29 2885/934/29
f 2885/934/30 2932/920/30 2886/935/30
f 2886/935/29 2932/920/29 2887/936/29
f 2887/936/29 2932/920/29 2888/937/29
f 2888/937/29 2932/920/29 2889/938/29
f 2889/938/29 2932/920/29 2890/939/29
f 2890/939/29 2932/920/29 2891/940/29
f 2891/940/29 2932/920/29 2892/941/29
f 2892/941/29 2932/920/29 2893/942/29
f 2893/942/29 2932/920/29 2894/943/29
f 2894/943/29 2932/920/29 2895/944/29
f 2895/944/29 2932/920/29 2896/945/29
f 2896/945/29 2932/920/29 2897/946/29
f 2897/946/29 2932/920/29 2898/947/29
f 2898/947/29 2932/920/29 2900/948/29
f 2900/948/29 2932/920/29 2903/949/29
f 2903/949/29 2932/920/29 2906/950/29
f 2906/950/29 2932/920/29 2907/951/29
f 2907/951/29 2932/920/29 2908/952/29
f 2908/952/29 2932/920/29 2909/953/29
f 2909/953/29 2932/920/29 2910/954/29
f 2910/954/29 2932/920/29 2911/955/29
f 2911/955/29 2932/920/29 2912/956/29
f 2912/956/29 2932/920/29 2913/957/29
f 2913/957/29 2932/920/29 2914/958/29
f 2914/958/29 2932/920/29 2919/898/29
f 2899/959/9 2898/947/9 2900/948/9
f 2901/960/9 2900/948/9 2903/949/9
f 2902/961/9 2901/960/9 2903/949/9
f 2904/962/9 2903/949/9 2906/950/9
f 2905/963/9 2904/962/9 2906/950/9
f 2915/964/37 2914/958/37 2919/898/37
f 2916/965/29 2915/964/29 2919/898/29
f 2917/966/29 2916/965/29 2919/898/29
f 2918/967/38 2917/966/38 2919/898/38
f 3077/968/29 3076/969/29 3101/37/29
f 3077/968/29 3101/37/29 3100/970/29
f 3077/968/29 3100/970/29 3099/971/29
f 3078/972/29 3077/968/29 3099/971/29
f 3051/973/29 3050/975/29 3075/974/29
f 3078/972/29 3099/971/29 3098/976/29
f 3079/977/29 3078/972/29 3098/976/29
f 3051/973/29 3075/974/29 3074/978/29
f 3079/977/29 3098/976/29 3097/979/29
f 3080/980/29 3079/977/29 3097/979/29
f 3051/973/29 3074/978/29 3073/981/29
f 3052/982/29 3051/973/29 3073/981/29
f 3080/980/29 3097/979/29 3096/983/29
f 3081/984/29 3080/980/29 3096/983/29
f 3052/982/29 3073/981/29 3072/15/29
f 3053/985/29 3052/982/29 3072/15/29
f 3082/986/29 3081/984/29 3096/983/29
f 3082/986/29 3096/983/29 3095/987/29
f 3053/985/29 3072/15/29 3071/988/29
f 3054/989/29 3053/985/29 3071/988/29
f 3083/990/29 3082/986/29 3095/987/29
f 3083/990/29 3095/987/29 3094/991/29
f 3054/989/29 3071/988/29 3070/992/29
f 3055/993/29 3054/989/29 3070/992/29
f 3084/994/29 3083/990/29 3094/991/29
f 3084/994/29 3094/991/29 3093/995/29
f 3056/996/29 3055/993/29 3070/992/29
f 3056/996/29 3070/992/29 3069/997/29
f 3085/998/29 3084/994/29 3093/995/29
f 3085/998/29 3093/995/29 3092/999/29
f 3057/1000/29 3056/996/29 3069/997/29
f 3057/1000/29 3069/997/29 3068/1001/29
f 3086/1002/29 3085/998/29 3092/999/29
f 3086/1002/29 3092/999/29 3091/1003/29
f 3058/1004/29 3057/1000/29 3068/1001/29
f 3058/1004/29 3068/1001/29 3067/1005/29
f 3086/1002/29 3091/1003/29 3090/1006/29
f 3087/1007/29 3086/1002/29 3090/1006/29
f 3059/1008/29 3058/1004/29 3067/1005/29
f 3059/1008/29 3067/1005/29 3066/1009/29
f 3087/1007/29 3090/1006/29 3088/1010/29
f 3088/1010/29 3090/1006/29 3089/1011/29
f 3060/1012/29 3059/1008/29 3066/1009/29
f 3060/1012/29 3066/1009/29 3065/1013/29
f 3060/1012/29 3065/1013/29 3064/1014/29
f 3061/1015/29 3060/1012/29 3064/1014/29
f 3061/1015/29 3064/1014/29 3062/1016/29
f 3062/1016/29 3064/1014/29 3063/1017/29
f 3023/1018/29 3022/1020/29 3021/1019/29
f 3023/1018/29 3021/1019/29 3020/1021/29
f 3023/1018/29 3020/1021/29 3019/1022/29
f 3023/1018/29 3019/1022/29 3018/1023/29
f 3023/1018/29 3018/1023/29 3017/1024/29
f 3023/1018/29 3017/1024/29 3016/1025/29
f 2998/1026/29 2997/1028/29 2996/1027/29
f 2999/1029/29 2998/1026/29 2996/1027/29
f 3000/1030/29 2999/1029/29 2996/1027/29
f 3023/1018/29 3016/1025/29 3015/1031/29
f 3001/1032/29 3000/1030/29 2996/1027/29
f 3023/1018/29 3015/1031/29 3014/97/29
f 3002/1033/29 3001/1032/29 2996/1027/29
f 3003/1034/29 3002/1033/29 2996/1027/29
f 3023/1018/29 3014/97/29 3013/1035/29
f 3004/1036/29 3003/1034/29 2996/1027/29
f 3005/1037/29 3004/1036/29 2996/1027/29
f 3023/1018/29 3013/1035/29 3012/1038/29
f 3006/1039/29 3005/1037/29 2996/1027/29
f 3007/1040/29 3006/1039/29 2996/1027/29
f 3023/1018/29 3012/1038/29 3011/1041/29
f 3008/1042/29 3007/1040/29 2996/1027/29
f 3023/1018/29 3011/1041/29 3010/1043/29
f 3009/1044/29 3008/1042/29 2996/1027/29
f 3023/1018/29 3010/1043/29 3009/1044/29
f 3023/1018/29 3009/1044/29 2996/1027/29
f 3023/1018/29 2996/1027/29 2995/1045/29
f 3023/1018/29 2995/1045/29 2994/1046/29
f 3023/1018/29 2994/1046/29 2993/1047/29
f 3023/1018/29 2993/1047/29 2992/1048/29
f 3023/1018/29 2992/1048/29 2991/1049/29
f 3023/1018/29 2991/1049/29 2990/1050/29
f 3023/1018/29 2990/1050/29 2989/1051/29
f 3023/1018/29 2989/1051/29 3024/1052/29
f 3024/1052/39 2989/1051/39 3025/1053/39
f 3025/1053/29 2989/1051/29 3026/1054/29
f 3026/1054/29 2989/1051/29 2988/1055/29
f 3026/1054/40 2988/1055/40 3027/1056/40
f 3027/1056/41 2988/1055/41 3028/1057/41
f 3028/1057/42 2988/1055/42 3029/1058/42
f 3029/1058/43 2988/1055/43 3030/1059/43
f 3030/1059/29 2988/1055/29 2987/1060/29
f 3030/1059/29 2987/1060/29 3031/1061/29
f 3031/1061/44 2987/1060/44 3032/1062/44
f 3032/1062/29 2987/1060/29 2986/1063/29
f 3032/1062/29 2986/1063/29 3033/1064/29
f 3033/1064/42 2986/1063/42 3034/1065/42
f 3034/1065/29 2986/1063/29 2985/80/29
f 3034/1065/29 2985/80/29 3035/1066/29
f 3035/1066/29 2985/80/29 3036/1067/29
f 3036/1067/29 2985/80/29 2984/1068/29
f 3037/1069/29 3036/1067/29 2984/1068/29
f 2957/1070/29 2956/38/29 3049/1071/29
f 2957/1070/29 3049/1071/29 3048/1072/29
f 2957/1070/29 3048/1072/29 3047/1073/29
f 2957/1070/29 3047/1073/29 3046/1074/29
f 2957/1070/29 3046/1074/29 3045/1075/29
f 2957/1070/29 3045/1075/29 3044/1076/29
f 2957/1070/29 3044/1076/29 3043/56/29
f 2957/1070/29 3043/56/29 3042/1077/29
f 2957/1070/29 3042/1077/29 3041/1078/29
f 2957/1070/29 3041/1078/29 3040/1079/29
f 2957/1070/29 3040/1079/29 3039/1080/29
f 2957/1070/29 3039/1080/29 3038/1081/29
f 2957/1070/29 3038/1081/29 3037/1069/29
f 2957/1070/29 3037/1069/29 2958/1082/29
f 2958/1082/29 3037/1069/29 2984/1068/29
f 2958/1082/45 2984/1068/45 2959/1083/45
f 2959/1083/29 2984/1068/29 2960/1084/29
f 2960/1084/29 2984/1068/29 2983/1085/29
f 2960/1084/29 2983/1085/29 2961/1086/29
f 2961/1086/29 2983/1085/29 2962/1087/29
f 2962/1087/29 2983/1085/29 2963/1088/29
f 2963/1088/29 2983/1085/29 2982/1089/29
f 2963/1088/29 2982/1089/29 2964/1090/29
f 2964/1090/35 2982/1089/35 2965/1091/35
f 2965/1091/29 2982/1089/29 2966/1092/29
f 2966/1092/29 2982/1089/29 2981/1093/29
f 2966/1092/29 2981/1093/29 2967/1094/29
f 2967/1094/29 2981/1093/29 2968/1095/29
f 2968/1095/29 2981/1093/29 2980/1096/29
f 2968/1095/46 2980/1096/46 2969/1097/46
f 2969/1097/29 2980/1096/29 2970/1098/29
f 2970/1098/29 2980/1096/29 2979/1099/29
f 2971/1100/29 2970/1098/29 2979/1099/29
f 2971/1100/29 2979/1099/29 2978/1101/29
f 2971/1100/29 2978/1101/29 2977/1102/29
f 2971/1100/29 2977/1102/29 2976/1103/29
f 2971/1100/29 2976/1103/29 2975/1104/29
f 2971/1100/29 2975/1104/29 2974/1105/29
f 2971/1100/29 2974/1105/29 2973/1106/29
f 2971/1100/29 2973/1106/29 2972/1107/29
f 3130/1108/29 3129/1110/29 3128/1109/29
f 3130/1108/29 3128/1109/29 3225/37/29
f 3131/1111/29 3130/1108/29 3225/37/29
f 3131/1111/29 3225/37/29 3224/1112/29
f 3132/1113/29 3131/1111/29 3224/1112/29
f 3132/1113/29 3224/1112/29 3223/1114/29
f 3133/1115/29 3132/1113/29 3223/1114/29
f 3133/1115/29 3223/1114/29 3222/1116/29
f 3134/1117/29 3133/1115/29 3222/1116/29
f 3134/1117/29 3222/1116/29 3221/1118/29
f 3135/1119/29 3134/1117/29 3221/1118/29
f 3135/1119/29 3221/1118/29 3220/1120/29
f 3136/1121/29 3135/1119/29 3220/1120/29
f 3136/1121/29 3220/1120/29 3219/1122/29
f 3137/1123/29 3136/1121/29 3219/1122/29
f 3137/1123/29 3219/1122/29 3218/1124/29
f 3138/1125/29 3137/1123/29 3218/1124/29
f 3138/1125/29 3218/1124/29 3217/1126/29
f 3139/1127/29 3138/1125/29 3217/1126/29
f 3140/1128/29 3139/1127/29 3217/1126/29
f 3140/1128/29 3217/1126/29 3216/1129/29
f 3141/1130/29 3140/1128/29 3216/1129/29
f 3141/1130/29 3216/1129/29 3215/1131/29
f 3142/1132/29 3141/1130/29 3215/1131/29
f 3142/1132/29 3215/1131/29 3214/1133/29
f 3142/1132/29 3214/1133/29 3213/1134/29
f 3143/442/29 3142/1132/29 3213/1134/29
f 3143/442/29 3213/1134/29 3212/1135/29
f 3144/1136/29 3143/442/29 3212/1135/29
f 3144/1136/29 3212/1135/29 3211/1137/29
f 3145/1138/29 3144/1136/29 3211/1137/29
f 3145/1138/29 3211/1137/29 3210/1139/29
f 3146/1140/29 3145/1138/29 3210/1139/29
f 3146/1140/29 3210/1139/29 3209/1141/29
f 3147/1142/29 3146/1140/29 3209/1141/29
f 3147/1142/29 3209/1141/29 3208/1143/29
f 3147/1142/29 3208/1143/29 3207/1144/29
f 3148/1145/29 3147/1142/29 3207/1144/29
f 3148/1145/29 3207/1144/29 3206/1146/29
f 3149/1147/29 3148/1145/29 3206/1146/29
f 3149/1147/29 3206/1146/29 3205/1148/29
f 3150/1149/29 3149/1147/29 3205/1148/29
f 3150/1149/29 3205/1148/29 3204/1150/29
f 3151/1151/29 3150/1149/29 3204/1150/29
f 3151/1151/29 3204/1150/29 3203/1152/29
f 3152/1153/29 3151/1151/29 3203/1152/29
f 3152/1153/29 3203/1152/29 3202/1154/29
f 3153/1155/29 3152/1153/29 3202/1154/29
f 3153/1155/29 3202/1154/29 3201/1156/29
f 3154/1157/29 3153/1155/29 3201/1156/29
f 3154/1157/29 3201/1156/29 3200/1158/29
f 3179/1159/29 3178/1161/29 3177/1160/29
f 3154/1157/29 3200/1158/29 3199/1162/29
f 3155/1163/29 3154/1157/29 3199/1162/29
f 3180/1164/29 3179/1159/29 3177/1160/29
f 3155/1163/29 3199/1162/29 3198/1165/29
f 3181/1166/29 3180/1164/29 3177/1160/29
f 3156/1167/29 3155/1163/29 3198/1165/29
f 3181/1166/29 3177/1160/29 3176/1168/29
f 3156/1167/29 3198/1165/29 3197/1169/29
f 3182/1170/29 3181/1166/29 3176/1168/29
f 3183/1171/29 3182/1170/29 3176/1168/29
f 3156/1167/29 3197/1169/29 3196/1172/29
f 3157/1173/29 3156/1167/29 3196/1172/29
f 3183/1171/29 3176/1168/29 3175/1174/29
f 3184/674/29 3183/1171/29 3175/1174/29
f 3157/1173/29 3196/1172/29 3195/1175/29
f 3185/1176/29 3184/674/29 3175/1174/29
f 3185/1176/29 3175/1174/29 3174/1177/29
f 3157/1173/29 3195/1175/29 3194/1178/29
f 3158/1179/29 3157/1173/29 3194/1178/29
f 3186/1180/29 3185/1176/29 3174/1177/29
f 3158/1179/29 3194/1178/29 3193/1181/29
f 3187/1182/29 3186/1180/29 3174/1177/29
f 3187/1182/29 3174/1177/29 3173/1183/29
f 3158/1179/29 3193/1181/29 3192/1184/29
f 3188/1185/29 3187/1182/29 3173/1183/29
f 3159/1186/29 3158/1179/29 3192/1184/29
f 3159/1186/29 3192/1184/29 3191/1187/29
f 3189/1188/29 3188/1185/29 3173/1183/29
f 3159/1186/29 3191/1187/29 3190/1189/29
f 3190/1189/29 3189/1188/29 3173/1183/29
f 3159/1186/29 3190/1189/29 3173/1183/29
f 3159/1186/29 3173/1183/29 3172/1190/29
f 3160/1191/29 3159/1186/29 3172/1190/29
f 3160/1191/29 3172/1190/29 3171/1192/29
f 3161/1193/29 3160/1191/29 3171/1192/29
f 3161/1193/29 3171/1192/29 3170/1194/29
f 3161/1193/29 3170/1194/29 3169/1195/29
f 3162/1196/29 3161/1193/29 3169/1195/29
f 3162/1196/29 3169/1195/29 3168/1197/29
f 3163/1198/29 3162/1196/29 3168/1197/29
f 3163/1198/29 3168/1197/29 3167/1199/29
f 3164/1200/29 3163/1198/29 3167/1199/29
f 3164/1200/29 3167/1199/29 3166/1201/29
f 3165/1202/29 3164/1200/29 3166/1201/29
f 3103/1203/29 3102/38/29 3127/1204/29
f 3104/1205/29 3103/1203/29 3127/1204/29
f 3104/1205/29 3127/1204/29 3126/1206/29
f 3105/1207/29 3104/1205/29 3126/1206/29
f 3105/1207/29 3126/1206/29 3125/1208/29
f 3106/1209/29 3105/1207/29 3125/1208/29
f 3106/1209/29 3125/1208/29 3124/1210/29
f 3107/1211/29 3106/1209/29 3124/1210/29
f 3107/1211/29 3124/1210/29 3123/1212/29
f 3108/1213/29 3107/1211/29 3123/1212/29
f 3108/1213/29 3123/1212/29 3122/1214/29
f 3109/1215/29 3108/1213/29 3122/1214/29
f 3109/1215/29 3122/1214/29 3121/1216/29
f 3110/1217/29 3109/1215/29 3121/1216/29
f 3110/1217/29 3121/1216/29 3120/1218/29
f 3111/1219/29 3110/1217/29 3120/1218/29
f 3111/1219/29 3120/1218/29 3119/1220/29
f 3112/1221/29 3111/1219/29 3119/1220/29
f 3112/1221/29 3119/1220/29 3118/1222/29
f 3113/1223/29 3112/1221/29 3118/1222/29
f 3113/1223/29 3118/1222/29 3117/1224/29
f 3114/1225/29 3113/1223/29 3117/1224/29
f 3114/1225/29 3117/1224/29 3116/1226/29
f 3115/1227/29 3114/1225/29 3116/1226/29
f 3403/1228/29 3402/1230/29 3401/1229/29
f 3403/1228/29 3401/1229/29 3524/37/29
f 3404/1231/29 3403/1228/29 3524/37/29
f 3404/1231/29 3524/37/29 3523/1232/29
f 3405/1233/29 3404/1231/29 3523/1232/29
f 3405/1233/29 3523/1232/29 3522/1234/29
f 3405/1233/29 3522/1234/29 3521/1235/29
f 3406/1236/29 3405/1233/29 3521/1235/29
f 3406/1236/29 3521/1235/29 3520/1237/29
f 3407/1238/29 3406/1236/29 3520/1237/29
f 3407/1238/29 3520/1237/29 3519/1239/29
f 3408/1240/29 3407/1238/29 3519/1239/29
f 3408/1240/29 3519/1239/29 3518/1241/29
f 3409/1242/29 3408/1240/29 3518/1241/29
f 3409/1242/29 3518/1241/29 3517/1243/29
f 3410/1244/29 3409/1242/29 3517/1243/29
f 3410/1244/29 3517/1243/29 3516/1245/29
f 3411/1246/29 3410/1244/29 3516/1245/29
f 3411/1246/29 3516/1245/29 3515/1247/29
f 3502/1248/29 3501/1250/29 3500/1249/29
f 3412/1251/29 3411/1246/29 3515/1247/29
f 3503/1252/29 3502/1248/29 3500/1249/29
f 3412/1251/29 3515/1247/29 3514/1253/29
f 3504/1254/29 3503/1252/29 3500/1249/29
f 3505/1255/29 3504/1254/29 3500/1249/29
f 3506/1256/29 3505/1255/29 3500/1249/29
f 3413/1257/29 3412/1251/29 3514/1253/29
f 3507/1258/29 3506/1256/29 3500/1249/29
f 3240/1259/29 3239/1261/29 3238/1260/29
f 3508/1262/29 3507/1258/29 3500/1249/29
f 3413/1257/29 3514/1253/29 3513/1263/29
f 3509/1264/29 3508/1262/29 3500/1249/29
f 3510/1265/29 3509/1264/29 3500/1249/29
f 3240/1259/29 3238/1260/29 3237/1266/29
f 3511/1267/29 3510/1265/29 3500/1249/29
f 3512/1268/29 3511/1267/29 3500/1249/29
f 3414/1269/29 3413/1257/29 3513/1263/29
f 3513/1263/29 3512/1268/29 3500/1249/29
f 3414/1269/29 3513/1263/29 3500/1249/29
f 3240/1259/29 3237/1266/29 3236/1270/29
f 3439/1271/29 3438/1273/29 3437/1272/29
f 3439/1271/29 3437/1272/29 3436/1274/29
f 3415/1275/29 3414/1269/29 3500/1249/29
f 3439/1271/29 3436/1274/29 3435/1276/29
f 3416/1277/29 3415/1275/29 3500/1249/29
f 3439/1271/29 3435/1276/29 3434/1278/29
f 3240/1259/29 3236/1270/29 3235/1279/29
f 3417/1280/29 3416/1277/29 3500/1249/29
f 3439/1271/29 3434/1278/29 3433/1281/29
f 3418/1282/29 3417/1280/29 3500/1249/29
f 3419/1283/29 3418/1282/29 3500/1249/29
f 3439/1271/29 3433/1281/29 3432/1284/29
f 3420/1285/29 3419/1283/29 3500/1249/29
f 3439/1271/29 3432/1284/29 3431/1286/29
f 3421/1287/29 3420/1285/29 3500/1249/29
f 3439/1271/29 3431/1286/29 3430/1288/29
f 3422/1289/29 3421/1287/29 3500/1249/29
f 3439/1271/29 3430/1288/29 3429/1290/29
f 3423/1291/29 3422/1289/29 3500/1249/29
f 3439/1271/29 3429/1290/29 3428/1292/29
f 3424/1293/31 3423/1291/31 3500/1249/31
f 3439/1271/29 3428/1292/29 3427/1294/29
f 3425/1295/29 3424/1293/29 3500/1249/29
f 3439/1271/29 3427/1294/29 3426/1296/29
f 3426/1296/29 3425/1295/29 3500/1249/29
f 3439/1271/29 3426/1296/29 3500/1249/29
f 3240/1259/29 3235/1279/29 3234/1297/29
f 3240/1259/29 3234/1297/29 3233/1298/29
f 3439/1271/29 3500/1249/29 3499/1299/29
f 3439/1271/29 3499/1299/29 3498/1300/29
f 3241/1301/29 3240/1259/29 3233/1298/29
f 3439/1271/29 3498/1300/29 3497/1302/29
f 3241/1301/29 3233/1298/29 3232/1303/29
f 3439/1271/29 3497/1302/29 3496/1304/29
f 3242/1305/29 3241/1301/29 3232/1303/29
f 3439/1271/29 3496/1304/29 3495/1306/29
f 3439/1271/29 3495/1306/29 3494/1307/29
f 3439/1271/29 3494/1307/29 3493/1308/29
f 3242/1305/29 3232/1303/29 3231/1309/29
f 3243/1310/29 3242/1305/29 3231/1309/29
f 3439/1271/29 3493/1308/29 3492/1311/29
f 3439/1271/29 3492/1311/29 3491/1312/29
f 3439/1271/29 3491/1312/29 3490/1313/29
f 3439/1271/29 3490/1313/29 3489/1314/29
f 3244/1315/29 3243/1310/29 3231/1309/29
f 3244/1315/29 3231/1309/29 3230/1316/29
f 3439/1271/29 3489/1314/29 3488/1317/29
f 3439/1271/29 3488/1317/29 3463/1318/29
f 3463/1318/29 3488/1317/29 3487/1319/29
f 3245/1320/29 3244/1315/29 3230/1316/29
f 3440/1321/29 3439/1271/29 3463/1318/29
f 3440/1321/30 3463/1318/30 3462/1322/30
f 3464/1323/29 3463/1318/29 3487/1319/29
f 3441/1324/29 3440/1321/29 3462/1322/29
f 3441/1324/29 3462/1322/29 3461/1325/29
f 3245/1320/29 3230/1316/29 3229/1326/29
f 3442/1327/32 3441/1324/32 3461/1325/32
f 3442/1327/29 3461/1325/29 3460/1328/29
f 3443/1329/29 3442/1327/29 3460/1328/29
f 3443/1329/30 3460/1328/30 3459/1330/30
f 3444/1331/31 3443/1329/31 3459/1330/31
f 3444/1331/30 3459/1330/30 3458/1332/30
f 3445/1333/36 3444/1331/36 3458/1332/36
f 3445/1333/32 3458/1332/32 3457/1334/32
f 3446/1335/29 3445/1333/29 3457/1334/29
f 3446/1335/36 3457/1334/36 3456/1336/36
f 3447/1337/43 3446/1335/43 3456/1336/43
f 3447/1337/29 3456/1336/29 3455/1338/29
f 3448/1339/47 3447/1337/47 3455/1338/47
f 3448/1339/30 3455/1338/30 3454/1340/30
f 3449/1341/48 3448/1339/48 3454/1340/48
f 3449/1341/35 3454/1340/35 3453/1342/35
f 3450/1343/29 3449/1341/29 3453/1342/29
f 3450/1343/49 3453/1342/49 3452/1344/49
f 3451/1345/29 3450/1343/29 3452/1344/29
f 3246/1346/29 3245/1320/29 3229/1326/29
f 3246/1346/29 3229/1326/29 3228/1347/29
f 3246/1346/29 3228/1347/29 3227/1348/29
f 3247/1349/29 3246/1346/29 3227/1348/29
f 3464/1323/29 3487/1319/29 3486/1350/29
f 3465/1351/29 3464/1323/29 3486/1350/29
f 3247/1349/29 3227/1348/29 3248/1352/29
f 3248/1352/29 3227/1348/29 3249/1353/29
f 3249/1353/29 3227/1348/29 3250/1354/29
f 3250/1354/29 3227/1348/29 3251/1355/29
f 3251/1355/29 3227/1348/29 3226/38/29
f 3466/1356/29 3465/1351/29 3486/1350/29
f 3466/1356/29 3486/1350/29 3485/1357/29
f 3303/1358/29 3302/1360/29 3301/1359/29
f 3303/1358/29 3301/1359/29 3400/1361/29
f 3303/1358/29 3400/1361/29 3399/1362/29
f 3304/1363/29 3303/1358/29 3399/1362/29
f 3304/1363/29 3399/1362/29 3398/1364/29
f 3467/1365/29 3466/1356/29 3485/1357/29
f 3304/1363/29 3398/1364/29 3397/1366/29
f 3467/1365/29 3485/1357/29 3484/1367/29
f 3305/1368/29 3304/1363/29 3397/1366/29
f 3305/1368/29 3397/1366/29 3396/1369/29
f 3305/1368/29 3396/1369/29 3395/1370/29
f 3305/1368/29 3395/1370/29 3394/1371/29
f 3468/1372/29 3467/1365/29 3484/1367/29
f 3306/1373/29 3305/1368/29 3394/1371/29
f 3306/1373/29 3394/1371/29 3393/1374/29
f 3468/1372/29 3484/1367/29 3483/1375/29
f 3306/1373/29 3393/1374/29 3392/1376/29
f 3307/1377/29 3306/1373/29 3392/1376/29
f 3307/1377/29 3392/1376/29 3391/1378/29
f 3469/1379/29 3468/1372/29 3483/1375/29
f 3307/1377/29 3391/1378/29 3390/1380/29
f 3307/1377/29 3390/1380/29 3389/1381/29
f 3308/1382/29 3307/1377/29 3389/1381/29
f 3469/1379/29 3483/1375/29 3482/1383/29
f 3308/1382/29 3389/1381/29 3388/1384/29
f 3309/1385/29 3308/1382/29 3388/1384/29
f 3470/1386/29 3469/1379/29 3482/1383/29
f 3310/1387/29 3309/1385/29 3388/1384/29
f 3470/1386/29 3482/1383/29 3481/1388/29
f 3471/1389/29 3470/1386/29 3481/1388/29
f 3311/1390/29 3310/1387/29 3388/1384/29
f 3471/1389/29 3481/1388/29 3480/1391/29
f 3312/1392/29 3311/1390/29 3388/1384/29
f 3472/1393/29 3471/1389/29 3480/1391/29
f 3313/1394/29 3312/1392/29 3388/1384/29
f 3472/1393/29 3480/1391/29 3479/1395/29
f 3473/1396/29 3472/1393/29 3479/1395/29
f 3314/1397/29 3313/1394/29 3388/1384/29
f 3327/1398/31 3326/1400/31 3325/1399/31
f 3327/1398/29 3325/1399/29 3324/1401/29
f 3327/1398/29 3324/1401/29 3323/1402/29
f 3327/1398/30 3323/1402/30 3322/1403/30
f 3327/1398/31 3322/1403/31 3321/1404/31
f 3328/1405/29 3327/1398/29 3321/1404/29
f 3328/1405/29 3321/1404/29 3320/1406/29
f 3328/1405/29 3320/1406/29 3319/1407/29
f 3328/1405/29 3319/1407/29 3318/1408/29
f 3328/1405/29 3318/1408/29 3317/1409/29
f 3329/1410/29 3328/1405/29 3317/1409/29
f 3329/1410/29 3317/1409/29 3316/1411/29
f 3329/1410/29 3316/1411/29 3315/1412/29
f 3474/1413/29 3473/1396/29 3479/1395/29
f 3329/1410/29 3315/1412/29 3314/1397/29
f 3474/1413/29 3479/1395/29 3478/1414/29
f 3329/1410/29 3314/1397/29 3388/1384/29
f 3330/1415/29 3329/1410/29 3388/1384/29
f 3331/1416/29 3330/1415/29 3388/1384/29
f 3332/1417/29 3331/1416/29 3388/1384/29
f 3332/1417/29 3388/1384/29 3387/1418/29
f 3475/1419/29 3474/1413/29 3478/1414/29
f 3332/1417/29 3387/1418/29 3386/1420/29
f 3333/1421/29 3332/1417/29 3386/1420/29
f 3475/1419/29 3478/1414/29 3477/1422/29
f 3333/1421/29 3386/1420/29 3385/1423/29
f 3334/1424/29 3333/1421/29 3288/1425/29
f 3288/1425/29 3333/1421/29 3289/1426/29
f 3289/1426/29 3333/1421/29 3385/1423/29
f 3289/1426/29 3385/1423/29 3290/1427/29
f 3290/1427/29 3385/1423/29 3384/1428/29
f 3476/1429/29 3475/1419/29 3477/1422/29
f 3291/1430/29 3290/1427/29 3384/1428/29
f 3292/1431/29 3291/1430/29 3384/1428/29
f 3334/1424/29 3288/1425/29 3287/1432/29
f 3293/1433/30 3292/1431/30 3384/1428/30
f 3294/1434/31 3293/1433/31 3384/1428/31
f 3295/1435/29 3294/1434/29 3384/1428/29
f 3334/1424/29 3287/1432/29 3286/1436/29
f 3295/1435/29 3384/1428/29 3383/1437/29
f 3296/1438/29 3295/1435/29 3383/1437/29
f 3297/1439/29 3296/1438/29 3383/1437/29
f 3334/1424/29 3286/1436/29 3285/1440/29
f 3298/1441/29 3297/1439/29 3383/1437/29
f 3335/1442/29 3334/1424/29 3285/1440/29
f 3299/1443/29 3298/1441/29 3383/1437/29
f 3300/1444/29 3299/1443/29 3383/1437/29
f 3335/1442/29 3285/1440/29 3284/1445/29
f 3252/1446/29 3300/1444/29 3383/1437/29
f 3252/1446/29 3383/1437/29 3382/1447/29
f 3253/1448/29 3252/1446/29 3363/1449/29
f 3363/1449/29 3252/1446/29 3382/1447/29
f 3335/1442/29 3284/1445/29 3283/1450/29
f 3335/1442/29 3283/1450/29 3282/1451/29
f 3363/1449/29 3382/1447/29 3381/1452/29
f 3336/1453/29 3335/1442/29 3282/1451/29
f 3336/1453/29 3282/1451/29 3281/1454/29
f 3363/1449/29 3381/1452/29 3380/1455/29
f 3336/1453/29 3281/1454/29 3280/1456/29
f 3337/1457/29 3336/1453/29 3280/1456/29
f 3253/1448/29 3363/1449/29 3362/1458/29
f 3364/1459/29 3363/1449/29 3380/1455/29
f 3364/1459/29 3380/1455/29 3379/1460/29
f 3337/1457/29 3280/1456/29 3279/1461/29
f 3365/1462/29 3364/1459/29 3379/1460/29
f 3365/1462/29 3379/1460/29 3378/1463/29
f 3337/1457/29 3279/1461/29 3278/1464/29
f 3254/1465/29 3253/1448/29 3362/1458/29
f 3366/1466/29 3365/1462/29 3378/1463/29
f 3338/1467/29 3337/1457/29 3278/1464/29
f 3366/1466/29 3378/1463/29 3377/1468/29
f 3338/1467/29 3278/1464/29 3277/1469/29
f 3367/1470/29 3366/1466/29 3377/1468/29
f 3255/1471/29 3254/1465/29 3362/1458/29
f 3368/1472/29 3367/1470/29 3377/1468/29
f 3368/1472/29 3377/1468/29 3376/1473/29
f 3338/1467/29 3277/1469/29 3276/1474/29
f 3255/1471/29 3362/1458/29 3361/1475/29
f 3256/1476/29 3255/1471/29 3361/1475/29
f 3339/1477/29 3338/1467/29 3276/1474/29
f 3369/1478/29 3368/1472/29 3376/1473/29
f 3369/1478/29 3376/1473/29 3370/1479/29
f 3370/1479/29 3376/1473/29 3371/1480/29
f 3371/1480/29 3376/1473/29 3372/1481/29
f 3372/1481/29 3376/1473/29 3373/1482/29
f 3373/1482/29 3376/1473/29 3374/1483/29
f 3374/1483/29 3376/1473/29 3375/77/29
f 3339/1477/29 3276/1474/29 3275/1484/29
f 3257/1485/29 3256/1476/29 3361/1475/29
f 3339/1477/29 3275/1484/29 3274/1486/29
f 3257/1485/29 3361/1475/29 3360/1487/29
f 3258/1488/29 3257/1485/29 3360/1487/29
f 3340/1489/29 3339/1477/29 3274/1486/29
f 3340/1489/29 3274/1486/29 3273/1490/29
f 3259/1491/29 3258/1488/29 3360/1487/29
f 3340/1489/29 3273/1490/29 3272/1492/29
f 3259/1491/29 3360/1487/29 3359/1493/29
f 3340/1489/29 3272/1492/29 3271/1494/29
f 3260/1495/29 3259/1491/29 3359/1493/29
f 3341/1496/29 3340/1489/29 3271/1494/29
f 3341/1496/29 3271/1494/29 3270/1497/29
f 3261/1498/29 3260/1495/29 3359/1493/29
f 3261/1498/29 3359/1493/29 3358/1499/29
f 3341/1496/29 3270/1497/29 3269/1500/29
f 3262/1501/29 3261/1498/29 3358/1499/29
f 3341/1496/29 3269/1500/29 3268/1502/29
f 3342/1503/29 3341/1496/29 3268/1502/29
f 3263/1504/29 3262/1501/29 3358/1499/29
f 3342/1503/29 3268/1502/29 3267/1505/29
f 3264/1506/29 3263/1504/29 3358/1499/29
f 3342/1503/29 3267/1505/29 3266/1507/29
f 3265/1508/29 3264/1506/29 3358/1499/29
f 3342/1503/29 3266/1507/29 3265/1508/29
f 3342/1503/29 3265/1508/29 3358/1499/29
f 3342/1503/29 3358/1499/29 3357/1509/29
f 3343/1510/29 3342/1503/29 3357/1509/29
f 3343/1510/29 3357/1509/29 3356/1511/29
f 3344/1512/29 3343/1510/29 3356/1511/29
f 3344/1512/29 3356/1511/29 3355/1513/29
f 3345/1514/29 3344/1512/29 3355/1513/29
f 3345/1514/29 3355/1513/29 3354/1515/29
f 3346/1516/29 3345/1514/29 3354/1515/29
f 3346/1516/29 3354/1515/29 3353/1517/29
f 3347/1518/29 3346/1516/29 3353/1517/29
f 3347/1518/29 3353/1517/29 3352/1519/29
f 3348/1520/29 3347/1518/29 3352/1519/29
f 3348/1520/29 3352/1519/29 3351/1521/29
f 3349/1522/29 3348/1520/29 3351/1521/29
f 3349/1522/29 3351/1521/29 3350/1523/29
f 3770/1524/29 3769/1525/29 3794/37/29
f 3770/1524/29 3794/37/29 3793/1526/29
f 3770/1524/29 3793/1526/29 3792/1527/29
f 3770/1524/29 3792/1527/29 3791/1528/29
f 3770/1524/29 3791/1528/29 3790/1529/29
f 3770/1524/29 3790/1529/29 3789/1530/29
f 3770/1524/29 3789/1530/29 3788/1531/29
f 3770/1524/29 3788/1531/29 3787/1532/29
f 3770/1524/29 3787/1532/29 3786/1533/29
f 3770/1524/29 3786/1533/29 3785/1534/29
f 3770/1524/29 3785/1534/29 3784/1535/29
f 3770/1524/29 3784/1535/29 3783/1536/29
f 3770/1524/29 3783/1536/29 3782/1537/29
f 3771/1538/29 3770/1524/29 3782/1537/29
f 3772/1539/29 3771/1538/29 3782/1537/29
f 3773/1540/29 3772/1539/29 3782/1537/29
f 3774/1541/29 3773/1540/29 3782/1537/29
f 3775/1542/29 3774/1541/29 3782/1537/29
f 3776/1543/29 3775/1542/29 3782/1537/29
f 3777/1544/30 3776/1543/30 3782/1537/30
f 3778/1545/31 3777/1544/31 3782/1537/31
f 3779/1546/29 3778/1545/29 3782/1537/29
f 3780/1547/29 3779/1546/29 3782/1537/29
f 3781/1548/29 3780/1547/29 3782/1537/29
f 3527/1549/29 3526/1550/29 3525/38/29
f 3528/1551/29 3527/1549/29 3525/38/29
f 3529/1552/29 3528/1551/29 3525/38/29
f 3530/1553/29 3529/1552/29 3525/38/29
f 3531/1554/29 3530/1553/29 3525/38/29
f 3532/1555/29 3531/1554/29 3525/38/29
f 3533/1556/29 3532/1555/29 3525/38/29
f 3534/1557/29 3533/1556/29 3525/38/29
f 3535/1558/29 3534/1557/29 3525/38/29
f 3536/1559/29 3535/1558/29 3525/38/29
f 3537/1560/29 3536/1559/29 3525/38/29
f 3538/1561/29 3537/1560/29 3525/38/29
f 3539/1562/29 3538/1561/29 3525/38/29
f 3540/1563/29 3539/1562/29 3525/38/29
f 3541/1564/29 3540/1563/29 3525/38/29
f 3542/1565/29 3541/1564/29 3525/38/29
f 3543/1566/29 3542/1565/29 3525/38/29
f 3544/1567/29 3543/1566/29 3525/38/29
f 3545/1568/29 3544/1567/29 3525/38/29
f 3546/1569/29 3545/1568/29 3525/38/29
f 3547/1570/29 3546/1569/29 3525/38/29
f 3548/1571/29 3547/1570/29 3525/38/29
f 3563/1572/29 3562/1574/29 3561/1573/29
f 3549/1575/29 3548/1571/29 3525/38/29
f 3563/1572/29 3561/1573/29 3560/1576/29
f 3563/1572/29 3560/1576/29 3559/1577/29
f 3563/1572/29 3559/1577/29 3558/1578/29
f 3550/1579/29 3549/1575/29 3525/38/29
f 3563/1572/29 3558/1578/29 3557/1580/29
f 3563/1572/29 3557/1580/29 3556/1581/29
f 3551/1582/29 3550/1579/29 3525/38/29
f 3563/1572/29 3556/1581/29 3555/1583/29
f 3552/1584/29 3551/1582/29 3525/38/29
f 3563/1572/29 3555/1583/29 3554/1585/29
f 3553/1586/29 3552/1584/29 3525/38/29
f 3563/1572/29 3554/1585/29 3553/1586/29
f 3563/1572/29 3553/1586/29 3564/1587/29
f 3564/1587/29 3553/1586/29 3565/1588/29
f 3565/1588/29 3553/1586/29 3566/1589/29
f 3566/1589/29 3553/1586/29 3567/1590/29
f 3567/1590/29 3553/1586/29 3568/1591/29
f 3568/1591/29 3553/1586/29 3525/38/29
f 3568/1591/29 3525/38/29 3569/1592/29
f 3569/1592/29 3525/38/29 3768/1593/29
f 3569/1592/29 3768/1593/29 3570/1594/29
f 3570/1594/29 3768/1593/29 3767/1595/29
f 3570/1594/50 3767/1595/50 3571/1596/50
f 3571/1596/29 3767/1595/29 3766/1597/29
f 3571/1596/29 3766/1597/29 3572/1598/29
f 3572/1598/29 3766/1597/29 3573/1599/29
f 3573/1599/29 3766/1597/29 3765/1600/29
f 3573/1599/29 3765/1600/29 3574/1601/29
f 3574/1601/29 3765/1600/29 3575/1602/29
f 3575/1602/29 3765/1600/29 3764/1603/29
f 3575/1602/29 3764/1603/29 3763/1604/29
f 3575/1602/51 3763/1604/51 3577/1605/51
f 3577/1605/29 3763/1604/29 3578/1606/29
f 3578/1606/29 3763/1604/29 3579/1607/29
f 3579/1607/29 3763/1604/29 3580/1608/29
f 3580/1608/29 3763/1604/29 3581/1609/29
f 3581/1609/52 3763/1604/52 3582/1610/52
f 3582/1610/36 3763/1604/36 3583/1611/36
f 3583/1611/29 3763/1604/29 3584/1612/29
f 3584/1612/29 3763/1604/29 3585/1613/29
f 3585/1613/29 3763/1604/29 3586/1614/29
f 3586/1614/29 3763/1604/29 3762/1615/29
f 3586/1614/53 3762/1615/53 3587/1616/53
f 3587/1616/29 3762/1615/29 3761/1617/29
f 3587/1616/29 3761/1617/29 3760/1618/29
f 3588/1619/29 3587/1616/29 3760/1618/29
f 3588/1619/29 3760/1618/29 3759/1620/29
f 3588/1619/29 3759/1620/29 3758/1621/29
f 3588/1619/29 3758/1621/29 3757/1622/29
f 3588/1619/29 3757/1622/29 3756/1623/29
f 3588/1619/29 3756/1623/29 3755/1624/29
f 3575/1602/54 3577/1605/54 3576/1625/54
f 3589/1626/29 3588/1619/29 3755/1624/29
f 3589/1626/29 3755/1624/29 3754/1627/29
f 3589/1626/29 3754/1627/29 3753/1628/29
f 3590/1629/29 3589/1626/29 3753/1628/29
f 3590/1629/29 3753/1628/29 3752/1630/29
f 3590/1629/29 3752/1630/29 3751/1631/29
f 3590/1629/29 3751/1631/29 3750/1632/29
f 3591/1633/29 3590/1629/29 3750/1632/29
f 3591/1633/29 3750/1632/29 3749/1634/29
f 3591/1633/29 3749/1634/29 3748/1635/29
f 3592/1636/29 3591/1633/29 3748/1635/29
f 3592/1636/29 3748/1635/29 3747/1637/29
f 3592/1636/29 3747/1637/29 3746/1638/29
f 3592/1636/29 3746/1638/29 3745/1639/29
f 3593/1640/29 3592/1636/29 3745/1639/29
f 3743/1641/29 3742/1643/29 3741/1642/29
f 3743/1641/47 3741/1642/47 3740/1644/47
f 3744/1645/29 3743/1641/29 3740/1644/29
f 3744/1645/29 3740/1644/29 3739/1646/29
f 3745/1639/29 3744/1645/29 3739/1646/29
f 3745/1639/29 3739/1646/29 3738/1647/29
f 3593/1640/29 3745/1639/29 3738/1647/29
f 3593/1640/29 3738/1647/29 3737/1648/29
f 3593/1640/29 3737/1648/29 3736/1649/29
f 3593/1640/29 3736/1649/29 3735/1650/29
f 3593/1640/29 3735/1650/29 3734/1651/29
f 3593/1640/31 3734/1651/31 3733/1652/31
f 3593/1640/29 3733/1652/29 3732/1653/29
f 3593/1640/29 3732/1653/29 3731/1654/29
f 3593/1640/29 3731/1654/29 3730/1655/29
f 3593/1640/29 3730/1655/29 3729/1656/29
f 3593/1640/29 3729/1656/29 3728/1657/29
f 3593/1640/29 3728/1657/29 3727/1658/29
f 3593/1640/29 3727/1658/29 3726/1659/29
f 3593/1640/29 3726/1659/29 3725/1660/29
f 3593/1640/29 3725/1660/29 3724/1661/29
f 3594/1662/29 3593/1640/29 3724/1661/29
f 3594/1662/29 3724/1661/29 3635/1663/29
f 3635/1663/29 3724/1661/29 3723/1664/29
f 3635/1663/29 3723/1664/29 3636/1665/29
f 3636/1665/29 3723/1664/29 3722/1666/29
f 3637/1667/29 3636/1665/29 3722/1666/29
f 3594/1662/30 3635/1663/30 3634/1668/30
f 3638/1669/29 3637/1667/29 3722/1666/29
f 3638/1669/29 3722/1666/29 3721/1670/29
f 3594/1662/29 3634/1668/29 3633/1671/29
f 3639/1672/29 3638/1669/29 3721/1670/29
f 3594/1662/29 3633/1671/29 3632/1673/29
f 3640/1674/29 3639/1672/29 3721/1670/29
f 3594/1662/29 3632/1673/29 3631/1675/29
f 3641/1676/29 3640/1674/29 3721/1670/29
f 3594/1662/29 3631/1675/29 3630/1677/29
f 3642/1678/29 3641/1676/29 3721/1670/29
f 3594/1662/29 3630/1677/29 3629/1679/29
f 3642/1678/29 3721/1670/29 3720/1680/29
f 3594/1662/29 3629/1679/29 3628/1681/29
f 3643/1682/29 3642/1678/29 3720/1680/29
f 3594/1662/29 3628/1681/29 3627/1683/29
f 3644/1684/29 3643/1682/29 3720/1680/29
f 3595/1685/29 3594/1662/29 3627/1683/29
f 3644/1684/29 3720/1680/29 3719/1686/29
f 3595/1685/29 3627/1683/29 3626/1687/29
f 3645/1688/29 3644/1684/29 3719/1686/29
f 3595/1685/29 3626/1687/29 3625/1689/29
f 3645/1688/29 3719/1686/29 3718/1690/29
f 3646/1691/29 3645/1688/29 3718/1690/29
f 3595/1685/29 3625/1689/29 3624/1692/29
f 3595/1685/29 3624/1692/29 3623/1693/29
f 3646/1691/29 3718/1690/29 3717/1694/29
f 3647/1695/29 3646/1691/29 3717/1694/29
f 3648/1696/29 3647/1695/29 3717/1694/29
f 3648/1696/29 3717/1694/29 3716/1697/29
f 3595/1685/29 3623/1693/29 3622/1698/29
f 3649/1699/29 3648/1696/29 3716/1697/29
f 3649/1699/29 3716/1697/29 3715/1700/29
f 3596/1701/29 3595/1685/29 3622/1698/29
f 3596/1701/29 3622/1698/29 3621/1702/29
f 3650/1703/29 3649/1699/29 3715/1700/29
f 3650/1703/29 3715/1700/29 3714/1704/29
f 3651/1705/29 3650/1703/29 3714/1704/29
f 3651/1705/29 3714/1704/29 3713/1706/29
f 3596/1701/29 3621/1702/29 3620/1707/29
f 3652/1708/29 3651/1705/29 3713/1706/29
f 3652/1708/29 3713/1706/29 3712/1709/29
f 3653/1710/29 3652/1708/29 3712/1709/29
f 3597/1711/29 3596/1701/29 3620/1707/29
f 3597/1711/29 3620/1707/29 3619/1712/29
f 3653/1710/29 3712/1709/29 3711/1713/29
f 3654/1714/29 3653/1710/29 3711/1713/29
f 3654/1714/29 3711/1713/29 3710/1715/29
f 3655/1716/29 3654/1714/29 3710/1715/29
f 3597/1711/29 3619/1712/29 3618/1717/29
f 3655/1716/29 3710/1715/29 3709/1718/29
f 3656/1719/29 3655/1716/29 3709/1718/29
f 3656/1719/29 3709/1718/29 3708/1720/29
f 3598/1721/29 3597/1711/29 3618/1717/29
f 3656/1719/29 3708/1720/29 3707/1722/29
f 3657/1723/29 3656/1719/29 3707/1722/29
f 3598/1721/29 3618/1717/29 3617/1724/29
f 3657/1723/29 3707/1722/29 3706/1725/29
f 3658/1726/29 3657/1723/29 3706/1725/29
f 3599/1727/29 3598/1721/29 3617/1724/29
f 3658/1726/29 3706/1725/29 3705/1728/29
f 3659/1729/29 3658/1726/29 3705/1728/29
f 3659/1729/29 3705/1728/29 3704/1730/29
f 3599/1727/29 3617/1724/29 3616/1731/29
f 3686/1732/29 3685/1734/29 3684/1733/29
f 3659/1729/29 3704/1730/29 3703/1735/29
f 3687/1736/29 3686/1732/29 3684/1733/29
f 3600/1737/29 3599/1727/29 3616/1731/29
f 3688/1738/29 3687/1736/29 3684/1733/29
f 3660/1739/29 3659/1729/29 3703/1735/29
f 3660/1739/29 3703/1735/29 3702/1740/29
f 3689/1741/29 3688/1738/29 3684/1733/29
f 3601/1742/29 3600/1737/29 3616/1731/29
f 3690/1743/29 3689/1741/29 3684/1733/29
f 3660/1739/29 3702/1740/29 3701/1744/29
f 3691/1745/29 3690/1743/29 3684/1733/29
f 3602/1746/29 3601/1742/29 3616/1731/29
f 3661/1747/29 3660/1739/29 3701/1744/29
f 3661/1747/29 3701/1744/29 3700/1748/29
f 3692/1749/29 3691/1745/29 3684/1733/29
f 3693/1750/29 3692/1749/29 3684/1733/29
f 3661/1747/29 3700/1748/29 3699/1751/29
f 3694/1752/29 3693/1750/29 3684/1733/29
f 3603/1753/29 3602/1746/29 3616/1731/29
f 3695/1754/29 3694/1752/29 3684/1733/29
f 3661/1747/29 3699/1751/29 3698/1755/29
f 3696/1756/29 3695/1754/29 3684/1733/29
f 3661/1747/30 3698/1755/30 3697/1757/30
f 3697/1757/29 3696/1756/29 3684/1733/29
f 3661/1747/29 3697/1757/29 3684/1733/29
f 3603/1753/29 3616/1731/29 3615/1758/29
f 3604/1759/29 3603/1753/29 3615/1758/29
f 3605/1760/29 3604/1759/29 3615/1758/29
f 3606/1761/29 3605/1760/29 3615/1758/29
f 3662/1762/29 3661/1747/29 3684/1733/29
f 3607/1763/29 3606/1761/29 3615/1758/29
f 3608/1764/29 3607/1763/29 3615/1758/29
f 3609/1765/29 3608/1764/29 3615/1758/29
f 3609/1765/29 3615/1758/29 3614/1766/29
f 3610/1767/29 3609/1765/29 3614/1766/29
f 3663/1768/29 3662/1762/29 3684/1733/29
f 3611/1769/29 3610/1767/29 3614/1766/29
f 3612/1770/29 3611/1769/29 3613/1771/29
f 3613/1771/29 3611/1769/29 3614/1766/29
f 3664/1772/29 3663/1768/29 3684/1733/29
f 3665/1773/29 3664/1772/29 3684/1733/29
f 3666/1774/29 3665/1773/29 3684/1733/29
f 3667/1775/29 3666/1774/29 3684/1733/29
f 3667/1775/29 3684/1733/29 3683/1776/29
f 3667/1775/29 3683/1776/29 3682/1777/29
f 3668/1778/29 3667/1775/29 3682/1777/29
f 3668/1778/29 3682/1777/29 3681/1779/29
f 3668/1778/29 3681/1779/29 3680/1780/29
f 3668/1778/29 3680/1780/29 3679/1781/29
f 3669/1782/29 3668/1778/29 3679/1781/29
f 3669/1782/29 3679/1781/29 3678/1783/29
f 3669/1782/29 3678/1783/29 3677/1784/29
f 3670/1785/29 3669/1782/29 3677/1784/29
f 3670/1785/29 3677/1784/29 3676/1786/29
f 3670/1785/29 3676/1786/29 3675/1787/29
f 3671/1788/29 3670/1785/29 3675/1787/29
f 3671/1788/29 3675/1787/29 3674/1789/29
f 3671/1788/29 3674/1789/29 3673/1790/29
f 3672/1791/29 3671/1788/29 3673/1790/29
f 3808/1792/29 3807/1794/29 3803/1793/29
f 3803/1793/29 3807/1794/29 3934/37/29
f 3803/1793/29 3934/37/29 3804/1795/29
f 3804/1795/29 3934/37/29 3933/1796/29
f 3808/1792/29 3803/1793/29 3806/1797/29
f 3805/1798/29 3804/1795/29 3933/1796/29
f 3808/1792/29 3806/1797/29 3795/38/29
f 3795/38/29 3806/1797/29 3805/1798/29
f 3795/38/29 3805/1798/29 3796/1799/29
f 3796/1799/29 3805/1798/29 3933/1796/29
f 3808/1792/29 3795/38/29 3798/1800/29
f 3797/1801/29 3796/1799/29 3933/1796/29
f 3808/1792/29 3798/1800/29 3799/1802/29
f 3799/1802/29 3798/1800/29 3797/1801/29
f 3799/1802/29 3797/1801/29 3800/1803/29
f 3800/1803/29 3797/1801/29 3933/1796/29
f 3808/1792/29 3799/1802/29 3802/1804/29
f 3801/1805/29 3800/1803/29 3933/1796/29
f 3808/1792/29 3802/1804/29 3801/1805/29
f 3808/1792/29 3801/1805/29 3933/1796/29
f 3809/1806/9 3808/1792/9 3933/1796/9
f 3810/1807/29 3809/1806/29 3845/1808/29
f 3845/1808/9 3809/1806/9 3933/1796/9
f 3810/1807/29 3845/1808/29 3844/1809/29
f 3846/1810/9 3845/1808/9 3933/1796/9
f 3847/1811/29 3846/1810/29 3932/1812/29
f 3932/1812/9 3846/1810/9 3933/1796/9
f 3847/1811/29 3932/1812/29 3931/1813/29
f 3811/1814/29 3810/1807/29 3844/1809/29
f 3811/1814/29 3844/1809/29 3843/1815/29
f 3812/1816/29 3811/1814/29 3843/1815/29
f 3812/1816/29 3843/1815/29 3842/1817/29
f 3813/1818/29 3812/1816/29 3842/1817/29
f 3896/1819/29 3895/1821/29 3894/1820/29
f 3896/1819/29 3894/1820/29 3893/1822/29
f 3896/1819/29 3893/1822/29 3892/1823/29
f 3896/1819/29 3892/1823/29 3891/1824/29
f 3896/1819/29 3891/1824/29 3890/1825/29
f 3896/1819/29 3890/1825/29 3889/1826/29
f 3813/1818/29 3842/1817/29 3841/1827/29
f 3896/1819/29 3889/1826/29 3888/1828/29
f 3814/1829/29 3813/1818/29 3841/1827/29
f 3896/1819/29 3888/1828/29 3887/1830/29
f 3896/1819/29 3887/1830/29 3886/1831/29
f 3896/1819/29 3886/1831/29 3885/1832/29
f 3896/1819/29 3885/1832/29 3884/1833/29
f 3897/1834/29 3896/1819/29 3884/1833/29
f 3897/1834/29 3884/1833/29 3883/1835/29
f 3897/1834/29 3883/1835/29 3882/1836/29
f 3815/1837/29 3814/1829/29 3841/1827/29
f 3815/1837/29 3841/1827/29 3840/1838/29
f 3898/1839/29 3897/1834/29 3882/1836/29
f 3816/1840/29 3815/1837/29 3840/1838/29
f 3898/1839/29 3882/1836/29 3881/1841/29
f 3899/1842/29 3898/1839/29 3881/1841/29
f 3816/1840/29 3840/1838/29 3839/1843/29
f 3817/1844/29 3816/1840/29 3839/1843/29
f 3900/1845/29 3899/1842/29 3881/1841/29
f 3900/1845/29 3881/1841/29 3880/1846/29
f 3818/1847/29 3817/1844/29 3839/1843/29
f 3818/1847/29 3839/1843/29 3838/1848/29
f 3901/1849/29 3900/1845/29 3880/1846/29
f 3848/1850/29 3847/1811/29 3931/1813/29
f 3848/1850/29 3931/1813/29 3930/1851/29
f 3848/1850/29 3930/1851/29 3929/1852/29
f 3902/1853/29 3901/1849/29 3880/1846/29
f 3819/1854/29 3818/1847/29 3838/1848/29
f 3848/1850/29 3929/1852/29 3928/1855/29
f 3902/1853/29 3880/1846/29 3879/1856/29
f 3848/1850/29 3928/1855/29 3927/1857/29
f 3903/1858/29 3902/1853/29 3879/1856/29
f 3849/1859/29 3848/1850/29 3927/1857/29
f 3849/1859/29 3927/1857/29 3926/1860/29
f 3819/1854/29 3838/1848/29 3837/1861/29
f 3820/1862/29 3819/1854/29 3837/1861/29
f 3849/1859/29 3926/1860/29 3925/1863/29
f 3904/1864/29 3903/1858/29 3879/1856/29
f 3849/1859/29 3925/1863/29 3924/1865/29
f 3905/1866/29 3904/1864/29 3879/1856/29
f 3849/1859/29 3924/1865/29 3923/1867/29
f 3849/1859/29 3923/1867/29 3922/1868/29
f 3906/1869/29 3905/1866/29 3879/1856/29
f 3849/1859/29 3922/1868/29 3921/1870/29
f 3849/1859/29 3921/1870/29 3920/1871/29
f 3907/1872/29 3906/1869/29 3879/1856/29
f 3849/1859/30 3920/1871/30 3919/1873/30
f 3849/1859/52 3919/1873/52 3918/1874/52
f 3849/1859/29 3918/1874/29 3917/1875/29
f 3849/1859/30 3917/1875/30 3916/1876/30
f 3849/1859/31 3916/1876/31 3915/1877/31
f 3849/1859/36 3915/1877/36 3914/1878/36
f 3849/1859/52 3914/1878/52 3913/1879/52
f 3849/1859/36 3913/1879/36 3912/1880/36
f 3849/1859/30 3912/1880/30 3911/1881/30
f 3849/1859/30 3911/1881/30 3910/1882/30
f 3849/1859/29 3910/1882/29 3909/1883/29
f 3849/1859/43 3909/1883/43 3908/1884/43
f 3849/1859/47 3908/1884/47 3907/1872/47
f 3849/1859/29 3907/1872/29 3879/1856/29
f 3849/1859/29 3879/1856/29 3878/1885/29
f 3850/1886/29 3849/1859/29 3878/1885/29
f 3821/1887/29 3820/1862/29 3837/1861/29
f 3821/1887/29 3837/1861/29 3836/1888/29
f 3822/1889/29 3821/1887/29 3836/1888/29
f 3851/1890/29 3850/1886/29 3878/1885/29
f 3823/1891/29 3822/1889/29 3836/1888/29
f 3851/1890/29 3878/1885/29 3877/1892/29
f 3824/1893/29 3823/1891/29 3836/1888/29
f 3825/1894/29 3824/1893/29 3836/1888/29
f 3852/1895/29 3851/1890/29 3877/1892/29
f 3825/1894/29 3836/1888/29 3835/1896/29
f 3826/1897/29 3825/1894/29 3835/1896/29
f 3852/1895/29 3877/1892/29 3876/1898/29
f 3827/1899/29 3826/1897/29 3835/1896/29
f 3853/1900/29 3852/1895/29 3876/1898/29
f 3828/1901/29 3827/1899/29 3835/1896/29
f 3853/1900/29 3876/1898/29 3875/1902/29
f 3854/1903/29 3853/1900/29 3875/1902/29
f 3828/1901/29 3835/1896/29 3834/1904/29
f 3829/1905/29 3828/1901/29 3834/1904/29
f 3854/1903/29 3875/1902/29 3874/1906/29
f 3855/1907/29 3854/1903/29 3874/1906/29
f 3830/1908/29 3829/1905/29 3834/1904/29
f 3856/1909/29 3855/1907/29 3874/1906/29
f 3856/1909/29 3874/1906/29 3873/1910/29
f 3831/1911/29 3830/1908/29 3834/1904/29
f 3831/1911/29 3834/1904/29 3832/1912/29
f 3832/1912/29 3834/1904/29 3833/1913/29
f 3857/1914/29 3856/1909/29 3873/1910/29
f 3857/1914/29 3873/1910/29 3872/1915/29
f 3858/1916/29 3857/1914/29 3872/1915/29
f 3858/1916/29 3872/1915/29 3871/1917/29
f 3859/1918/29 3858/1916/29 3871/1917/29
f 3860/1919/8 3859/1918/8 3871/1917/8
f 3861/1920/9 3860/1919/9 3871/1917/9
f 3862/1921/9 3861/1920/9 3871/1917/9
f 3863/1922/9 3862/1921/9 3871/1917/9
f 3864/1923/9 3863/1922/9 3871/1917/9
f 3865/1924/9 3864/1923/9 3871/1917/9
f 3866/1925/9 3865/1924/9 3871/1917/9
f 3867/1926/9 3866/1925/9 3871/1917/9
f 3868/1927/9 3867/1926/9 3871/1917/9
f 3869/1928/9 3868/1927/9 3871/1917/9
f 3870/1929/9 3869/1928/9 3871/1917/9
f 2478/496/55 512/495/55 511/496/55
f 2226/243/56 260/251/56 259/243/56
f 2872/798/57 906/800/57 905/798/57
f 2542/508/58 576/511/58 575/508/58
f 2880/808/59 914/37/59 913/808/59
f 2784/811/60 818/812/60 817/811/60
f 2194/260/61 228/263/61 227/260/61
f 2470/517/62 504/510/62 503/517/62
f 2792/819/63 826/820/63 825/819/63
f 2330/277/64 364/275/64 363/277/64
f 2550/516/65 584/518/65 583/516/65
f 2234/280/66 268/270/66 267/280/66
f 3412/1251/67 1446/1257/67 1445/1251/67
f 2744/827/68 778/826/68 777/827/68
f 2414/528/69 448/530/69 447/528/69
f 2202/284/70 236/285/70 235/284/70
f 2752/834/71 786/836/71 785/834/71
f 2210/286/72 244/282/72 243/286/72
f 3508/1262/73 1542/1264/73 1541/1262/73
f 2446/544/74 480/541/74 479/544/74
f 2736/843/75 770/841/75 769/843/75
f 283/297/76 2251/296/76 284/296/76
f 3487/1319/77 1521/1317/77 1520/1319/77
f 3439/1271/78 1473/1321/78 1472/1271/78
f 2462/546/79 496/534/79 495/546/79
f 2760/850/80 794/852/80 793/850/80
f 2402/300/81 436/293/81 435/300/81
f 3463/1318/82 1497/1323/82 1496/1318/82
f 2338/295/83 372/301/83 371/295/83
f 2422/539/84 456/549/84 455/539/84
f 2728/860/85 762/858/85 761/860/85
f 2454/553/86 488/555/86 487/553/86
f 323/313/64 2291/309/64 324/309/64
f 3455/1338/87 1489/1336/87 1488/1338/87
f 3236/1270/88 1270/1266/88 1269/1270/88
f 801/865/89 2769/867/89 802/867/89
f 2322/324/90 356/321/90 355/324/90
f 3447/1337/91 1481/1339/91 1480/1337/91
f 2430/571/92 464/573/92 463/571/92
f 3247/1349/93 1281/1352/93 1280/1349/93
f 3436/1274/94 1470/1272/94 1469/1274/94
f 2720/877/95 754/874/95 753/877/95
f 2258/330/96 292/333/96 291/330/96
f 2438/60/97 472/572/97 471/60/97
f 2282/338/98 316/334/98 315/338/98
f 3420/1285/99 1454/1287/99 1453/1285/99
f 2702/583/100 736/582/100 735/583/100
f 2776/880/101 810/882/101 809/880/101
f 3399/1362/102 1433/1361/102 1432/1362/102
f 2712/893/103 746/892/103 745/893/103
f 3303/1358/104 1337/1363/104 1336/1358/104
f 3428/1292/105 1462/1290/105 1461/1292/105
f 2582/596/106 616/592/106 615/596/106
f 2920/899/107 954/897/107 953/899/107
f 2298/341/108 332/345/108 331/341/108
f 3391/1378/109 1425/1376/109 1424/1378/109
f 3492/1311/110 1526/1308/110 1525/1311/110
f 2590/593/111 624/597/111 623/593/111
f 2952/905/112 986/903/112 985/905/112
f 2314/353/113 348/349/113 347/353/113
f 3244/1315/114 1278/1320/114 1277/1315/114
f 2928/912/115 962/914/115 961/912/115
f 3460/1328/116 1494/1325/116 1493/1328/116
f 2944/921/117 978/919/117 977/921/117
f 2266/356/118 300/359/118 299/356/118
f 2936/929/9 970/928/9 969/929/9
f 2306/376/119 340/371/119 339/376/119
f 3311/1390/120 1345/1392/120 1344/1390/120
f 2694/611/121 728/608/121 727/611/121
f 3471/1389/122 1505/1393/122 1504/1389/122
f 3444/1331/123 1478/1333/123 1477/1331/123
f 2888/937/124 922/938/124 921/937/124
f 2346/381/125 380/385/125 379/381/125
f 3479/1395/126 1513/1391/126 1512/1395/126
f 3452/1344/127 1486/1342/127 1485/1344/127
f 1360/1398/128 3328/1405/128 1361/1405/128
f 2558/603/129 592/618/129 591/603/129
f 2896/945/8 930/946/8 929/945/8
f 2274/388/130 308/389/130 307/388/130
f 3228/1347/131 1262/1326/131 1261/1347/131
f 3319/1407/132 1353/1406/132 1352/1407/132
f 3484/1367/133 1518/1357/133 1517/1367/133
f 2912/956/134 946/957/134 945/956/134
f 2354/398/135 388/399/135 387/398/135
f 3396/1369/136 1430/1366/136 1429/1369/136
f 631/623/137 2599/626/137 632/626/137
f 3287/1432/138 1321/1425/138 1320/1432/138
f 2574/627/139 608/624/139 607/627/139
f 2904/962/8 938/963/8 937/962/8
f 2362/405/140 396/402/140 395/405/140
f 2686/632/141 720/630/141 719/632/141
f 1501/1372/142 3469/1379/142 1502/1379/142
f 2566/646/143 600/643/143 599/646/143
f 3383/1437/144 1417/1428/144 1416/1437/144
f 2670/647/145 704/638/145 703/647/145
f 3096/983/146 1130/979/146 1129/983/146
f 2370/414/147 404/416/147 403/414/147
f 3295/1435/148 1329/1438/148 1328/1435/148
f 3080/980/149 1114/984/149 1113/980/149
f 2394/417/150 428/415/150 427/417/150
f 3335/1442/151 1369/1453/151 1368/1442/151
f 3388/1384/152 1422/1381/152 1421/1384/152
f 3072/15/153 1106/981/153 1105/15/153
f 2386/430/154 420/428/154 419/430/154
f 3308/1382/155 1342/1385/155 1341/1382/155
f 2606/661/156 640/665/156 639/661/156
f 2378/439/157 412/438/157 411/439/157
f 3279/1461/158 1313/1456/158 1312/1461/158
f 3324/1401/159 1358/1399/159 1357/1401/159
f 2678/667/160 712/669/160 711/667/160
f 3056/996/161 1090/1000/161 1089/996/161
f 2506/447/162 540/445/162 539/447/162
f 2662/671/163 696/668/163 695/671/163
f 3367/1470/164 1401/1472/164 1400/1470/164
f 3316/1411/165 1350/1409/165 1349/1411/165
f 2654/17/166 688/685/166 687/17/166
f 3088/1010/167 1122/1011/167 1121/1010/167
f 2514/448/168 548/450/168 547/448/168
f 2638/692/169 672/694/169 671/692/169
f 3064/1014/170 1098/1013/170 1097/1014/170
f 3255/1471/171 1289/1476/171 1288/1471/171
f 2498/466/172 532/459/172 531/466/172
f 3375/77/173 1409/1473/173 1408/77/173
f 3016/1025/174 1050/1024/174 1049/1025/174
f 3359/1493/175 1393/1487/175 1392/1493/175
f 3332/1417/176 1366/1421/176 1365/1417/176
f 3000/1030/177 1034/1032/177 1033/1030/177
f 2490/469/178 524/470/178 523/469/178
f 3476/1429/179 1510/1422/179 1509/1429/179
f 3008/1042/180 1042/1044/180 1041/1042/180
f 3271/1494/181 1305/1492/181 1304/1494/181
f 2646/706/182 680/707/182 679/706/182
f 2530/483/183 564/481/183 563/483/183
f 3292/1431/184 1326/1433/184 1325/1431/184
f 2992/1048/185 1026/1047/185 1025/1048/185
f 2522/472/186 556/488/186 555/472/186
f 2614/701/187 648/708/187 647/701/187
f 3024/1052/188 1058/1053/188 1057/1052/188
f 3263/1504/189 1297/1506/189 1296/1504/189
f 2630/716/190 664/714/190 663/716/190
f 3032/1062/191 1066/1064/191 1065/1062/191
f 2482/492/192 516/491/192 515/492/192
f 3284/1445/193 1318/1440/193 1317/1445/193
f 3300/1444/194 1285/1446/194 1333/1444/194
f 2622/724/195 656/725/195 655/724/195
f 1017/1068/64 2985/80/64 1018/80/64
f 2474/501/196 508/499/196 507/501/196
f 3343/1510/197 1377/1512/197 1376/1510/197
f 2846/728/198 880/726/198 879/728/198
f 3351/1521/199 1385/1519/199 1384/1521/199
f 3048/1072/200 1082/1071/200 1081/1072/200
f 2538/502/201 572/504/201 571/502/201
f 3791/1528/202 1825/1527/202 1824/1528/202
f 3252/1446/203 1286/1448/203 1285/1446/203
f 2838/741/204 872/739/204 871/741/204
f 3040/1079/205 1074/1078/205 1073/1079/205
f 3783/1536/206 1817/1535/206 1816/1536/206
f 2546/86/207 580/514/207 579/86/207
f 3380/1455/208 1414/1452/208 1413/1455/208
f 2854/742/209 888/744/209 887/742/209
f 3775/1542/210 1809/1543/210 1808/1542/210
f 2960/1084/211 994/1086/211 993/1084/211
f 2466/524/212 500/522/212 499/524/212
f 3527/1549/213 1561/1551/213 1560/1549/213
f 2830/756/64 864/754/64 863/756/64
f 2418/533/214 452/535/214 451/533/214
f 3535/1558/215 1569/1559/215 1568/1558/215
f 3364/1459/216 1398/1462/216 1397/1459/216
f 2554/527/217 588/538/217 587/527/217
f 3543/1566/218 1577/1567/218 1576/1566/218
f 2862/759/76 896/761/76 895/759/76
f 2968/1095/219 1002/1097/219 1001/1095/219
f 2450/543/220 484/545/220 483/543/220
f 3276/1474/221 1310/1469/221 1309/1474/221
f 2976/1103/222 1010/1102/222 1009/1103/222
f 3559/1577/223 1593/1576/223 1592/1577/223
f 2806/776/224 840/773/224 839/776/224
f 2442/560/225 476/556/225 475/560/225
f 3551/1582/226 1585/1584/226 1584/1582/226
f 1161/1109/227 3129/1110/227 1162/1110/227
f 3567/1590/228 1601/1591/228 1600/1590/228
f 3372/1481/229 1406/1482/229 1405/1481/229
f 2814/777/230 848/780/230 847/777/230
f 3225/37/231 1161/1109/231 1258/37/231
f 2426/559/232 460/562/232 459/559/232
f 3767/1595/233 1801/1593/233 1800/1595/233
f 3224/1112/234 1258/37/234 1257/1112/234
f 3340/1489/235 1374/1496/235 1373/1489/235
f 855/788/64 2823/782/64 856/782/64
f 2458/563/236 492/567/236 491/563/236
f 3260/1495/237 1294/1498/237 1293/1495/237
f 2706/576/238 740/574/238 739/576/238
f 2870/795/239 904/797/239 903/795/239
f 3136/1121/240 1170/1123/240 1169/1121/240
f 2586/579/241 620/586/241 619/579/241
f 3268/1502/242 1302/1500/242 1301/1502/242
f 3216/1129/243 1250/1126/243 1249/1129/243
f 2798/804/244 832/799/244 831/804/244
f 3583/1611/245 1617/1612/245 1616/1611/245
f 3356/1511/246 1390/1509/246 1389/1511/246
f 3759/1620/247 1793/1618/247 1792/1620/247
f 3144/1136/248 1178/1138/248 1177/1136/248
f 2698/598/249 732/595/249 731/598/249
f 3575/1602/250 1609/1625/250 1608/1602/250
f 2878/806/251 912/807/251 911/806/251
f 3208/1143/252 1242/1141/252 1241/1143/252
f 3751/1631/253 1785/1630/253 1784/1631/253
f 3348/1520/254 1382/1522/254 1381/1520/254
f 2434/594/255 468/602/255 467/594/255
f 3788/1531/256 1822/1530/256 1821/1531/256
f 2594/609/257 628/612/257 627/609/257
f 2790/817/258 824/818/258 823/817/258
f 3152/1153/259 1186/1155/259 1185/1153/259
f 2578/613/260 612/610/260 611/613/260
f 3772/1539/261 1806/1540/261 1805/1539/261
f 3200/1158/262 1234/1156/262 1233/1158/262
f 2690/622/263 724/621/263 723/622/263
f 3591/1633/264 1625/1636/264 1624/1633/264
f 2742/831/265 776/829/265 775/831/265
f 2570/636/266 604/633/266 603/636/266
f 3743/1641/267 1777/1645/267 1776/1641/267
f 3780/1547/268 1814/1548/268 1813/1547/268
f 2750/830/269 784/832/269 783/830/269
f 3176/1168/270 1210/1160/270 1209/1168/270
f 3735/1650/271 1769/1649/271 1768/1650/271
f 3532/1555/272 1566/1556/272 1565/1555/272
f 3727/1658/273 1761/1657/273 1760/1658/273
f 3540/1563/274 1574/1564/274 1573/1563/274
f 2602/641/275 636/645/275 635/641/275
f 3548/1571/276 1582/1575/276 1581/1571/276
f 2734/847/277 768/845/277 767/847/277
f 1217/674/278 3185/1176/278 1218/1176/278
f 3639/1672/279 1673/1674/279 1672/1672/279
f 2758/846/280 792/848/280 791/846/280
f 3192/1184/281 1226/1181/281 1225/1184/281
f 3631/1675/282 1665/1673/282 1664/1675/282
f 3556/1581/283 1590/1580/283 1589/1581/283
f 3719/1686/284 1753/1680/284 1752/1686/284
f 3564/1587/285 1598/1588/285 1597/1587/285
f 2766/861/286 800/863/286 799/861/286
f 2562/644/287 596/654/287 595/644/287
f 3623/1693/288 1657/1692/288 1656/1693/288
f 3160/1191/289 1194/1193/289 1193/1191/289
f 3572/1598/290 1606/1599/290 1605/1598/290
f 2726/864/291 760/862/291 759/864/291
f 3168/1197/292 1202/1195/292 1201/1197/292
f 2674/656/293 708/659/293 707/656/293
f 3647/1695/294 1681/1696/294 1680/1695/294
f 3764/1603/295 1798/1600/295 1797/1603/295
f 2666/660/296 700/658/296 699/660/296
f 3711/1713/297 1745/1709/297 1744/1713/297
f 2774/876/298 808/878/298 807/876/298
f 3580/1608/299 1614/1609/299 1613/1608/299
f 3104/1205/300 1138/1207/300 1137/1205/300
f 2682/675/301 716/677/301 715/675/301
f 2718/881/302 752/879/302 751/881/302
f 3120/1218/303 1154/1216/303 1153/1218/303
f 3655/1716/304 1689/1719/304 1688/1716/304
f 2710/894/305 744/895/305 743/894/305
f 3112/1221/306 1146/1223/306 1145/1221/306
f 2658/680/307 692/679/307 691/680/307
f 3703/1735/308 1737/1730/308 1736/1735/308
f 2950/909/309 984/907/309 983/909/309
f 3520/1237/310 1554/1235/310 1553/1237/310
f 2610/678/311 644/681/311 643/678/311
f 3599/1727/312 1633/1737/312 1632/1727/312
f 1789/1623/313 3757/1622/313 1790/1622/313
f 2926/908/314 960/910/314 959/908/314
f 1720/1736/315 3688/1738/315 1721/1738/315
f 2942/923/9 976/922/9 975/923/9
f 667/688/316 2635/689/316 668/689/316
f 3695/1754/317 1729/1756/317 1728/1754/317
f 3588/1619/318 1622/1626/318 1621/1619/318
f 2934/931/9 968/930/9 967/931/9
f 3408/1240/319 1442/1242/319 1441/1240/319
f 3615/1758/320 1649/1731/320 1648/1758/320
f 1781/1635/321 3749/1634/321 1782/1634/321
f 3504/1254/322 1538/1255/322 1537/1254/322
f 2886/935/323 920/936/323 919/935/323
f 3512/1268/324 1546/1263/324 1545/1268/324
f 3607/1763/325 1641/1764/325 1640/1763/325
f 3740/1644/326 1774/1642/326 1773/1644/326
f 2894/943/327 928/944/327 927/943/327
f 3416/1277/328 1450/1280/328 1449/1277/328
f 3663/1768/329 1697/1772/329 1696/1768/329
f 3732/1653/330 1766/1652/330 1765/1653/330
f 3679/1781/331 1713/1780/331 1712/1781/331
f 3724/1661/332 1758/1660/332 1757/1661/332
f 2910/954/333 944/955/333 943/954/333
f 3432/1284/334 1466/1281/334 1465/1284/334
f 2650/699/335 684/696/335 683/699/335
f 2902/961/8 936/949/8 935/961/8
f 2642/698/336 676/700/336 675/698/336
f 2918/967/337 952/898/337 951/967/337
f 3424/1293/338 1458/1295/338 1457/1293/338
f 3636/1665/339 1670/1667/339 1669/1665/339
f 3240/1259/340 1274/1301/340 1273/1259/340
f 3671/1788/341 1705/1791/341 1704/1788/341
f 3628/1681/342 1662/1679/342 1661/1681/342
f 3807/1794/76 1841/1792/76 1840/1794/76
f 3078/972/343 1112/977/343 1111/972/343
f 3232/1303/344 1266/1298/344 1265/1303/344
f 3934/37/9 1840/1794/9 1967/37/9
f 3496/1304/345 1530/1302/345 1529/1304/345
f 3644/1684/346 1678/1688/346 1677/1684/346
f 3094/991/347 1128/987/347 1127/991/347
f 3799/1802/8 1833/1803/8 1832/1802/8
f 3716/1697/348 1750/1694/348 1749/1697/348
f 3488/1317/349 1522/1314/349 1521/1317/349
f 3802/1804/64 1832/1802/64 1835/1804/64
f 3070/992/350 1104/988/350 1103/992/350
f 3054/989/351 1088/993/351 1087/989/351
f 2618/711/352 652/715/352 651/711/352
f 3895/1821/353 1929/1819/353 1928/1821/353
f 3620/1707/354 1654/1702/354 1653/1707/354
f 3440/1321/355 1474/1324/355 1473/1321/355
f 2626/720/356 660/7/356 659/720/356
f 3456/1336/357 1490/1334/357 1489/1336/357
f 3887/1830/358 1921/1828/358 1920/1830/358
f 3086/1002/359 1120/1007/359 1119/1002/359
f 2842/733/360 876/731/360 875/733/360
f 3652/1708/361 1686/1710/361 1685/1708/361
f 3596/1701/362 1630/1711/362 1629/1701/362
f 3062/1016/363 1096/1017/363 1095/1016/363
f 3448/1339/364 1482/1341/364 1481/1339/364
f 2850/734/365 884/736/365 883/734/365
f 3815/1837/366 1849/1840/366 1848/1837/366
f 3708/1720/367 1742/1718/367 1741/1720/367
f 3022/1020/76 1056/1018/76 1055/1020/76
f 3839/1843/368 1873/1838/368 1872/1843/368
f 2998/1026/369 1032/1029/369 1031/1026/369
f 3464/1323/370 1498/1351/370 1497/1323/370
f 2834/749/371 868/747/371 867/749/371
f 3847/1811/372 1881/1850/372 1880/1811/372
f 3684/1733/373 1718/1734/373 1717/1733/373
f 3248/1352/374 1282/1353/374 1281/1352/374
f 3014/97/375 1048/1031/375 1047/97/375
f 2858/750/76 892/752/76 891/750/76
f 3879/1856/376 1913/1846/376 1912/1856/376
f 3006/1039/377 1040/1040/377 1039/1039/377
f 3927/1857/378 1961/1855/378 1960/1857/378
f 2826/764/64 860/762/64 859/764/64
f 2990/1050/379 1024/1049/379 1023/1050/379
f 3304/1363/380 1338/1368/380 1337/1363/380
f 3903/1858/381 1937/1864/381 1936/1858/381
f 3030/1059/382 1064/1061/382 1063/1059/382
f 3392/1376/383 1426/1374/383 1425/1376/383
f 2810/766/384 844/769/384 843/766/384
f 3046/1074/385 1080/1073/385 1079/1074/385
f 3480/1391/386 1514/1388/386 1513/1391/386
f 899/771/76 2867/778/76 900/778/76
f 1071/1081/387 3039/1080/387 1072/1080/387
f 2802/789/388 836/786/388 835/789/388
f 3660/1739/389 1694/1747/389 1693/1739/389
f 3312/1392/390 1346/1394/390 1345/1392/390
f 2818/787/391 852/790/391 851/787/391
f 3919/1873/392 1953/1871/392 1952/1873/392
f 3700/1748/393 1734/1744/393 1733/1748/393
f 2958/1082/394 992/1083/394 991/1082/394
f 3911/1881/9 1945/1880/9 1944/1881/9
f 2982/1089/395 1016/1085/395 1015/1089/395
f 3472/1393/396 1506/1396/396 1505/1393/396
f 3692/1749/397 1726/1750/397 1725/1749/397
f 2874/801/398 908/802/398 907/801/398
f 3823/1891/399 1857/1893/399 1856/1891/399
f 3320/1406/400 1354/1404/400 1353/1406/400
f 2786/813/401 820/814/401 819/813/401
f 2966/1092/402 1000/1094/402 999/1092/402
f 3328/1405/403 1362/1410/403 1361/1405/403
f 2794/821/404 828/77/404 827/821/404
f 3855/1907/405 1889/1909/405 1888/1907/405
f 2974/1105/406 1008/1104/406 1007/1105/406
f 3222/1116/407 1256/1114/407 1255/1116/407
f 779/824/9 2747/825/9 780/825/9
f 3831/1911/408 1865/1912/408 1864/1911/408
f 3288/1425/409 1322/1426/409 1321/1425/409
f 3871/1917/410 1905/1915/410 1904/1917/410
f 3384/1428/411 1418/1423/411 1417/1428/411
f 2738/839/412 772/837/412 771/839/412
f 3604/1759/413 1638/1760/413 1637/1759/413
f 3134/1117/414 1168/1119/414 1167/1117/414
f 2754/838/415 788/840/415 787/838/415
f 3863/1922/8 1897/1923/8 1896/1922/8
f 3612/1770/416 1646/1771/416 1645/1770/416
f 3296/1438/417 1330/1439/417 1329/1438/417
f 795/853/418 2763/855/418 796/855/418
f 3214/1133/419 1248/1131/419 1247/1133/419
f 3280/1456/420 1314/1454/420 1313/1456/420
f 3336/1453/421 1370/1457/421 1369/1453/421
f 763/856/422 2731/854/422 764/854/422
f 3142/1132/423 1176/442/423 1175/1132/423
f 3668/1778/424 1702/1782/424 1701/1778/424
f 3206/1146/425 1240/1144/425 1239/1146/425
f 2770/869/426 804/871/426 803/869/426
f 3676/1786/427 1710/1784/427 1709/1786/427
f 3376/1473/428 1410/1468/428 1409/1473/428
f 2722/872/429 756/870/429 755/872/429
f 3150/1149/430 1184/1151/430 1183/1149/430
f 1837/1795/76 3805/1798/76 1838/1798/76
f 3198/1165/431 1232/1162/431 1231/1165/431
f 3368/1472/432 1402/1478/432 1401/1472/432
f 2778/884/433 812/886/433 811/884/433
f 3182/1170/434 1216/1171/434 1215/1170/434
f 3256/1476/435 1290/1485/435 1289/1476/435
f 3360/1487/436 1394/1475/436 1393/1487/436
f 2714/890/437 748/887/437 747/890/437
f 1829/1799/76 3797/1801/76 1830/1801/76
f 3174/1177/438 1208/1174/438 1207/1177/438
f 3844/1809/439 1878/1808/439 1877/1809/439
f 3272/1492/440 1306/1490/440 1305/1492/440
f 2882/38/76 916/896/76 915/38/76
f 3932/1812/8 1966/1796/8 1965/1812/8
f 2955/37/441 915/38/441 988/37/441
f 3264/1506/369 1298/1508/369 1297/1506/369
f 2954/901/442 988/37/442 987/901/442
f 2922/900/443 956/902/443 955/900/443
f 3812/1816/444 1846/1818/444 1845/1816/444
f 2946/917/445 980/915/445 979/917/445
f 1191/1179/446 3159/1186/446 1192/1186/446
f 3344/1512/447 1378/1514/447 1377/1512/447
f 2930/916/448 964/918/448 963/916/448
f 3892/1823/449 1926/1822/449 1925/1823/449
f 3190/1189/450 1224/1187/450 1223/1189/450
f 3352/1519/451 1386/1517/451 1385/1519/451
f 971/927/9 2939/926/9 972/926/9
f 3166/1201/452 1200/1199/452 1199/1201/452
f 3792/1527/453 1826/1526/453 1825/1527/453
f 3884/1833/454 1918/1832/454 1917/1833/454
f 3102/38/455 1136/1203/455 1135/38/455
f 3784/1535/456 1818/1534/456 1817/1535/456
f 2890/939/457 924/940/457 923/939/457
f 1160/1204/458 3102/38/458 1135/38/458
f 3900/1845/459 1934/1849/459 1933/1845/459
f 3126/1206/460 1160/1204/460 1159/1206/460
f 1809/1543/461 3777/1544/461 1810/1544/461
f 3528/1551/462 1562/1552/462 1561/1551/462
f 3924/1865/463 1958/1863/463 1957/1865/463
f 3536/1559/464 1570/1560/464 1569/1559/464
f 2906/950/8 940/951/8 939/950/8
f 3916/1876/9 1950/1875/9 1949/1876/9
f 3110/1217/465 1144/1219/465 1143/1217/465
f 3544/1567/466 1578/1568/466 1577/1567/466
f 3908/1884/9 1942/1883/9 1941/1884/9
f 3118/1222/467 1152/1220/467 1151/1222/467
f 3820/1862/468 1854/1887/468 1853/1862/468
f 3560/1576/469 1594/1573/469 1593/1576/469
f 2898/947/8 932/959/8 931/947/8
f 3836/1888/470 1870/1861/470 1869/1888/470
f 3552/1584/471 1586/1586/471 1585/1584/471
f 2914/958/472 948/964/472 947/958/472
f 3406/1236/473 1440/1238/473 1439/1236/473
f 3568/1591/474 1602/1592/474 1601/1591/474
f 3050/975/475 1084/973/475 1083/975/475
f 3518/1241/476 1552/1239/476 1551/1241/476
f 3075/974/477 1083/975/477 1108/974/477
f 3876/1898/478 1910/1892/478 1909/1898/478
f 3502/1248/479 1536/1252/479 1535/1248/479
f 3584/1612/480 1618/1613/480 1617/1612/480
f 3098/976/481 1132/971/481 1131/976/481
f 3852/1895/482 1886/1900/482 1885/1895/482
f 3760/1618/483 1794/1617/483 1793/1618/483
f 3074/978/484 1108/974/484 1107/978/484
f 3238/1260/485 1272/1261/485 1271/1260/485
f 3576/1625/486 1610/1605/486 1609/1625/486
f 3510/1265/487 1544/1267/487 1543/1265/487
f 3752/1630/488 1786/1628/488 1785/1630/488
f 3828/1901/489 1862/1905/489 1861/1901/489
f 3082/986/490 1116/990/490 1115/986/490
f 3860/1919/8 1894/1920/8 1893/1919/8
f 3438/1273/491 1472/1271/491 1471/1273/491
f 3414/1269/492 1448/1275/492 1447/1269/492
f 3090/1006/493 1124/1003/493 1123/1006/493
f 3868/1927/8 1902/1928/8 1901/1927/8
f 3592/1636/494 1626/1640/494 1625/1636/494
f 3058/1004/495 1092/1008/495 1091/1004/495
f 2045/4/496 79/5/496 78/4/496
f 3430/1288/497 1464/1286/497 1463/1288/497
f 3744/1645/498 1778/1639/498 1777/1645/498
f 3066/1009/499 1100/1005/499 1099/1009/499
f 86/12/500 2054/13/500 87/13/500
f 3736/1649/501 1770/1648/501 1769/1649/501
f 94/20/502 2062/21/502 95/21/502
f 3422/1289/503 1456/1291/503 1455/1289/503
f 3728/1657/504 1762/1656/504 1761/1657/504
f 3018/1023/505 1052/1022/505 1051/1023/505
f 2069/28/506 103/29/506 102/28/506
f 3494/1307/507 1528/1306/507 1527/1307/507
f 3632/1673/508 1666/1671/508 1665/1673/508
f 3002/1033/509 1036/1034/509 1035/1033/509
f 2077/36/510 111/37/510 110/36/510
f 1973/43/511 7/44/511 6/43/511
f 3230/1316/512 1264/1309/512 1263/1316/512
f 3640/1674/513 1674/1676/513 1673/1674/513
f 3010/1043/514 1044/1041/514 1043/1043/514
f 3720/1680/515 1754/1670/515 1753/1680/515
f 2037/49/516 71/50/516 70/49/516
f 3462/1322/517 1496/1318/517 1495/1322/517
f 3624/1692/518 1658/1689/518 1657/1692/518
f 2994/1046/519 1028/1045/519 1027/1046/519
f 3026/1054/520 1060/1056/520 1059/1054/520
f 3446/1335/521 1480/1337/521 1479/1335/521
f 3648/1696/522 1682/1699/522 1681/1696/522
f 2986/1063/523 1020/1060/523 1019/1063/523
f 3454/1340/524 1488/1338/524 1487/1340/524
f 3712/1709/525 1746/1706/525 1745/1709/525
f 3246/1346/526 1280/1349/526 1279/1346/526
f 3486/1350/527 1520/1319/527 1519/1350/527
f 3034/1065/528 1068/1066/528 1067/1065/528
f 1981/48/529 15/62/529 14/48/529
f 3302/1360/530 1336/1358/530 1335/1360/530
f 3042/1077/531 1076/56/531 1075/1077/531
f 2029/65/532 63/63/532 62/65/532
f 3656/1719/533 1690/1723/533 1689/1719/533
f 3704/1730/534 1738/1728/534 1737/1730/534
f 2962/1087/535 996/1088/535 995/1087/535
f 2739/837/536 773/835/536 772/837/536
f 3616/1731/537 1650/1724/537 1649/1731/537
f 1989/78/538 23/80/538 22/78/538
f 2755/840/539 789/842/539 788/840/539
f 2021/81/540 55/79/540 54/81/540
f 3688/1738/541 1722/1741/541 1721/1738/541
f 2970/1098/542 1004/1100/542 1003/1098/542
f 46/95/543 2014/94/543 47/94/543
f 3600/1737/544 1634/1742/544 1633/1737/544
f 1011/1101/545 2979/1099/545 1012/1099/545
f 2731/854/546 765/851/546 764/854/546
f 3696/1756/547 1730/1757/547 1729/1756/547
f 3130/1108/548 1164/1111/548 1163/1108/548
f 2763/855/549 797/857/549 796/855/549
f 1997/96/550 31/98/550 30/96/550
f 3608/1764/551 1642/1765/551 1641/1764/551
f 3218/1124/552 1252/1122/552 1251/1124/552
f 2005/107/553 39/105/553 38/107/553
f 2723/870/554 757/868/554 756/870/554
f 2173/119/555 207/117/555 206/119/555
f 3664/1772/556 1698/1773/556 1697/1772/556
f 3680/1780/557 1714/1779/557 1713/1780/557
f 3138/1125/558 1172/1127/558 1171/1125/558
f 804/871/559 2772/873/559 805/873/559
f 3672/1791/157 1706/1790/157 1705/1791/157
f 1243/1139/560 3211/1137/560 1244/1137/560
f 2085/120/561 119/122/561 118/120/561
f 2715/887/562 749/885/562 748/887/562
f 2165/135/563 199/133/563 198/135/563
f 1833/1803/76 3801/1805/76 1834/1805/76
f 2779/886/564 813/888/564 812/886/564
f 3146/1140/565 1180/1142/565 1179/1140/565
f 1841/1792/8 3809/1806/8 1842/1806/8
f 3202/1154/566 1236/1152/566 1235/1154/566
f 2093/136/567 127/138/567 126/136/567
f 2157/150/568 191/148/568 190/150/568
f 3888/1828/569 1922/1826/569 1921/1828/569
f 3896/1819/570 1930/1834/570 1929/1819/570
f 3178/1161/571 1212/1159/571 1211/1161/571
f 3840/1838/572 1874/1827/572 1873/1838/572
f 2923/902/573 957/904/573 956/902/573
f 2101/153/574 135/155/574 134/153/574
f 3154/1157/575 1188/1163/575 1187/1157/575
f 166/168/576 2134/171/576 167/171/576
f 3194/1178/577 1228/1175/577 1227/1178/577
f 3816/1840/578 1850/1844/578 1849/1840/578
f 3186/1180/579 1220/1182/579 1219/1180/579
f 2125/174/580 159/170/580 158/174/580
f 3170/1194/581 1204/1192/581 1203/1194/581
f 3880/1846/582 1914/1841/582 1913/1846/582
f 2149/176/583 183/173/583 182/176/583
f 3162/1196/584 1196/1198/584 1195/1196/584
f 980/915/585 2948/913/585 981/913/585
f 3106/1209/586 1140/1211/586 1139/1209/586
f 2931/918/587 965/920/587 964/918/587
f 3122/1214/588 1156/1212/588 1155/1214/588
f 2141/195/589 175/194/589 174/195/589
f 3928/1855/590 1962/1852/590 1961/1855/590
f 3848/1850/591 1882/1859/591 1881/1850/591
f 3114/1225/592 1148/1227/592 1147/1225/592
f 2109/191/593 143/197/593 142/191/593
f 3904/1864/594 1938/1866/594 1937/1864/594
f 3402/1230/595 1436/1228/595 1435/1230/595
f 2117/205/596 151/203/596 150/205/596
f 3920/1871/597 1954/1870/597 1953/1871/597
f 3522/1234/598 1556/1232/598 1555/1234/598
f 3912/1880/9 1946/1879/9 1945/1880/9
f 2939/926/9 973/925/9 972/926/9
f 3824/1893/599 1858/1894/599 1857/1893/599
f 3410/1244/600 1444/1246/600 1443/1244/600
f 3514/1253/601 1548/1247/601 1547/1253/601
f 214/214/76 2182/217/76 215/217/76
f 3506/1256/602 1540/1258/602 1539/1256/602
f 2245/224/603 279/219/603 278/224/603
f 3832/1912/604 1866/1913/604 1865/1912/604
f 3434/1278/605 1468/1276/605 1467/1278/605
f 366/208/9 2334/226/9 367/226/9
f 3856/1909/606 1890/1914/606 1889/1909/606
f 3872/1915/607 1906/1910/607 1905/1915/607
f 3418/1282/608 1452/1283/608 1451/1282/608
f 2883/896/609 917/933/609 916/896/609
f 2189/237/610 223/241/610 222/237/610
f 3864/1923/8 1898/1924/8 1897/1923/8
f 3426/1296/611 1460/1294/611 1459/1296/611
f 2891/940/612 925/941/612 924/940/612
f 438/248/64 2406/247/64 439/247/64
f 2049/8/613 83/9/613 82/8/613
f 2057/16/614 91/17/614 90/16/614
f 2907/951/615 941/952/615 940/951/615
f 2065/24/616 99/25/616 98/24/616
f 1267/1297/617 3235/1279/617 1268/1279/617
f 2899/959/8 933/948/8 932/959/8
f 2237/262/618 271/258/618 270/262/618
f 2073/32/619 107/33/619 106/32/619
f 3498/1300/620 1532/1299/620 1531/1300/620
f 2229/259/621 263/264/621 262/259/621
f 1969/39/622 3/40/622 2/39/622
f 3242/1305/623 1276/1310/623 1275/1305/623
f 2915/964/624 949/965/624 948/964/624
f 2213/265/625 247/261/625 246/265/625
f 3490/1313/626 1524/1312/626 1523/1313/626
f 3099/971/627 1133/970/627 1132/971/627
f 2041/53/628 75/2/628 74/53/628
f 2033/57/629 67/56/629 66/57/629
f 2197/269/630 231/273/630 230/269/630
f 1977/47/631 11/60/631 10/47/631
f 3442/1327/632 1476/1329/632 1475/1327/632
f 3458/1332/633 1492/1330/633 1491/1332/633
f 3051/973/634 1085/982/634 1084/973/634
f 238/288/635 2206/289/635 239/289/635
f 1985/70/636 19/72/636 18/70/636
f 2025/73/637 59/71/637 58/73/637
f 3450/1343/638 1484/1345/638 1483/1343/638
f 3083/990/639 1117/994/639 1116/990/639
f 3250/1354/640 1284/1355/640 1283/1354/640
f 3091/1003/641 1125/999/641 1124/1003/641
f 3251/1355/642 1259/38/642 1284/1355/642
f 3067/1005/643 1101/1001/643 1100/1005/643
f 2325/310/644 359/307/644 358/310/644
f 50/88/645 2018/86/645 51/86/645
f 3226/38/646 1260/1348/646 1259/38/646
f 286/305/647 2254/311/647 287/311/647
f 1993/87/648 27/89/648 26/87/648
f 42/102/649 2010/100/649 43/100/649
f 3059/1008/650 1093/1012/650 1092/1008/650
f 3466/1356/651 1500/1365/651 1499/1356/651
f 2001/108/652 35/109/652 34/108/652
f 1427/1371/653 3395/1370/653 1428/1370/653
f 3019/1022/654 1053/1021/654 1052/1022/654
f 326/319/655 2294/323/655 327/323/655
f 3003/1034/656 1037/1036/656 1036/1034/656
f 2285/325/657 319/320/657 318/325/657
f 2081/112/658 115/114/658 114/112/658
f 2169/127/659 203/125/659 202/127/659
f 3011/1041/660 1045/1038/660 1044/1041/660
f 3306/1373/661 1340/1377/661 1339/1373/661
f 2317/343/662 351/339/662 350/343/662
f 3482/1383/663 1516/1375/663 1515/1383/663
f 2995/1045/664 1029/1027/664 1028/1045/664
f 2261/340/665 295/344/665 294/340/665
f 2089/128/666 123/130/666 122/128/666
f 3027/1056/667 1061/1057/667 1060/1056/667
f 194/143/668 2162/141/668 195/141/668
f 3322/1403/669 1356/1402/669 1355/1403/669
f 2987/1060/316 1021/1055/316 1020/1060/316
f 130/144/670 2098/146/670 131/146/670
f 2129/160/671 163/158/671 162/160/671
f 3314/1397/672 1348/1412/672 1347/1397/672
f 3035/1066/8 1069/1067/8 1068/1066/8
f 2309/365/673 343/363/673 342/365/673
f 2153/161/674 187/156/674 186/161/674
f 3043/56/112 1077/1076/112 1076/56/112
f 2269/364/675 303/366/675 302/364/675
f 3330/1415/676 1364/1416/676 1363/1415/676
f 2301/358/677 335/368/677 334/358/677
f 2105/166/678 139/172/678 138/166/678
f 3474/1413/679 1508/1419/679 1507/1413/679
f 2963/1088/680 997/1090/680 996/1088/680
f 2277/370/681 311/361/681 310/370/681
f 2137/181/682 171/186/682 170/181/682
f 3386/1420/683 1420/1418/683 1419/1420/683
f 2979/1099/684 1013/1096/684 1012/1099/684
f 2341/308/685 375/372/685 374/308/685
f 178/187/686 2146/185/686 179/185/686
f 2121/196/687 155/189/687 154/196/687
f 2349/387/688 383/391/688 382/387/688
f 3290/1427/689 1324/1430/689 1323/1427/689
f 2365/397/690 399/395/690 398/397/690
f 2113/202/691 147/204/691 146/202/691
f 3298/1441/692 1332/1443/692 1331/1441/692
f 2357/401/693 391/403/693 390/401/693
f 2409/210/64 443/37/64 442/210/64
f 2397/410/694 431/408/694 430/410/694
f 2177/38/76 211/211/76 210/38/76
f 3282/1451/695 1316/1450/695 1315/1451/695
f 2971/1100/8 1005/1107/8 1004/1100/8
f 217/213/9 2177/38/9 210/38/9
f 3362/1458/696 1396/1449/696 1395/1458/696
f 2373/421/697 407/423/697 406/421/697
f 2185/223/698 219/221/698 218/223/698
f 3378/1463/699 1412/1460/699 1411/1463/699
f 2389/425/700 423/424/700 422/425/700
f 2221/222/701 218/223/701 254/222/701
f 3338/1467/702 1372/1477/702 1371/1467/702
f 3131/1111/703 1165/1113/703 1164/1111/703
f 2381/436/704 415/435/704 414/436/704
f 3219/1122/705 1253/1120/705 1252/1122/705
f 3370/1479/706 1404/1480/706 1403/1479/706
f 2509/441/707 543/442/707 542/441/707
f 2241/242/708 275/238/708 274/242/708
f 3139/1127/709 1173/1128/709 1172/1127/709
f 2225/240/710 259/243/710 258/240/710
f 3274/1486/711 1308/1484/711 1307/1486/711
f 3211/1137/712 1245/1135/712 1244/1137/712
f 2501/456/713 535/454/713 534/456/713
f 2217/244/714 251/239/714 250/244/714
f 2517/455/715 551/457/715 550/455/715
f 3258/1488/716 1292/1491/716 1291/1488/716
f 2485/462/717 519/460/717 518/462/717
f 3147/1142/718 1181/1145/718 1180/1142/718
f 526/473/719 2494/477/719 527/477/719
f 1299/1507/720 3267/1505/720 1300/1505/720
f 3203/1152/721 1237/1150/721 1236/1152/721
f 226/256/722 2194/260/722 227/260/722
f 3354/1515/723 1388/1513/723 1387/1515/723
f 2533/478/724 567/475/724 566/478/724
f 3179/1159/725 1213/1164/725 1212/1159/725
f 2525/489/726 559/487/726 558/489/726
f 3346/1516/727 1380/1518/727 1379/1516/727
f 3155/1163/728 1189/1167/728 1188/1163/728
f 2233/279/729 267/280/729 266/279/729
f 3195/1175/730 1229/1172/730 1228/1175/730
f 2477/497/731 511/496/731 510/497/731
f 3187/1182/732 1221/1185/732 1220/1182/732
f 2541/507/733 575/508/733 574/507/733
f 2201/283/734 235/284/734 234/283/734
f 3171/1192/735 1205/1190/735 1204/1192/735
f 2549/509/736 583/516/736 582/509/736
f 2209/292/737 243/286/737 242/292/737
f 2469/519/738 503/517/738 502/519/738
f 370/246/739 2338/295/739 371/295/739
f 3163/1198/740 1197/1200/740 1196/1198/740
f 2413/525/741 447/528/741 446/525/741
f 2421/537/742 455/539/742 454/537/742
f 282/274/9 2250/297/9 283/297/9
f 362/298/9 2330/277/9 363/277/9
f 1156/1212/743 3124/1210/743 1157/1210/743
f 2445/548/744 479/544/744 478/548/744
f 434/303/64 2402/300/64 435/300/64
f 1819/1533/745 3787/1532/745 1820/1532/745
f 3107/1211/746 1141/1213/746 1140/1211/746
f 2289/316/8 323/313/8 322/316/8
f 3115/1227/747 1149/1226/747 1148/1227/747
f 2453/550/748 487/553/748 486/550/748
f 354/328/749 2322/324/749 355/324/749
f 3403/1228/750 1437/1231/750 1436/1228/750
f 2461/558/751 495/546/751 494/558/751
f 3523/1232/752 1557/37/752 1556/1232/752
f 2257/326/753 291/330/753 290/326/753
f 3770/1524/754 1804/1538/754 1803/1524/754
f 2429/570/755 463/571/755 462/570/755
f 3778/1545/756 1812/1546/756 1811/1545/756
f 3515/1247/757 1549/1245/757 1548/1247/757
f 2701/585/758 735/583/758 734/585/758
f 2297/337/759 331/341/759 330/337/759
f 3530/1553/760 1564/1554/760 1563/1553/760
f 3411/1246/761 1445/1251/761 1444/1246/761
f 2281/342/762 315/338/762 314/342/762
f 3538/1561/763 1572/1562/763 1571/1561/763
f 1540/1258/764 3508/1262/764 1541/1262/764
f 2437/587/765 471/60/765 470/587/765
f 3546/1569/766 1580/1570/766 1579/1569/766
f 2313/355/767 347/353/767 346/355/767
f 1595/1574/768 3563/1572/768 1596/1572/768
f 3435/1276/769 1469/1274/769 1468/1276/769
f 2265/354/770 299/356/770 298/354/770
f 3554/1585/771 1588/1583/771 1587/1585/771
f 3235/1279/772 1269/1270/772 1268/1279/772
f 2589/590/773 623/593/773 622/590/773
f 3419/1283/774 1453/1285/774 1452/1283/774
f 2345/378/775 379/381/775 378/378/775
f 3570/1594/776 1604/1596/776 1603/1594/776
f 2305/382/777 339/376/777 338/382/777
f 3427/1294/778 1461/1292/778 1460/1294/778
f 2273/379/779 307/388/779 306/379/779
f 3578/1606/780 1612/1607/780 1611/1606/780
f 3499/1299/781 1533/1249/781 1532/1299/781
f 3491/1312/782 1525/1311/782 1524/1312/782
f 2581/599/783 615/596/783 614/599/783
f 2353/394/784 387/398/784 386/394/784
f 3243/1310/785 1277/1315/785 1276/1310/785
f 3762/1615/786 1796/1604/786 1795/1615/786
f 2557/575/787 591/603/787 590/575/787
f 2361/407/788 395/405/788 394/407/788
f 3586/1614/789 1620/1616/789 1619/1614/789
f 2693/614/790 727/611/790 726/614/790
f 3754/1627/791 1788/1624/791 1787/1627/791
f 3459/1330/792 1493/1328/792 1492/1330/792
f 3746/1638/793 1780/1637/793 1779/1638/793
f 3443/1329/794 1477/1331/794 1476/1329/794
f 2369/413/795 403/414/795 402/413/795
f 3451/1345/796 1485/1344/796 1484/1345/796
f 2393/419/797 427/417/797 426/419/797
f 3738/1647/798 1772/1646/798 1771/1647/798
f 2597/619/799 631/623/799 630/619/799
f 2385/431/800 419/430/800 418/431/800
f 3730/1655/801 1764/1654/801 1763/1655/801
f 3227/1348/802 1261/1347/802 1260/1348/802
f 2573/67/803 607/627/803 606/67/803
f 2685/634/804 719/632/804 718/634/804
f 2565/649/805 599/646/805 598/649/805
f 3722/1666/806 1756/1664/806 1755/1666/806
f 2669/652/807 703/647/807 702/652/807
f 3634/1668/808 1668/1663/808 1667/1668/808
f 2377/433/809 411/439/809 410/433/809
f 2605/657/810 639/661/810 638/657/810
f 2513/446/811 547/448/811 546/446/811
f 3395/1370/812 1429/1369/812 1428/1370/812
f 3467/1365/813 1501/1372/813 1500/1365/813
f 2677/664/418 711/667/418 710/664/418
f 2505/449/814 539/447/814 538/449/814
f 3483/1375/815 1517/1367/815 1516/1375/815
f 2661/673/816 695/671/816 694/673/816
f 2489/467/817 523/469/817 522/467/817
f 2653/690/818 687/17/818 686/690/818
f 2497/471/819 531/466/819 530/471/819
f 1675/1678/820 3643/1682/820 1676/1682/820
f 2637/691/821 671/692/821 670/691/821
f 2521/468/822 555/472/822 554/468/822
f 3307/1377/823 1341/1382/823 1340/1377/823
f 3594/1662/824 1628/1685/824 1627/1662/824
f 3398/1364/668 1432/1362/668 1431/1364/668
f 3626/1687/825 1660/1683/825 1659/1687/825
f 3390/1380/826 1424/1378/826 1423/1380/826
f 3323/1402/827 1357/1401/827 1356/1402/827
f 562/484/828 2530/483/828 563/483/828
f 2613/686/829 647/701/829 646/686/829
f 3315/1412/830 1349/1411/830 1348/1412/830
f 2645/704/831 679/706/831 678/704/831
f 2481/493/832 515/492/832 514/493/832
f 3714/1704/833 1748/1700/833 1747/1704/833
f 2629/717/834 663/716/834 662/717/834
f 2537/500/835 571/502/835 570/500/835
f 3650/1703/836 1684/1705/836 1683/1703/836
f 3470/1386/837 1504/1389/837 1503/1386/837
f 3331/1416/838 1365/1417/838 1364/1416/838
f 3618/1717/839 1652/1712/839 1651/1717/839
f 3310/1387/840 1344/1390/840 1343/1387/840
f 3387/1418/841 1421/1384/841 1420/1418/841
f 2473/503/842 507/501/842 506/503/842
f 3706/1725/843 1740/1722/843 1739/1725/843
f 3326/1400/99 1360/1398/99 1359/1400/99
f 2621/721/844 655/724/844 654/721/844
f 3318/1408/845 1352/1407/845 1351/1408/845
f 3475/1419/846 1509/1429/846 1508/1419/846
f 3658/1726/847 1692/1729/847 1691/1726/847
f 3478/1414/848 1512/1395/848 1511/1414/848
f 878/727/9 2846/728/9 879/728/9
f 2545/513/849 579/86/849 578/513/849
f 3690/1743/850 1724/1745/850 1723/1743/850
f 3291/1430/851 1325/1431/851 1324/1430/851
f 2853/740/852 887/742/852 886/740/852
f 3294/1434/853 1328/1435/853 1327/1434/853
f 2465/76/854 499/524/854 498/76/854
f 3602/1746/855 1636/1753/855 1635/1746/855
f 3299/1443/856 1333/1444/856 1332/1443/856
f 2837/743/857 871/741/857 870/743/857
f 2553/523/858 587/527/858 586/523/858
f 3698/1755/859 1732/1751/859 1731/1755/859
f 3286/1436/860 1320/1432/860 1319/1436/860
f 3334/1424/861 1368/1442/861 1367/1424/861
f 2417/532/862 451/533/862 450/532/862
f 3610/1767/863 1644/1769/863 1643/1767/863
f 3382/1447/864 1416/1437/864 1415/1447/864
f 3283/1450/865 1317/1445/865 1316/1450/865
f 2829/758/64 863/756/64 862/758/64
f 2449/540/866 483/543/866 482/540/866
f 2861/757/76 895/759/76 894/757/76
f 2425/554/867 459/559/867 458/554/867
f 3666/1774/868 1700/1775/868 1699/1774/868
f 3278/1464/869 1312/1461/869 1311/1464/869
f 2457/561/870 491/563/870 490/561/870
f 3682/1777/871 1716/1776/871 1715/1777/871
f 3363/1449/872 1397/1459/872 1396/1449/872
f 2813/774/873 847/777/873 846/774/873
f 3674/1789/874 1708/1787/874 1707/1789/874
f 1412/1460/875 3380/1455/875 1413/1455/875
f 2441/565/876 475/560/876 474/565/876
f 2805/779/877 839/776/877 838/779/877
f 3371/1480/878 1405/1481/878 1404/1480/878
f 3366/1466/879 1400/1470/879 1399/1466/879
f 2705/577/880 739/576/880 738/577/880
f 3810/1807/881 1844/1814/881 1843/1807/881
f 3254/1465/882 1288/1471/882 1287/1465/882
f 3275/1484/883 1309/1474/883 1308/1484/883
f 2585/578/884 619/579/884 618/578/884
f 3842/1817/885 1876/1815/885 1875/1817/885
f 3339/1477/886 1373/1489/886 1372/1477/886
f 2821/794/64 855/788/64 854/794/64
f 3374/1483/887 1408/77/887 1407/1483/887
f 2869/791/76 903/795/76 902/791/76
f 3890/1825/888 1924/1824/888 1923/1825/888
f 2877/805/889 911/806/889 910/805/889
f 3270/1497/890 1304/1494/890 1303/1497/890
f 3259/1491/891 1293/1495/891 1292/1491/891
f 2433/584/892 467/594/892 466/584/892
f 1915/1836/893 3883/1835/893 1916/1835/893
f 3358/1499/894 1392/1493/894 1391/1499/894
f 2797/809/895 831/804/895 830/809/895
f 2697/601/896 731/598/896 730/601/896
f 3267/1505/897 1301/1502/897 1300/1505/897
f 2593/607/898 627/609/898 626/607/898
f 3898/1839/899 1932/1842/899 1931/1839/899
f 3262/1501/900 1296/1504/900 1295/1501/900
f 3355/1513/901 1389/1511/901 1388/1513/901
f 2789/816/902 823/817/902 822/816/902
f 2577/616/903 611/613/903 610/616/903
f 2749/828/904 783/830/904 782/828/904
f 2689/625/905 723/622/905 722/625/905
f 3930/1851/906 1964/1813/906 1963/1851/906
f 3342/1503/907 1376/1510/907 1375/1503/907
f 3347/1518/908 1381/1520/908 1380/1518/908
f 2741/833/909 775/831/909 774/833/909
f 3818/1847/910 1852/1854/910 1851/1847/910
f 3350/1523/911 1384/1521/911 1383/1523/911
f 3787/1532/912 1821/1531/912 1820/1532/912
f 3922/1868/913 1956/1867/913 1955/1868/913
f 1823/1529/914 3791/1528/914 1824/1528/914
f 2757/844/915 791/846/915 790/844/915
f 3906/1869/916 1940/1872/916 1939/1869/916
f 3782/1537/917 1816/1536/917 1815/1537/917
f 1804/1538/918 3772/1539/918 1805/1539/918
f 2569/640/919 603/636/919 602/640/919
f 3914/1878/9 1948/1877/9 1947/1878/9
f 2733/849/920 767/847/920 766/849/920
f 2601/635/921 635/641/921 634/635/921
f 3774/1541/922 1808/1542/922 1807/1541/922
f 3779/1546/923 1813/1547/923 1812/1546/923
f 1883/1886/924 3851/1890/924 1884/1890/924
f 3526/1550/925 1560/1549/925 1559/1550/925
f 3531/1554/926 1565/1555/926 1564/1554/926
f 2765/859/927 799/861/927 798/859/927
f 3534/1557/928 1568/1558/928 1567/1557/928
f 3539/1562/929 1573/1563/929 1572/1562/929
f 2561/637/930 595/644/930 594/637/930
f 3826/1897/931 1860/1899/931 1859/1897/931
f 1575/1565/932 3543/1566/932 1576/1566/932
f 1580/1570/933 3548/1571/933 1581/1571/933
f 2725/866/934 759/864/934 758/866/934
f 1867/1904/935 3835/1896/935 1868/1896/935
f 2673/653/936 707/656/936 706/653/936
f 3874/1906/937 1908/1902/937 1907/1906/937
f 3558/1578/938 1592/1577/938 1591/1578/938
f 3555/1583/939 1589/1581/939 1588/1583/939
f 2773/875/940 807/876/940 806/875/940
f 2665/663/941 699/660/941 698/663/941
f 3550/1579/942 1584/1582/942 1583/1579/942
f 3563/1572/943 1597/1587/943 1596/1572/943
f 3566/1589/944 1600/1590/944 1599/1589/944
f 2717/883/945 751/881/945 750/883/945
f 1891/1916/946 3859/1918/946 1892/1918/946
f 3766/1597/947 1800/1595/947 1799/1597/947
f 2681/27/948 715/675/948 714/27/948
f 3571/1596/949 1605/1598/949 1604/1596/949
f 814/889/950 2782/891/950 815/891/950
f 3866/1925/8 1900/1926/8 1899/1925/8
f 3574/1601/951 1608/1602/951 1607/1601/951
f 3763/1604/952 1797/1603/952 1796/1604/952
f 2782/891/953 742/38/953 815/891/953
f 2609/674/954 643/678/954 642/674/954
f 2043/3/955 77/1/955 76/3/955
f 2657/682/956 691/680/956 690/682/956
f 2051/10/957 85/11/957 84/10/957
f 3582/1610/958 1616/1611/958 1615/1610/958
f 3579/1607/959 1613/1608/959 1612/1607/959
f 2641/697/960 675/698/960 674/697/960
f 2059/18/961 93/19/961 92/18/961
f 1791/1621/962 3759/1620/962 1792/1620/962
f 2709/38/963 743/894/963 742/38/963
f 2649/702/964 683/699/964 682/702/964
f 2067/26/965 101/27/965 100/26/965
f 2925/906/966 959/908/966 958/906/966
f 2075/34/967 109/35/967 108/34/967
f 2949/911/968 983/909/968 982/911/968
f 2617/710/969 651/711/969 650/710/969
f 1971/41/970 5/42/970 4/41/970
f 1620/1616/318 3588/1619/318 1621/1619/318
f 2941/924/9 975/923/9 974/924/9
f 2633/712/971 667/688/971 666/712/971
f 2035/55/972 69/54/972 68/55/972
f 3755/1624/973 1789/1623/973 1788/1624/973
f 2933/932/9 967/931/9 966/932/9
f 2625/722/974 659/720/974 658/722/974
f 1979/64/975 13/61/975 12/64/975
f 1783/1632/976 3751/1631/976 1784/1631/976
f 3747/1637/977 1781/1635/977 1780/1637/977
f 2849/732/978 883/734/978 882/732/978
f 2027/69/979 61/67/979 60/69/979
f 3590/1629/980 1624/1633/980 1623/1629/980
f 2885/934/981 919/935/981 918/934/981
f 3742/1643/982 1776/1641/982 1775/1643/982
f 3739/1646/983 1773/1644/983 1772/1646/983
f 2841/735/984 875/733/984 874/735/984
f 3734/1651/335 1768/1650/335 1767/1651/335
f 2893/942/985 927/943/985 926/942/985
f 1987/74/986 21/76/986 20/74/986
f 3726/1659/987 1760/1658/987 1759/1659/987
f 3731/1654/988 1765/1653/988 1764/1654/988
f 2857/748/989 891/750/989 890/748/989
f 2019/84/990 53/83/990 52/84/990
f 2909/953/991 943/954/991 942/953/991
f 2833/751/992 867/749/992 866/751/992
f 3638/1669/993 1672/1672/993 1671/1669/993
f 3723/1664/994 1757/1661/994 1756/1664/994
f 2901/960/8 935/961/8 934/960/8
f 1995/91/995 29/93/995 28/91/995
f 3630/1677/996 1664/1675/996 1663/1677/996
f 3635/1663/997 1669/1665/997 1668/1663/997
f 2809/768/998 843/766/998 842/768/998
f 2011/99/999 45/97/999 44/99/999
f 3718/1690/1000 1752/1686/1000 1751/1690/1000
f 2917/966/1001 951/967/1001 950/966/1001
f 3627/1683/1002 1661/1681/1002 1660/1683/1002
f 2825/770/64 859/764/64 858/770/64
f 2003/110/1003 37/111/1003 36/110/1003
f 3643/1682/1004 1677/1684/1004 1676/1682/1004
f 2865/765/76 899/771/76 898/765/76
f 3646/1691/1005 1680/1695/1005 1679/1691/1005
f 3622/1698/1006 1656/1693/1006 1655/1698/1006
f 3077/968/1007 1111/972/1007 1110/968/1007
f 850/785/1008 2818/787/1008 851/787/1008
f 2083/116/1009 117/118/1009 116/116/1009
f 2171/123/1010 205/121/1010 204/123/1010
f 2801/793/1011 835/789/1011 834/793/1011
f 3710/1715/1012 1744/1713/1012 1743/1715/1012
f 3053/985/1013 1087/989/1013 1086/985/1013
f 3654/1714/1014 1688/1716/1014 1687/1714/1014
f 3093/995/1015 1127/991/1015 1126/995/1015
f 2091/132/1016 125/134/1016 124/132/1016
f 1748/1700/1017 3716/1697/1017 1749/1697/1017
f 3069/997/1018 1103/992/1018 1102/997/1018
f 2163/139/1019 197/137/1019 196/139/1019
f 3595/1685/1020 1629/1701/1020 1628/1685/1020
f 2873/800/1021 907/801/1021 906/800/1021
f 3598/1721/1022 1632/1727/1022 1631/1721/1022
f 2785/812/1023 819/813/1023 818/812/1023
f 3686/1732/1024 1720/1736/1024 1719/1732/1024
f 3085/998/1025 1119/1002/1025 1118/998/1025
f 2793/820/1026 827/821/1026 826/820/1026
f 2099/149/1027 133/151/1027 132/149/1027
f 3702/1740/1028 1736/1735/1028 1735/1740/1028
f 3651/1705/1029 1685/1708/1029 1684/1705/1029
f 2155/154/1030 189/152/1030 188/154/1030
f 3694/1752/1031 1728/1754/1031 1727/1752/1031
f 3619/1712/98 1653/1707/98 1652/1712/98
f 3061/1015/1032 1095/1016/1032 1094/1015/1032
f 2745/826/1033 779/824/1033 778/826/1033
f 164/162/1034 2132/164/1034 165/164/1034
f 3707/1722/1035 1741/1720/1035 1740/1722/1035
f 2753/836/1036 787/838/1036 786/836/1036
f 3021/1019/724 1055/1020/724 1054/1019/724
f 3606/1761/1037 1640/1763/1037 1639/1761/1037
f 2997/1028/1038 1031/1026/1038 1030/1028/1038
f 2737/841/1039 771/839/1039 770/841/1039
f 3614/1766/1040 1648/1758/1040 1647/1766/1040
f 2147/182/1041 181/180/1041 180/182/1041
f 3662/1762/1042 1696/1768/1042 1695/1762/1042
f 3659/1729/1043 1693/1739/1043 1692/1729/1043
f 3013/1035/1044 1047/97/1044 1046/1035/1044
f 2761/852/1045 795/853/1045 794/852/1045
f 3678/1783/1046 1712/1781/1046 1711/1783/1046
f 3691/1745/1047 1725/1749/1047 1724/1745/1047
f 3005/1037/1048 1039/1039/1048 1038/1037/1048
f 2123/183/1049 157/179/1049 156/183/1049
f 3699/1751/1050 1733/1748/1050 1732/1751/1050
f 2729/858/1051 763/856/1051 762/858/1051
f 2107/177/1052 141/184/1052 140/177/1052
f 2989/1051/1053 1023/1050/1053 1022/1051/1053
f 802/867/1054 2770/869/1054 803/869/1054
f 1703/1785/1055 3671/1788/1055 1704/1788/1055
f 3603/1753/1056 1637/1759/1056 1636/1753/1056
f 2139/188/1057 173/192/1057 172/188/1057
f 2721/874/1058 755/872/1058 754/874/1058
f 3611/1769/1059 1645/1770/1059 1644/1769/1059
f 3029/1058/1060 1063/1059/1060 1062/1058/1060
f 2115/206/1061 149/207/1061 148/206/1061
f 212/216/64 2180/212/64 213/212/64
f 2777/882/1062 811/884/1062 810/882/1062
f 1879/1810/76 3847/1811/76 1880/1811/76
f 3683/1776/1063 1717/1733/1063 1716/1776/1063
f 2713/892/1064 747/890/1064 746/892/1064
f 2187/229/1065 221/233/1065 220/229/1065
f 2921/897/1066 955/900/1066 954/897/1066
f 2243/234/1067 277/231/1067 276/234/1067
f 3894/1820/1068 1928/1821/1068 1927/1820/1068
f 3667/1775/1069 1701/1778/1069 1700/1775/1069
f 3045/1075/1070 1079/1074/1070 1078/1075/1070
f 2953/903/1071 987/901/1071 986/903/1071
f 2219/235/1072 253/230/1072 252/235/1072
f 3675/1787/1073 1709/1786/1073 1708/1787/1073
f 962/914/1074 2930/916/1074 963/916/1074
f 2945/919/1075 979/917/1075 978/919/1075
f 3886/1831/1076 1920/1830/1076 1919/1831/1076
f 2937/928/9 971/927/9 970/928/9
f 2227/251/1077 261/255/1077 260/251/1077
f 3814/1829/1078 1848/1837/1078 1847/1829/1078
f 3838/1848/1079 1872/1843/1079 1871/1848/1079
f 3803/1793/8 1837/1795/8 1836/1793/8
f 2889/938/1080 923/939/1080 922/938/1080
f 3902/1853/1081 1936/1858/1081 1935/1853/1081
f 3806/1797/64 1836/1793/64 1839/1797/64
f 2195/263/1082 229/267/1082 228/263/1082
f 3926/1860/1083 1960/1857/1083 1959/1860/1083
f 2897/946/8 931/947/8 930/946/8
f 2235/270/1084 269/266/1084 268/270/1084
f 3918/1874/9 1952/1873/9 1951/1874/9
f 2211/282/1085 245/271/1085 244/282/1085
f 3910/1882/9 1944/1881/9 1943/1882/9
f 1070/1069/9 3038/1081/9 1071/1081/9
f 2913/957/1086 947/958/1086 946/957/1086
f 3878/1885/1087 1912/1856/1087 1911/1885/1087
f 3795/38/8 1829/1799/8 1828/38/8
f 2957/1070/1088 991/1082/1088 990/1070/1088
f 2905/963/8 939/950/8 938/963/8
f 3798/1800/64 1828/38/64 1831/1800/64
f 3097/979/1089 1131/976/1089 1130/979/1089
f 2203/285/1090 237/287/1090 236/285/1090
f 3822/1889/1091 1856/1891/1091 1855/1889/1091
f 1964/1813/64 3932/1812/64 1965/1812/64
f 2965/1091/1092 999/1092/1092 998/1091/1092
f 1106/981/1093 3074/978/1093 1107/978/1093
f 2981/1093/1094 1015/1089/1094 1014/1093/1094
f 2403/293/1095 437/294/1095 436/293/1095
f 2973/1106/1096 1007/1105/1096 1006/1106/1096
f 3081/984/1097 1115/986/1097 1114/984/1097
f 3854/1903/1098 1888/1907/1098 1887/1903/1098
f 3843/1815/1099 1877/1809/1099 1876/1815/1099
f 3811/1814/1100 1845/1816/1100 1844/1814/1100
f 3830/1908/1101 1864/1911/1101 1863/1908/1101
f 3133/1115/1102 1167/1117/1102 1166/1115/1102
f 3057/1000/1103 1091/1004/1103 1090/1000/1103
f 2339/301/1104 373/302/1104 372/301/1104
f 3891/1824/1105 1925/1823/1105 1924/1824/1105
f 3221/1118/1106 1255/1116/1106 1254/1118/1106
f 3089/1011/1107 1123/1006/1107 1122/1011/1107
f 2251/296/8 285/304/8 284/296/8
f 3862/1921/8 1896/1922/8 1895/1921/8
f 3065/1013/1108 1099/1009/1108 1098/1013/1108
f 3870/1929/8 1904/1917/8 1903/1929/8
f 3883/1835/1109 1917/1833/1109 1916/1835/1109
f 2047/6/1110 81/7/1110 80/6/1110
f 3899/1842/1111 1933/1845/1111 1932/1842/1111
f 3141/1130/1112 1175/1132/1112 1174/1130/1112
f 3017/1024/441 1051/1023/441 1050/1024/441
f 2291/309/1113 325/314/1113 324/309/1113
f 2055/14/1114 89/15/1114 88/14/1114
f 3213/1134/1115 1247/1133/1115 1246/1134/1115
f 3001/1032/1116 1035/1033/1116 1034/1032/1116
f 2323/321/1117 357/317/1117 356/321/1117
f 2063/22/1118 97/23/1118 96/22/1118
f 2071/30/1119 105/31/1119 104/30/1119
f 3819/1854/1120 1853/1862/1120 1852/1854/1120
f 1042/1044/9 3010/1043/9 1043/1043/9
f 1975/45/1121 9/46/1121 8/45/1121
f 3923/1867/1122 1957/1865/1122 1956/1867/1122
f 3205/1148/1123 1239/1146/1123 1238/1148/1123
f 2283/334/1124 317/329/1124 316/334/1124
f 2039/51/1125 73/52/1125 72/51/1125
f 3915/1877/9 1949/1876/9 1948/1877/9
f 3149/1147/1126 1183/1149/1126 1182/1147/1126
f 2993/1047/1127 1027/1046/1127 1026/1047/1127
f 292/333/1128 2260/336/1128 293/336/1128
f 2031/59/1129 65/58/1129 64/59/1129
f 3907/1872/9 1941/1884/9 1940/1872/9
f 3197/1169/1130 1231/1165/1130 1230/1169/1130
f 3025/1053/409 1059/1054/409 1058/1053/409
f 3181/1166/1131 1215/1170/1131 1214/1166/1131
f 3033/1064/1132 1067/1065/1132 1066/1064/1132
f 1983/66/1133 17/68/1133 16/66/1133
f 3851/1890/1134 1885/1895/1134 1884/1890/1134
f 2985/80/992 1019/1063/992 1018/80/992
f 2315/349/1135 349/346/1135 348/349/1135
f 2023/77/1136 57/75/1136 56/77/1136
f 1868/1896/1137 3836/1888/1137 1869/1888/1137
f 2299/345/1138 333/350/1138 332/345/1138
f 3157/1173/1139 1191/1179/1139 1190/1173/1139
f 3827/1899/1140 1861/1901/1140 1860/1899/1140
f 3041/1078/1141 1075/1077/1141 1074/1078/1141
f 3875/1902/1142 1909/1898/1142 1908/1902/1142
f 3173/1183/1143 1207/1177/1143 1206/1183/1143
f 2267/359/1144 301/362/1144 300/359/1144
f 1991/82/1145 25/85/1145 24/82/1145
f 2961/1086/1146 995/1087/1146 994/1086/1146
f 2307/371/1147 341/367/1147 340/371/1147
f 2015/92/1148 49/90/1148 48/92/1148
f 3859/1918/8 1893/1919/8 1892/1918/8
f 3189/1188/1149 1223/1189/1149 1222/1188/1149
f 2969/1097/8 1003/1098/8 1002/1097/8
f 2347/385/1150 381/386/1150 380/385/1150
f 3867/1926/8 1901/1927/8 1900/1926/8
f 2977/1102/1151 1011/1101/1151 1010/1102/1151
f 2044/1/1152 78/4/1152 77/1/1152
f 3165/1202/1153 1199/1201/1153 1198/1202/1153
f 3129/1110/1154 1163/1108/1154 1162/1110/1154
f 2275/389/1155 309/390/1155 308/389/1155
f 2052/11/1156 86/12/1156 85/11/1156
f 3125/1208/1157 1159/1206/1157 1158/1208/1157
f 2007/104/1158 41/103/1158 40/104/1158
f 2060/19/1159 94/20/1159 93/19/1159
f 2355/399/377 389/400/377 388/399/377
f 101/27/1160 2069/28/1160 102/28/1160
f 3137/1123/1161 1171/1125/1161 1170/1123/1161
f 1999/101/1162 33/106/1162 32/101/1162
f 2076/35/1163 110/36/1163 109/35/1163
f 3109/1215/1164 1143/1217/1164 1142/1215/1164
f 3217/1126/1165 1251/1124/1165 1250/1126/1165
f 2363/402/1166 397/396/1166 396/402/1166
f 1972/42/228 6/43/228 5/42/228
f 3117/1224/1167 1151/1222/1167 1150/1224/1167
f 2395/415/1168 429/412/1168 428/415/1168
f 2079/38/1169 113/113/1169 112/38/1169
f 2036/54/211 70/49/211 69/54/211
f 2176/37/1170 112/38/1170 209/37/1170
f 1980/61/1171 14/48/1171 13/61/1171
f 3145/1138/1172 1179/1140/1172 1178/1138/1172
f 2175/115/1173 209/37/1173 208/115/1173
f 2028/67/1174 62/65/1174 61/67/1174
f 3209/1141/1175 1243/1139/1175 1242/1141/1175
f 2371/416/1176 405/418/1176 404/416/1176
f 3405/1233/1177 1439/1236/1177 1438/1233/1177
f 2387/428/1178 421/427/1178 420/428/1178
f 3517/1243/1179 1551/1241/1179 1550/1243/1179
f 2379/438/1180 413/437/1180 412/438/1180
f 2087/124/1181 121/126/1181 120/124/1181
f 1988/76/1182 22/78/1182 21/76/1182
f 3501/1250/1183 1535/1248/1183 1534/1250/1183
f 3201/1156/1184 1235/1154/1184 1234/1156/1184
f 2167/131/1185 201/129/1185 200/131/1185
f 2020/83/1186 54/81/1186 53/83/1186
f 3153/1155/1187 1187/1157/1187 1186/1155/1187
f 2507/445/1188 541/443/1188 540/445/1188
f 3509/1264/1189 1543/1265/1189 1542/1264/1189
f 1210/1160/1190 3178/1161/1190 1211/1161/1190
f 2515/450/1191 549/453/1191 548/450/1191
f 2095/140/1192 129/142/1192 128/140/1192
f 2159/147/1193 193/145/1193 192/147/1193
f 1996/93/1194 30/96/1194 29/93/1194
f 3237/1266/1195 1271/1260/1195 1270/1266/1195
f 2499/459/1196 533/458/1196 532/459/1196
f 2012/97/1197 46/95/1197 45/97/1197
f 3413/1257/1198 1447/1269/1198 1446/1257/1198
f 3185/1176/1199 1219/1180/1199 1218/1176/1199
f 2004/111/1200 38/107/1200 37/111/1200
f 3193/1181/1201 1227/1178/1201 1226/1181/1201
f 2491/470/1202 525/98/1202 524/470/1202
f 2103/157/1203 137/163/1203 136/157/1203
f 3437/1272/1204 1471/1273/1204 1470/1272/1204
f 2531/481/1205 565/479/1205 564/481/1205
f 2127/167/1206 161/159/1206 160/167/1206
f 2084/118/1207 118/120/1207 117/118/1207
f 3421/1287/1208 1455/1289/1208 1454/1287/1208
f 2172/121/1209 206/119/1209 205/121/1209
f 3169/1195/1023 1203/1194/1023 1202/1195/1023
f 2523/488/1210 557/490/1210 556/488/1210
f 2151/169/1211 185/165/1211 184/169/1211
f 3429/1290/1212 1463/1288/1212 1462/1290/1212
f 3161/1193/1213 1195/1196/1213 1194/1193/1213
f 2135/175/1214 169/178/1214 168/175/1214
f 3493/1308/1215 1527/1307/1215 1526/1308/1215
f 2483/491/1216 517/461/1216 516/491/1216
f 2143/193/1217 177/190/1217 176/193/1217
f 2092/134/1218 126/136/1218 125/134/1218
f 3461/1325/1219 1495/1322/1219 1494/1325/1219
f 2164/137/1220 198/135/1220 197/137/1220
f 3105/1207/1221 1139/1209/1221 1138/1207/1221
f 2475/499/1219 509/498/1219 508/499/1219
f 3229/1326/1222 1263/1316/1222 1262/1326/1222
f 3121/1216/1223 1155/1214/1223 1154/1216/1223
f 2119/200/1224 153/198/1224 152/200/1224
f 2539/504/1225 573/505/1225 572/504/1225
f 2111/199/1226 145/201/1226 144/199/1226
f 2156/152/1227 190/150/1227 189/152/1227
f 216/215/64 2184/213/64 217/213/64
f 2100/151/1228 134/153/1228 133/151/1228
f 3445/1333/1229 1479/1335/1229 1478/1333/1229
f 3113/1223/1230 1147/1225/1230 1146/1223/1230
f 2547/514/1231 581/515/1231 580/514/1231
f 2132/164/1232 166/168/1232 165/164/1232
f 3453/1342/1233 1487/1340/1233 1486/1342/1233
f 3245/1320/1234 1279/1346/1234 1278/1320/1234
f 3401/1229/1235 1435/1230/1235 1434/1229/1235
f 2467/522/1236 501/520/1236 500/522/1236
f 2124/179/1237 158/174/1237 157/179/1237
f 3524/37/1238 1434/1229/1238 1557/37/1238
f 2407/228/64 441/227/64 440/228/64
f 2148/180/1239 182/176/1239 181/180/1239
f 3485/1357/1240 1519/1350/1240 1518/1357/1240
f 3521/1235/1241 1555/1234/1241 1554/1235/1241
f 2411/38/1242 445/526/1242 444/38/1242
f 3301/1359/9 1335/1360/9 1334/1359/9
f 2223/232/1243 257/236/1243 256/232/1243
f 3400/1361/1244 1334/1359/1244 1433/1361/1244
f 1442/1242/1245 3410/1244/1245 1443/1244/1245
f 2335/225/8 369/245/8 368/225/8
f 3397/1366/1246 1431/1364/1246 1430/1366/1246
f 3505/1255/1247 1539/1256/1247 1538/1255/1247
f 3513/1263/1248 1547/1253/1248 1546/1263/1248
f 2108/184/1249 142/191/1249 141/184/1249
f 3389/1381/1250 1423/1380/1250 1422/1381/1250
f 2191/249/1251 225/253/1251 224/249/1251
f 2140/192/1252 174/195/1252 173/192/1252
f 2239/254/1253 273/250/1253 272/254/1253
f 2116/207/1254 150/205/1254 149/207/1254
f 3433/1281/1255 1467/1278/1255 1466/1281/1255
f 452/535/1256 2420/536/1256 453/536/1256
f 2215/257/1257 249/252/1257 248/257/1257
f 2332/209/76 366/208/76 365/209/76
f 3469/1379/1258 1503/1386/1258 1502/1379/1258
f 3417/1280/1259 1451/1282/1259 1450/1280/1259
f 443/37/9 2332/209/9 365/209/9
f 1342/1385/1260 3310/1387/1260 1343/1387/1260
f 3425/1295/1261 1459/1296/1261 1458/1295/1261
f 2231/268/1262 265/272/1262 264/268/1262
f 2180/212/8 214/214/8 213/212/8
f 3325/1399/1263 1359/1400/1263 1358/1399/1263
f 484/545/1264 2452/547/1264 485/547/1264
f 2220/230/1265 254/222/1265 253/230/1265
f 3233/1298/1266 1267/1297/1266 1266/1298/1266
f 2199/278/1267 233/281/1267 232/278/1267
f 2244/231/1268 278/224/1268 277/231/1268
f 1350/1409/1269 3318/1408/1269 1351/1408/1269
f 3497/1302/1270 1531/1300/1270 1530/1302/1270
f 2207/290/1271 241/291/1271 240/290/1271
f 3241/1301/1272 1275/1305/1272 1274/1301/1272
f 2327/306/8 361/299/8 360/306/8
f 2188/233/1273 222/237/1273 221/233/1273
f 3477/1422/1274 1511/1414/1274 1510/1422/1274
f 3489/1314/1275 1523/1313/1275 1522/1314/1275
f 2443/556/1276 477/552/1276 476/556/1276
f 2287/315/1277 321/312/1277 320/315/1277
f 3333/1421/1278 1367/1424/1278 1366/1421/1278
f 261/255/1279 2229/259/1279 262/259/1279
f 3441/1324/1280 1475/1327/1280 1474/1324/1280
f 2255/318/1281 289/322/1281 288/318/1281
f 2236/266/1282 270/262/1282 269/266/1282
f 3293/1433/1283 1327/1434/1283 1326/1433/1283
f 3457/1334/1284 1491/1332/1284 1490/1334/1284
f 2555/538/1285 589/564/1285 588/538/1285
f 2427/562/1286 461/568/1286 460/562/1286
f 2196/267/1287 230/269/1287 229/267/1287
f 3285/1440/1288 1319/1436/1288 1318/1440/1288
f 2212/271/1289 246/265/1289 245/271/1289
f 3449/1341/1290 1483/1343/1290 1482/1341/1290
f 2459/567/1291 493/566/1291 492/567/1291
f 328/327/1292 2296/332/1292 329/332/1292
f 2319/335/1293 353/331/1293 352/335/1293
f 2204/287/1294 238/288/1294 237/287/1294
f 3381/1452/1295 1415/1447/1295 1414/1452/1295
f 3249/1353/1296 1283/1354/1296 1282/1353/1296
f 437/294/1297 2405/248/1297 438/248/1297
f 3465/1351/1298 1499/1356/1298 1498/1351/1298
f 2708/37/1299 444/38/1299 741/37/1299
f 2263/348/1300 297/351/1300 296/348/1300
f 2707/574/1301 741/37/1301 740/574/1301
f 2279/352/1302 313/347/1302 312/352/1302
f 2587/586/1303 621/588/1303 620/586/1303
f 2311/360/1304 345/357/1304 344/360/1304
f 3253/1448/1305 1287/1465/1305 1286/1448/1305
f 2699/595/1306 733/591/1306 732/595/1306
f 2252/304/1307 286/305/1307 285/304/1307
f 3365/1462/1308 1399/1466/1308 1398/1462/1308
f 3305/1368/1309 1339/1373/1309 1338/1368/1309
f 2340/302/76 374/308/76 373/302/76
f 3277/1469/1310 1311/1464/1310 1310/1469/1310
f 3393/1374/1311 1427/1371/1311 1426/1374/1311
f 2435/602/1312 469/604/1312 468/602/1312
f 2271/369/1313 305/375/1313 304/369/1313
f 3481/1388/1314 1515/1383/1314 1514/1388/1314
f 2579/610/1315 613/606/1315 612/610/1315
f 2343/374/1316 377/377/1316 376/374/1316
f 3373/1482/1317 1407/1483/1317 1406/1482/1317
f 2399/380/1318 433/373/1318 432/380/1318
f 2324/317/1319 358/310/1319 357/317/1319
f 2303/383/1320 337/384/1320 336/383/1320
f 2292/314/1321 326/319/1321 325/314/1321
f 3313/1394/390 1347/1397/390 1346/1394/390
f 2595/612/1322 629/615/1322 628/612/1322
f 2284/329/1323 318/325/1323 317/329/1323
f 2691/621/1324 725/617/1324 724/621/1324
f 2351/392/1325 385/393/1325 384/392/1325
f 3269/1500/1326 1303/1497/1326 1302/1500/1326
f 3321/1404/1327 1355/1403/1327 1354/1404/1327
f 2571/633/1328 605/631/1328 604/633/1328
f 3261/1498/1329 1295/1501/1329 1294/1498/1329
f 2359/404/1330 393/406/1330 392/404/1330
f 2260/336/1331 294/340/1331 293/336/1331
f 3341/1496/1332 1375/1503/1332 1374/1496/1332
f 3473/1396/1333 1507/1413/1333 1506/1396/1333
f 2316/346/1334 350/343/1334 349/346/1334
f 3357/1509/1335 1391/1499/1335 1390/1509/1335
f 636/645/1336 2604/650/1336 637/650/1336
f 1362/1410/1337 3330/1415/1337 1363/1415/1337
f 2563/654/1338 597/651/1338 596/654/1338
f 2367/409/1339 401/411/1339 400/409/1339
f 3349/1522/1340 1383/1523/1340 1382/1522/1340
f 3385/1423/1341 1419/1420/1341 1418/1423/1341
f 2667/658/1342 701/655/1342 700/658/1342
f 2391/422/1343 425/420/1343 424/422/1343
f 3789/1530/1344 1823/1529/1344 1822/1530/1344
f 2675/659/1345 709/662/1345 708/659/1345
f 2300/350/1346 334/358/1346 333/350/1346
f 3773/1540/1347 1807/1541/1347 1806/1540/1347
f 3289/1426/1348 1323/1427/1348 1322/1426/1348
f 2683/677/8 717/639/8 716/677/8
f 3781/1548/1349 1815/1537/1349 1814/1548/1349
f 2659/679/1350 693/676/1350 692/679/1350
f 2375/426/1351 409/429/1351 408/426/1351
f 2268/362/1352 302/364/1352 301/362/1352
f 3297/1439/1353 1331/1441/1353 1330/1439/1353
f 2383/434/1354 417/432/1354 416/434/1354
f 2308/367/1355 342/365/1355 341/367/1355
f 3525/38/1356 1559/1550/1356 1558/38/1356
f 2511/440/1357 545/444/1357 544/440/1357
f 3281/1454/1358 1315/1451/1358 1314/1454/1358
f 2348/386/1359 382/387/1359 381/386/1359
f 3337/1457/1360 1371/1467/1360 1370/1457/1360
f 2611/681/1361 645/684/1361 644/681/1361
f 2503/452/1362 537/451/1362 536/452/1362
f 2276/390/1363 310/370/1363 309/390/1363
f 3377/1468/1364 1411/1463/1364 1410/1468/1364
f 2635/689/1365 669/687/1365 668/689/1365
f 3361/1475/1366 1395/1458/1366 1394/1475/1366
f 2651/696/1367 685/693/1367 684/696/1367
f 2519/103/1368 553/463/1368 552/103/1368
f 2364/396/1369 398/397/1369 397/396/1369
f 2643/700/619 677/703/619 676/700/619
f 520/464/1370 2488/465/1370 521/465/1370
f 3369/1478/1371 1403/1479/1371 1402/1478/1371
f 2535/476/76 569/474/76 568/476/76
f 2356/400/1372 390/401/1372 389/400/1372
f 3533/1556/1373 1567/1557/1373 1566/1556/1373
f 2495/480/1374 529/482/1374 528/480/1374
f 2396/412/1375 430/410/1375 429/412/1375
f 3257/1485/1376 1291/1488/1376 1290/1485/1376
f 2527/486/1377 561/485/1377 560/486/1377
f 2619/715/1378 653/719/1378 652/715/1378
f 3273/1490/1379 1307/1486/1379 1306/1490/1379
f 2627/7/1380 661/718/1380 660/7/1380
f 2479/495/1381 513/494/1381 512/495/1381
f 2372/418/1382 406/421/1382 405/418/1382
f 2388/427/1383 422/425/1383 421/427/1383
f 2843/731/1384 877/729/1384 876/731/1384
f 2471/510/1385 505/506/1385 504/510/1385
f 2380/437/1386 414/436/1386 413/437/1386
f 3265/1508/1387 1299/1507/1387 1298/1508/1387
f 2851/736/1388 885/738/1388 884/736/1388
f 2543/511/1389 577/512/1389 576/511/1389
f 2508/443/1390 542/441/1390 541/443/1390
f 3541/1564/1391 1575/1565/1391 1574/1564/1391
f 3345/1514/1392 1379/1516/1392 1378/1514/1392
f 2835/747/1393 869/745/1393 868/747/1393
f 2551/518/1394 585/521/1394 584/518/1394
f 2516/453/1395 550/455/1395 549/453/1395
f 3353/1517/1396 1387/1515/1396 1386/1517/1396
f 2415/530/1397 449/531/1397 448/530/1397
f 1802/1525/1398 3770/1524/1398 1803/1524/1398
f 2859/752/76 893/755/76 892/752/76
f 2500/458/1399 534/456/1399 533/458/1399
f 3794/37/1400 1802/1525/1400 1827/37/1400
f 2463/534/1401 497/529/1401 496/534/1401
f 3793/1526/1402 1827/37/1402 1826/1526/1402
f 2827/762/64 861/760/64 860/762/64
f 3785/1534/1403 1819/1533/1403 1818/1534/1403
f 2484/461/1404 518/462/1404 517/461/1404
f 2811/769/1405 845/772/1405 844/769/1405
f 2447/541/1406 481/542/1406 480/541/1406
f 3777/1544/1407 1811/1545/1407 1810/1544/1407
f 900/778/76 2868/784/76 901/784/76
f 3549/1575/1408 1583/1579/1408 1582/1575/1408
f 3529/1552/1409 1563/1553/1409 1562/1552/1409
f 2423/549/1410 457/551/1410 456/549/1410
f 3537/1560/1411 1571/1561/1411 1570/1560/1411
f 2803/786/1412 837/783/1412 836/786/1412
f 2455/555/1413 489/557/1413 488/555/1413
f 3545/1568/1414 1579/1569/1414 1578/1568/1414
f 3557/1580/1415 1591/1578/1415 1590/1580/1415
f 2819/790/1416 853/792/1416 852/790/1416
f 2439/572/1417 473/569/1417 472/572/1417
f 3561/1573/1418 1595/1574/1418 1594/1573/1418
f 2875/802/1419 909/803/1419 908/802/1419
f 2492/98/1420 526/473/1420 525/98/1420
f 2787/814/1421 821/815/1421 820/814/1421
f 3553/1586/1422 1587/1585/1422 1586/1586/1422
f 2795/77/1423 829/822/1423 828/77/1423
f 3565/1588/1424 1599/1589/1424 1598/1588/1424
f 2747/825/1425 781/823/1425 780/825/1425
f 2532/479/1426 566/478/1426 565/479/1426
f 3768/1593/1427 1558/38/1427 1801/1593/1427
f 2048/7/1428 82/8/1428 81/7/1428
f 2431/573/1429 465/580/1429 464/573/1429
f 2056/15/1430 90/16/1430 89/15/1430
f 2703/582/1431 737/581/1431 736/582/1431
f 3765/1600/1432 1799/1597/1432 1798/1600/1432
f 2064/23/1433 98/24/1433 97/23/1433
f 3569/1592/1434 1603/1594/1434 1602/1592/1434
f 2583/592/1435 617/589/1435 616/592/1435
f 3573/1599/1436 1607/1601/1436 1606/1599/1436
f 2072/31/1259 106/32/1259 105/31/1259
f 2591/597/1437 625/600/1437 624/597/1437
f 2078/37/1438 1/38/1438 111/37/1438
f 3577/1605/1439 1611/1606/1439 1610/1605/1439
f 2695/608/1440 729/605/1440 728/608/1440
f 2524/490/1441 558/489/1441 557/490/1441
f 3581/1609/1442 1615/1610/1442 1614/1609/1442
f 3757/1622/1443 1791/1621/1443 1790/1622/1443
f 1968/38/1444 2/39/1444 1/38/1444
f 3585/1613/1445 1619/1614/1445 1618/1613/1445
f 3761/1617/1446 1795/1615/1446 1794/1617/1446
f 2476/498/1447 510/497/1447 509/498/1447
f 3753/1628/1448 1787/1627/1448 1786/1628/1448
f 2575/624/1449 609/620/1449 608/624/1449
f 2540/505/1450 574/507/1450 573/505/1450
f 3745/1639/1451 1779/1638/1451 1778/1639/1451
f 2548/515/8 582/509/8 581/515/8
f 3589/1626/1452 1623/1629/1452 1622/1626/1452
f 1782/1634/1453 3750/1632/1453 1783/1632/1453
f 2468/520/1454 502/519/1454 501/520/1454
f 2559/618/1455 593/629/1455 592/618/1455
f 3741/1642/1456 1775/1643/1456 1774/1642/1456
f 3737/1648/1457 1771/1647/1457 1770/1648/1457
f 2412/526/1458 446/525/1458 445/526/1458
f 3733/1652/1459 1767/1651/1459 1766/1652/1459
f 1976/46/1460 10/47/1460 9/46/1460
f 2687/630/1461 721/628/1461 720/630/1461
f 453/536/1462 2421/537/1462 454/537/1462
f 3725/1660/1463 1759/1659/1463 1758/1660/1463
f 2599/626/1464 633/50/1464 632/626/1464
f 2452/547/1465 486/550/1465 485/547/1465
f 3637/1667/1466 1671/1669/1466 1670/1667/1466
f 2444/552/1467 478/548/1467 477/552/1467
f 3629/1679/1468 1663/1677/1468 1662/1679/1468
f 2567/643/1469 601/642/1469 600/643/1469
f 2671/638/1470 705/648/1470 704/638/1470
f 3645/1688/1471 1679/1691/1471 1678/1688/1471
f 2040/52/1472 74/53/1472 73/52/1472
f 2460/566/1473 494/558/1473 493/566/1473
f 3717/1694/1474 1751/1690/1474 1750/1694/1474
f 3729/1656/1475 1763/1655/1475 1762/1656/1475
f 461/568/1476 2429/570/1476 462/570/1476
f 3621/1702/1477 1655/1698/1477 1654/1702/1477
f 2032/58/1478 66/57/1478 65/58/1478
f 2663/668/1479 697/666/1479 696/668/1479
f 2556/564/1480 590/575/1480 589/564/1480
f 2588/588/1481 622/590/1481 621/588/1481
f 2607/665/1482 641/670/1482 640/665/1482
f 2700/591/1483 734/585/1483 733/591/1483
f 1984/68/1484 18/70/1484 17/68/1484
f 2679/669/1485 713/672/1485 712/669/1485
f 2024/75/1486 58/73/1486 57/75/1486
f 2655/685/1487 689/683/1487 688/685/1487
f 2436/604/1488 470/587/1488 469/604/1488
f 1686/1710/1489 3654/1714/1489 1687/1714/1489
f 1626/1640/1490 3594/1662/1490 1627/1662/1490
f 2639/694/1491 673/695/1491 672/694/1491
f 2580/606/1492 614/599/1492 613/606/1492
f 3721/1670/1493 1755/1666/1493 1754/1670/1493
f 2647/707/1494 681/705/1494 680/707/1494
f 3709/1718/284 1743/1715/284 1742/1718/284
f 25/85/1495 1993/87/1495 26/87/1495
f 3633/1671/1496 1667/1668/1496 1666/1671/1496
f 3597/1711/1497 1631/1721/1497 1630/1711/1497
f 2016/90/1498 50/88/1498 49/90/1498
f 2615/708/1499 649/709/1499 648/708/1499
f 3685/1734/1500 1719/1732/1500 1718/1734/1500
f 2008/103/1501 42/102/1501 41/103/1501
f 3641/1676/1502 1675/1678/1502 1674/1676/1502
f 2631/714/1503 665/713/1503 664/714/1503
f 3701/1744/1504 1735/1740/1504 1734/1744/1504
f 3625/1689/1505 1659/1687/1505 1658/1689/1505
f 2623/725/612 657/723/612 656/725/612
f 2847/726/1506 881/730/1506 880/726/1506
f 2000/106/1507 34/108/1507 33/106/1507
f 2080/113/1508 114/112/1508 113/113/1508
f 3649/1699/1509 1683/1703/1509 1682/1699/1509
f 2839/739/1510 873/737/1510 872/739/1510
f 3693/1750/1511 1727/1752/1511 1726/1750/1511
f 3713/1706/1017 1747/1704/1017 1746/1706/1017
f 2692/617/1512 726/614/1512 725/617/1512
f 2855/744/1513 889/746/1513 888/744/1513
f 2596/615/1514 630/619/1514 629/615/1514
f 2088/126/1515 122/128/1515 121/126/1515
f 3617/1724/1516 1651/1717/1516 1650/1724/1516
f 2572/631/1517 606/67/1517 605/631/1517
f 2168/129/1518 202/127/1518 201/129/1518
f 2831/754/64 865/753/64 864/754/64
f 717/639/109 2685/634/109 718/634/109
f 3657/1723/1519 1691/1726/1519 1690/1723/1519
f 3605/1760/1520 1639/1761/1520 1638/1760/1520
f 3705/1728/1521 1739/1725/1521 1738/1728/1521
f 2863/761/76 897/763/76 896/761/76
f 2564/651/1522 598/649/1522 597/651/1522
f 3661/1747/1523 1695/1762/1523 1694/1747/1523
f 2096/142/1524 130/144/1524 129/142/1524
f 3613/1771/1525 1647/1766/1525 1646/1771/1525
f 2160/145/1526 194/143/1526 193/145/1526
f 3689/1741/1527 1723/1743/1527 1722/1741/1527
f 2807/773/1528 841/767/1528 840/773/1528
f 3601/1742/1529 1635/1746/1529 1634/1742/1529
f 2668/655/1530 702/652/1530 701/655/1530
f 2128/159/1531 162/160/1531 161/159/1531
f 1730/1757/1532 3698/1755/1532 1731/1755/1532
f 848/780/1533 2816/781/1533 849/781/1533
f 2604/650/1534 638/657/1534 637/650/1534
f 3677/1784/1535 1711/1783/1535 1710/1784/1535
f 2823/782/64 857/775/64 856/782/64
f 2676/662/1536 710/664/1536 709/662/1536
f 3669/1782/1537 1703/1785/1537 1702/1782/1537
f 3609/1765/1538 1643/1767/1538 1642/1765/1538
f 2660/676/1539 694/673/1539 693/676/1539
f 3933/1796/64 1967/37/64 1966/1796/64
f 2871/797/1540 905/798/1540 904/797/1540
f 2152/165/1541 186/161/1541 185/165/1541
f 3665/1773/1542 1699/1774/1542 1698/1773/1542
f 1838/1798/9 3806/1797/9 1839/1797/9
f 2104/163/1543 138/166/1543 137/163/1543
f 3681/1779/629 1715/1777/629 1714/1779/629
f 2799/799/1544 833/796/1544 832/799/1544
f 2136/178/1545 170/181/1545 169/178/1545
f 1706/1790/1546 3674/1789/1546 1707/1789/1546
f 2612/684/1547 646/686/1547 645/684/1547
f 2144/190/1548 178/187/1548 177/190/1548
f 2636/687/1549 670/691/1549 669/687/1549
f 1830/1801/9 3798/1800/9 1831/1800/9
f 2120/198/1550 154/196/1550 153/198/1550
f 2652/693/1551 686/690/1551 685/693/1551
f 1834/1805/9 3802/1804/9 1835/1804/9
f 2644/703/1552 678/704/1552 677/703/1552
f 2112/201/1553 146/202/1553 145/201/1553
f 2879/807/1554 913/808/1554 912/807/1554
f 2628/718/1555 662/717/1555 661/718/1555
f 3845/1808/8 1879/1810/8 1878/1808/8
f 441/227/9 2409/210/9 442/210/9
f 3809/1806/1556 1843/1807/1556 1842/1806/1556
f 2881/37/1557 816/810/1557 914/37/1557
f 2783/810/1558 817/811/1558 816/810/1558
f 3893/1822/1559 1927/1820/1559 1926/1822/1559
f 2224/236/1560 258/240/1560 257/236/1560
f 3889/1826/1561 1923/1825/1561 1922/1826/1561
f 2620/719/1562 654/721/1562 653/719/1562
f 3841/1827/1563 1875/1817/1563 1874/1827/1563
f 3813/1818/1564 1847/1829/1564 1846/1818/1564
f 2336/245/76 370/246/76 369/245/76
f 3897/1834/1565 1931/1839/1565 1930/1834/1565
f 2844/729/1566 878/727/1566 877/729/1566
f 3885/1832/1567 1919/1831/1567 1918/1832/1567
f 273/250/1568 2241/242/1568 274/242/1568
f 3881/1841/1569 1915/1836/1569 1914/1841/1569
f 2852/738/1570 886/740/1570 885/738/1570
f 3901/1849/1571 1935/1853/1571 1934/1849/1571
f 2216/252/1572 250/244/1572 249/252/1572
f 3837/1861/1573 1871/1848/1573 1870/1861/1573
f 2836/745/1574 870/743/1574 869/745/1574
f 3925/1863/1575 1959/1860/1575 1958/1863/1575
f 2192/253/1576 226/256/1576 225/253/1576
f 2791/818/1577 825/819/1577 824/818/1577
f 3917/1875/9 1951/1874/9 1950/1875/9
f 3817/1844/1578 1851/1847/1578 1850/1844/1578
f 2860/755/76 894/757/76 893/755/76
f 3909/1883/9 1943/1882/9 1942/1883/9
f 2248/276/76 282/274/76 281/276/76
f 3929/1852/1579 1963/1851/1579 1962/1852/1579
f 364/275/9 2248/276/9 281/276/9
f 2828/760/64 862/758/64 861/760/64
f 2232/272/1580 266/279/1580 265/272/1580
f 3821/1887/1581 1855/1889/1581 1854/1887/1581
f 845/772/1582 2813/774/1582 846/774/1582
f 3877/1892/1583 1911/1885/1583 1910/1892/1583
f 2200/281/1584 234/283/1584 233/281/1584
f 2743/829/1585 777/827/1585 776/829/1585
f 2804/783/1586 838/779/1586 837/783/1586
f 3853/1900/1587 1887/1903/1587 1886/1900/1587
f 2208/291/1588 242/292/1588 241/291/1588
f 3905/1866/1589 1939/1869/1589 1938/1866/1589
f 2751/832/1590 785/834/1590 784/832/1590
f 2868/784/76 902/791/76 901/784/76
f 2328/299/64 362/298/64 361/299/64
f 853/792/1591 2821/794/1591 854/794/1591
f 3829/1905/1592 1863/1908/1592 1862/1905/1592
f 3921/1870/1593 1955/1868/1593 1954/1870/1593
f 2735/845/1526 769/843/1526 768/845/1526
f 2876/803/1594 910/805/1594 909/803/1594
f 2788/815/1595 822/816/1595 821/815/1595
f 3861/1920/8 1895/1921/8 1894/1920/8
f 2288/312/76 322/316/76 321/312/76
f 2759/848/1596 793/850/1596 792/848/1596
f 2796/822/1597 830/809/1597 829/822/1597
f 2748/823/1598 782/828/1598 781/823/1598
f 3869/1928/8 1903/1929/8 1902/1928/8
f 2727/862/1599 761/860/1599 760/862/1599
f 79/5/1600 2047/6/1600 80/6/1600
f 2256/322/1601 290/326/1601 289/322/1601
f 2740/835/1602 774/833/1602 773/835/1602
f 2054/13/1603 88/14/1603 87/13/1603
f 2320/331/1604 354/328/1604 353/331/1604
f 2767/863/1605 801/865/1605 800/863/1605
f 2062/21/1606 96/22/1606 95/21/1606
f 2756/842/661 790/844/661 789/842/661
f 2070/29/719 104/30/719 103/29/719
f 2719/879/1607 753/877/1607 752/879/1607
f 1974/44/1608 8/45/1608 7/44/1608
f 2296/332/1609 330/337/1609 329/332/1609
f 3913/1879/9 1947/1878/9 1946/1879/9
f 2775/878/1610 809/880/1610 808/878/1610
f 2732/851/1611 766/849/1611 765/851/1611
f 2038/50/1612 72/51/1612 71/50/1612
f 2280/347/1613 314/342/1613 313/347/1613
f 2711/895/1614 745/893/1614 744/895/1614
f 797/857/1615 2765/859/1615 798/859/1615
f 2030/63/1616 64/59/1616 63/63/1616
f 2264/351/1617 298/354/1617 297/351/1617
f 2919/898/64 953/899/64 952/898/64
f 2312/357/1618 346/355/1618 345/357/1618
f 2724/868/1619 758/866/1619 757/868/1619
f 1982/62/1620 16/66/1620 15/62/1620
f 2400/373/1621 434/303/1621 433/373/1621
f 2022/79/158 56/77/158 55/79/158
f 2772/873/1622 806/875/1622 805/873/1622
f 2344/377/1623 378/378/1623 377/377/1623
f 3849/1859/1624 1883/1886/1624 1882/1859/1624
f 2951/907/1377 985/905/1377 984/907/1377
f 2716/885/1625 750/883/1625 749/885/1625
f 1990/80/1626 24/82/1626 23/80/1626
f 2272/375/1627 306/379/1627 305/375/1627
f 2014/94/1628 48/92/1628 47/94/1628
f 2304/384/1629 338/382/1629 337/384/1629
f 2780/888/1630 814/889/1630 813/888/1630
f 3825/1894/1631 1859/1897/1631 1858/1894/1631
f 2927/910/1632 961/912/1632 960/910/1632
f 2924/904/1633 958/906/1633 957/904/1633
f 2352/393/1634 386/394/1634 385/393/1634
f 3873/1910/1635 1907/1906/1635 1906/1910/1635
f 2948/913/1636 982/911/1636 981/913/1636
f 1866/1913/1637 3834/1904/1637 1867/1904/1637
f 2940/925/9 974/924/9 973/925/9
f 1998/98/1638 32/101/1638 31/98/1638
f 393/406/1639 2361/407/1639 394/407/1639
f 2932/920/9 966/932/9 965/920/9
f 2006/105/1640 40/104/1640 39/105/1640
f 2174/117/1641 208/115/1641 207/117/1641
f 3857/1914/1642 1891/1916/1642 1890/1914/1642
f 2884/933/1643 918/934/1643 917/933/1643
f 2368/411/1644 402/413/1644 401/411/1644
f 2943/922/9 977/921/9 976/922/9
f 2392/420/1645 426/419/1645 425/420/1645
f 3865/1924/8 1899/1925/8 1898/1924/8
f 968/930/9 2936/929/9 969/929/9
f 2892/941/1125 926/942/1125 925/941/1125
f 2086/122/1646 120/124/1646 119/122/1646
f 2166/133/1647 200/131/1647 199/133/1647
f 2042/2/64 76/3/64 75/2/64
f 2887/936/1648 921/937/1648 920/936/1648
f 2895/944/8 929/945/8 928/944/8
f 2908/952/1649 942/953/1649 941/952/1649
f 2094/138/1650 128/140/1650 127/138/1650
f 2384/432/1651 418/431/1651 417/432/1651
f 2900/948/8 934/960/8 933/948/8
f 2158/148/1652 192/147/1652 191/148/1652
f 2376/429/1653 410/433/1653 409/429/1653
f 2512/444/1654 546/446/1654 545/444/1654
f 2916/965/1655 950/966/1655 949/965/1655
f 2911/955/1656 945/956/1656 944/955/1656
f 3076/969/1657 1110/968/1657 1109/969/1657
f 2102/155/1658 136/157/1658 135/155/1658
f 2504/451/1659 538/449/1659 537/451/1659
f 2050/9/1660 84/10/1660 83/9/1660
f 2903/949/8 937/962/8 936/949/8
f 3101/37/1661 1109/969/1661 1134/37/1661
f 2488/465/1662 522/467/1662 521/465/1662
f 3100/970/1663 1134/37/1663 1133/970/1663
f 2126/170/1664 160/167/1664 159/170/1664
f 2520/463/1665 554/468/1665 553/463/1665
f 2496/482/1666 530/471/1666 529/482/1666
f 3079/977/1667 1113/980/1667 1112/977/1667
f 2150/173/1668 184/169/1668 183/173/1668
f 3095/987/1669 1129/983/1669 1128/987/1669
f 3052/982/1670 1086/985/1670 1085/982/1670
f 2134/171/1671 168/175/1671 167/171/1671
f 2528/485/1672 562/484/1672 561/485/1672
f 3071/988/1673 1105/15/1673 1104/988/1673
f 2142/194/1674 176/193/1674 175/194/1674
f 2480/494/1675 514/493/1675 513/494/1675
f 3055/993/1676 1089/996/1676 1088/993/1676
f 3084/994/1677 1118/998/1677 1117/994/1677
f 2536/474/1678 570/500/1678 569/474/1678
f 3092/999/1679 1126/995/1679 1125/999/1679
f 2110/197/1680 144/199/1680 143/197/1680
f 2058/17/1681 92/18/1681 91/17/1681
f 3087/1007/1682 1121/1010/1682 1120/1007/1682
f 3068/1001/1683 1102/997/1683 1101/1001/1683
f 2118/203/1684 152/200/1684 151/203/1684
f 2472/506/1685 506/503/1685 505/506/1685
f 3063/1017/1686 1097/1014/1686 1096/1017/1686
f 2182/217/8 216/215/8 215/217/8
f 2999/1029/1687 1033/1030/1687 1032/1029/1687
f 2247/220/1688 255/218/1688 280/220/1688
f 3015/1031/1689 1049/1025/1689 1048/1031/1689
f 3060/1012/1690 1094/1015/1690 1093/1012/1690
f 279/219/1691 2247/220/1691 280/220/1691
f 3007/1040/1692 1041/1042/1692 1040/1040/1692
f 2544/512/1693 578/513/1693 577/512/1693
f 3020/1021/769 1054/1019/769 1053/1021/769
f 2552/521/1694 586/523/1694 585/521/1694
f 2334/226/76 368/225/76 367/226/76
f 2991/1049/1695 1025/1048/1695 1024/1049/1695
f 3023/1018/1696 1057/1052/1696 1056/1018/1696
f 2996/1027/1697 1030/1028/1697 1029/1027/1697
f 2464/529/1698 498/76/1698 497/529/1698
f 2222/218/1699 256/232/1699 255/218/1699
f 2066/25/1700 100/26/1700 99/25/1700
f 3031/1061/1701 1065/1062/1701 1064/1061/1701
f 2416/531/1702 450/532/1702 449/531/1702
f 3047/1073/1703 1081/1072/1703 1080/1073/1703
f 2448/542/1704 482/540/1704 481/542/1704
f 3039/1080/1705 1073/1079/1705 1072/1080/1705
f 2424/551/1706 458/554/1706 457/551/1706
f 2406/247/8 440/228/8 439/247/8
f 2456/557/1707 490/561/1707 489/557/1707
f 223/241/1708 2191/249/1708 224/249/1708
f 2959/1083/1709 993/1084/1709 992/1083/1709
f 2238/258/1710 272/254/1710 271/258/1710
f 2983/1085/1711 1017/1068/1711 1016/1085/1711
f 473/569/1712 2441/565/1712 474/565/1712
f 2214/261/1713 248/257/1713 247/261/1713
f 3004/1036/1714 1038/1037/1714 1037/1036/1714
f 2967/1094/1132 1001/1095/1132 1000/1094/1132
f 2975/1104/1715 1009/1103/1715 1008/1104/1715
f 2230/264/1716 264/268/1716 263/264/1716
f 2074/33/774 108/34/774 107/33/774
f 3223/1114/1717 1257/1112/1717 1256/1114/1717
f 3012/1038/1718 1046/1035/1718 1045/1038/1718
f 2704/581/1719 738/577/1719 737/581/1719
f 2198/273/1720 232/278/1720 231/273/1720
f 3135/1119/1721 1169/1121/1721 1168/1119/1721
f 2432/580/1722 466/584/1722 465/580/1722
f 2206/289/1723 240/290/1723 239/289/1723
f 3215/1131/1724 1249/1129/1724 1248/1131/1724
f 2584/589/1434 618/578/1434 617/589/1434
f 2326/307/1725 360/306/1725 359/307/1725
f 1970/40/1726 4/41/1726 3/40/1726
f 2696/605/1727 730/601/1727 729/605/1727
f 2034/56/1728 68/55/1728 67/56/1728
f 2592/600/1729 626/607/1729 625/600/1729
f 3143/442/1730 1177/1136/1730 1176/442/1730
f 2988/1055/1393 1022/1051/1393 1021/1055/1393
f 2576/620/1731 610/616/1731 609/620/1731
f 2254/311/1732 288/318/1732 287/311/1732
f 3207/1144/1733 1241/1143/1733 1240/1144/1733
f 2688/628/1734 722/625/1734 721/628/1734
f 2286/320/1735 320/315/1735 319/320/1735
f 1978/60/1736 12/64/1736 11/60/1736
f 2026/71/1737 60/69/1737 59/71/1737
f 3028/1057/1738 1062/1058/1738 1061/1057/1738
f 3151/1151/1739 1185/1153/1739 1184/1151/1739
f 2294/323/1740 328/327/1740 327/323/1740
f 1232/1162/1741 3200/1158/1741 1233/1158/1741
f 2318/339/1742 352/335/1742 351/339/1742
f 1986/72/1743 20/74/1743 19/72/1743
f 1069/1067/76 3037/1069/76 1070/1069/76
f 2018/86/373 52/84/373 51/86/373
f 3175/1174/1744 1209/1168/1744 1208/1174/1744
f 989/38/76 2957/1070/76 990/1070/76
f 1216/1171/1745 3184/674/1745 1217/674/1745
f 3049/1071/1746 989/38/1746 1082/1071/1746
f 2262/344/1747 296/348/1747 295/344/1747
f 3044/1076/1748 1078/1075/1748 1077/1076/1748
f 2278/361/1749 312/352/1749 311/361/1749
f 633/50/1750 2601/635/1750 634/635/1750
f 27/89/1751 1995/91/1751 28/91/1751
f 2310/363/1752 344/360/1752 343/363/1752
f 2010/100/1753 44/99/1753 43/100/1753
f 2964/1090/1754 998/1091/1754 997/1090/1754
f 593/629/1755 2561/637/1755 594/637/1755
f 2980/1096/1756 1014/1093/1756 1013/1096/1756
f 2568/642/1757 602/640/1757 601/642/1757
f 2002/109/1758 36/110/1758 35/109/1758
f 3191/1187/1759 1225/1184/1759 1224/1187/1759
f 2972/1107/1760 1006/1106/1760 1005/1107/1760
f 2270/366/1761 304/369/1761 303/366/1761
f 2672/648/1762 706/653/1762 705/648/1762
f 2664/666/1763 698/663/1763 697/666/1763
f 2082/114/1764 116/116/1764 115/114/1764
f 3132/1113/1765 1166/1115/1765 1165/1113/1765
f 2170/125/1766 204/123/1766 203/125/1766
f 3159/1186/1767 1193/1191/1767 1192/1186/1767
f 3220/1120/1768 1254/1118/1768 1253/1120/1768
f 2342/372/1769 376/374/1769 375/372/1769
f 3167/1199/1770 1201/1197/1770 1200/1199/1770
f 2090/130/248 124/132/248 123/130/248
f 3103/1203/1771 1137/1205/1771 1136/1203/1771
f 3140/1128/1772 1174/1130/1772 1173/1128/1772
f 2302/368/1773 336/383/1773 335/368/1773
f 2680/672/1774 714/27/1774 713/672/1774
f 2162/141/1775 196/139/1775 195/141/1775
f 3212/1135/1776 1246/1134/1776 1245/1135/1776
f 2608/670/1777 642/674/1777 641/670/1777
f 689/683/1778 2657/682/1778 690/682/1778
f 1152/1220/1779 3120/1218/1779 1153/1218/1779
f 2350/391/1780 384/392/1780 383/391/1780
f 2640/695/1781 674/697/1781 673/695/1781
f 3111/1219/1782 1145/1221/1782 1144/1219/1782
f 3148/1145/1783 1182/1147/1783 1181/1145/1783
f 681/705/1784 2649/702/1784 682/702/1784
f 2098/146/1524 132/149/1524 131/146/1524
f 3204/1150/1785 1238/1148/1785 1237/1150/1785
f 2358/403/1786 392/404/1786 391/403/1786
f 187/156/1787 2155/154/1787 188/154/1787
f 3180/1164/1788 1214/1166/1788 1213/1164/1788
f 2616/709/1789 650/710/1789 649/709/1789
f 2130/158/1790 164/162/1790 163/158/1790
f 3519/1239/1791 1553/1237/1791 1552/1239/1791
f 2632/713/1121 666/712/1121 665/713/1121
f 3407/1238/1792 1441/1240/1792 1440/1238/1792
f 2398/408/1793 432/380/1793 431/408/1793
f 2624/723/1794 658/722/1794 657/723/1794
f 3503/1252/1795 1537/1254/1795 1536/1252/1795
f 2366/395/1005 400/409/1005 399/395/1005
f 2848/730/1796 882/732/1796 881/730/1796
f 3239/1261/1797 1273/1259/1797 1272/1261/1797
f 3196/1172/1798 1230/1169/1798 1229/1172/1798
f 2106/172/1799 140/177/1799 139/172/1799
f 3511/1267/1800 1545/1268/1800 1544/1267/1800
f 3156/1167/1801 1190/1173/1801 1189/1167/1801
f 2840/737/1802 874/735/1802 873/737/1802
f 2146/185/1803 180/182/1803 179/185/1803
f 3188/1185/1804 1222/1188/1804 1221/1185/1804
f 2390/424/1805 424/422/1805 423/424/1805
f 2138/186/1806 172/188/1806 171/186/1806
f 3415/1275/1807 1449/1277/1807 1448/1275/1807
f 3172/1190/1808 1206/1183/1808 1205/1190/1808
f 2856/746/1809 890/748/1809 889/746/1809
f 2374/423/1810 408/426/1810 407/423/1810
f 2122/189/1811 156/183/1811 155/189/1811
f 1464/1286/1812 3432/1284/1812 1465/1284/1812
f 2382/435/1813 416/434/1813 415/435/1813
f 2832/753/64 866/751/64 865/753/64
f 3164/1200/1814 1198/1202/1814 1197/1200/1814
f 2510/442/1815 544/440/1815 543/442/1815
f 2864/763/76 898/765/76 897/763/76
f 3423/1291/1816 1457/1293/1816 1456/1291/1816
f 3124/1210/1817 1158/1208/1817 1157/1210/1817
f 2502/454/1818 536/452/1818 535/454/1818
f 2808/767/1819 842/768/1819 841/767/1819
f 2114/204/1820 148/206/1820 147/204/1820
f 3108/1213/1821 1142/1215/1821 1141/1213/1821
f 2518/457/1822 552/103/1822 551/457/1822
f 3116/1226/1823 1150/1224/1823 1149/1226/1823
f 2486/460/1824 520/464/1824 519/460/1824
f 2178/211/8 212/216/8 211/211/8
f 2824/775/64 858/770/64 857/775/64
f 2534/475/1825 568/476/1825 567/475/1825
f 2186/221/1826 220/229/1826 219/221/1826
f 3495/1306/1827 1529/1304/1827 1528/1306/1827
f 3404/1231/1828 1438/1233/1828 1437/1231/1828
f 2494/477/328 528/480/328 527/477/328
f 2816/781/1829 850/785/1829 849/781/1829
f 2242/238/1830 276/234/1830 275/238/1830
f 3516/1245/1831 1550/1243/1831 1549/1245/1831
f 2218/239/1832 252/235/1832 251/239/1832
f 2526/487/1833 560/486/1833 559/487/1833
f 2800/796/1834 834/793/1834 833/796/1834
f 3500/1249/1835 1534/1250/1835 1533/1249/1835
f 3231/1309/1836 1265/1303/1836 1264/1309/1836
f 2478/496/55 2479/495/55 512/495/55
f 2226/243/56 2227/251/56 260/251/56
f 2872/798/57 2873/800/57 906/800/57
f 2542/508/58 2543/511/58 576/511/58
f 2880/808/59 2881/37/59 914/37/59
f 2784/811/60 2785/812/60 818/812/60
f 2194/260/61 2195/263/61 228/263/61
f 2470/517/62 2471/510/62 504/510/62
f 2792/819/63 2793/820/63 826/820/63
f 2330/277/64 2331/275/64 364/275/64
f 2550/516/65 2551/518/65 584/518/65
f 2234/280/66 2235/270/66 268/270/66
f 3412/1251/67 3413/1257/67 1446/1257/67
f 2744/827/68 2745/826/68 778/826/68
f 2414/528/69 2415/530/69 448/530/69
f 2202/284/70 2203/285/70 236/285/70
f 2752/834/71 2753/836/71 786/836/71
f 2210/286/72 2211/282/72 244/282/72
f 3508/1262/73 3509/1264/73 1542/1264/73
f 2446/544/74 2447/541/74 480/541/74
f 2736/843/75 2737/841/75 770/841/75
f 283/297/76 2250/297/76 2251/296/76
f 3487/1319/77 3488/1317/77 1521/1317/77
f 3439/1271/78 3440/1321/78 1473/1321/78
f 2462/546/79 2463/534/79 496/534/79
f 2760/850/80 2761/852/80 794/852/80
f 2402/300/81 2403/293/81 436/293/81
f 3463/1318/82 3464/1323/82 1497/1323/82
f 2338/295/83 2339/301/83 372/301/83
f 2422/539/84 2423/549/84 456/549/84
f 2728/860/85 2729/858/85 762/858/85
f 2454/553/86 2455/555/86 488/555/86
f 323/313/64 2290/313/64 2291/309/64
f 3455/1338/87 3456/1336/87 1489/1336/87
f 3236/1270/88 3237/1266/88 1270/1266/88
f 801/865/89 2768/865/89 2769/867/89
f 2322/324/90 2323/321/90 356/321/90
f 3447/1337/91 3448/1339/91 1481/1339/91
f 2430/571/92 2431/573/92 464/573/92
f 3247/1349/93 3248/1352/93 1281/1352/93
f 3436/1274/94 3437/1272/94 1470/1272/94
f 2720/877/95 2721/874/95 754/874/95
f 2258/330/96 2259/333/96 292/333/96
f 2438/60/97 2439/572/97 472/572/97
f 2282/338/98 2283/334/98 316/334/98
f 3420/1285/99 3421/1287/99 1454/1287/99
f 2702/583/100 2703/582/100 736/582/100
f 2776/880/101 2777/882/101 810/882/101
f 3399/1362/102 3400/1361/102 1433/1361/102
f 2712/893/103 2713/892/103 746/892/103
f 3303/1358/104 3304/1363/104 1337/1363/104
f 3428/1292/105 3429/1290/105 1462/1290/105
f 2582/596/106 2583/592/106 616/592/106
f 2920/899/107 2921/897/107 954/897/107
f 2298/341/108 2299/345/108 332/345/108
f 3391/1378/109 3392/1376/109 1425/1376/109
f 3492/1311/110 3493/1308/110 1526/1308/110
f 2590/593/111 2591/597/111 624/597/111
f 2952/905/112 2953/903/112 986/903/112
f 2314/353/113 2315/349/113 348/349/113
f 3244/1315/114 3245/1320/114 1278/1320/114
f 2928/912/115 2929/914/115 962/914/115
f 3460/1328/116 3461/1325/116 1494/1325/116
f 2944/921/117 2945/919/117 978/919/117
f 2266/356/118 2267/359/118 300/359/118
f 2936/929/9 2937/928/9 970/928/9
f 2306/376/119 2307/371/119 340/371/119
f 3311/1390/120 3312/1392/120 1345/1392/120
f 2694/611/121 2695/608/121 728/608/121
f 3471/1389/122 3472/1393/122 1505/1393/122
f 3444/1331/123 3445/1333/123 1478/1333/123
f 2888/937/124 2889/938/124 922/938/124
f 2346/381/125 2347/385/125 380/385/125
f 3479/1395/126 3480/1391/126 1513/1391/126
f 3452/1344/1837 3453/1342/1837 1486/1342/1837
f 1360/1398/128 3327/1398/128 3328/1405/128
f 2558/603/129 2559/618/129 592/618/129
f 2896/945/8 2897/946/8 930/946/8
f 2274/388/130 2275/389/130 308/389/130
f 3228/1347/131 3229/1326/131 1262/1326/131
f 3319/1407/132 3320/1406/132 1353/1406/132
f 3484/1367/133 3485/1357/133 1518/1357/133
f 2912/956/134 2913/957/134 946/957/134
f 2354/398/135 2355/399/135 388/399/135
f 3396/1369/136 3397/1366/136 1430/1366/136
f 631/623/137 2598/623/137 2599/626/137
f 3287/1432/138 3288/1425/138 1321/1425/138
f 2574/627/139 2575/624/139 608/624/139
f 2904/962/8 2905/963/8 938/963/8
f 2362/405/140 2363/402/140 396/402/140
f 2686/632/141 2687/630/141 720/630/141
f 1501/1372/142 3468/1372/142 3469/1379/142
f 2566/646/143 2567/643/143 600/643/143
f 3383/1437/144 3384/1428/144 1417/1428/144
f 2670/647/145 2671/638/145 704/638/145
f 3096/983/146 3097/979/146 1130/979/146
f 2370/414/147 2371/416/147 404/416/147
f 3295/1435/148 3296/1438/148 1329/1438/148
f 3080/980/149 3081/984/149 1114/984/149
f 2394/417/150 2395/415/150 428/415/150
f 3335/1442/151 3336/1453/151 1369/1453/151
f 3388/1384/152 3389/1381/152 1422/1381/152
f 3072/15/153 3073/981/153 1106/981/153
f 2386/430/154 2387/428/154 420/428/154
f 3308/1382/155 3309/1385/155 1342/1385/155
f 2606/661/156 2607/665/156 640/665/156
f 2378/439/157 2379/438/157 412/438/157
f 3279/1461/158 3280/1456/158 1313/1456/158
f 3324/1401/159 3325/1399/159 1358/1399/159
f 2678/667/160 2679/669/160 712/669/160
f 3056/996/161 3057/1000/161 1090/1000/161
f 2506/447/162 2507/445/162 540/445/162
f 2662/671/163 2663/668/163 696/668/163
f 3367/1470/164 3368/1472/164 1401/1472/164
f 3316/1411/165 3317/1409/165 1350/1409/165
f 2654/17/166 2655/685/166 688/685/166
f 3088/1010/167 3089/1011/167 1122/1011/167
f 2514/448/168 2515/450/168 548/450/168
f 2638/692/169 2639/694/169 672/694/169
f 3064/1014/170 3065/1013/170 1098/1013/170
f 3255/1471/171 3256/1476/171 1289/1476/171
f 2498/466/172 2499/459/172 532/459/172
f 3375/77/173 3376/1473/173 1409/1473/173
f 3016/1025/174 3017/1024/174 1050/1024/174
f 3359/1493/175 3360/1487/175 1393/1487/175
f 3332/1417/176 3333/1421/176 1366/1421/176
f 3000/1030/177 3001/1032/177 1034/1032/177
f 2490/469/178 2491/470/178 524/470/178
f 3476/1429/179 3477/1422/179 1510/1422/179
f 3008/1042/180 3009/1044/180 1042/1044/180
f 3271/1494/181 3272/1492/181 1305/1492/181
f 2646/706/182 2647/707/182 680/707/182
f 2530/483/183 2531/481/183 564/481/183
f 3292/1431/184 3293/1433/184 1326/1433/184
f 2992/1048/185 2993/1047/185 1026/1047/185
f 2522/472/186 2523/488/186 556/488/186
f 2614/701/187 2615/708/187 648/708/187
f 3024/1052/188 3025/1053/188 1058/1053/188
f 3263/1504/189 3264/1506/189 1297/1506/189
f 2630/716/190 2631/714/190 664/714/190
f 3032/1062/191 3033/1064/191 1066/1064/191
f 2482/492/192 2483/491/192 516/491/192
f 3284/1445/193 3285/1440/193 1318/1440/193
f 3300/1444/194 3252/1446/194 1285/1446/194
f 2622/724/195 2623/725/195 656/725/195
f 1017/1068/64 2984/1068/64 2985/80/64
f 2474/501/196 2475/499/196 508/499/196
f 3343/1510/197 3344/1512/197 1377/1512/197
f 2846/728/198 2847/726/198 880/726/198
f 3351/1521/199 3352/1519/199 1385/1519/199
f 3048/1072/200 3049/1071/200 1082/1071/200
f 2538/502/201 2539/504/201 572/504/201
f 3791/1528/202 3792/1527/202 1825/1527/202
f 3252/1446/203 3253/1448/203 1286/1448/203
f 2838/741/204 2839/739/204 872/739/204
f 3040/1079/205 3041/1078/205 1074/1078/205
f 3783/1536/1838 3784/1535/1838 1817/1535/1838
f 2546/86/207 2547/514/207 580/514/207
f 3380/1455/208 3381/1452/208 1414/1452/208
f 2854/742/209 2855/744/209 888/744/209
f 3775/1542/210 3776/1543/210 1809/1543/210
f 2960/1084/211 2961/1086/211 994/1086/211
f 2466/524/212 2467/522/212 500/522/212
f 3527/1549/213 3528/1551/213 1561/1551/213
f 2830/756/64 2831/754/64 864/754/64
f 2418/533/214 2419/535/214 452/535/214
f 3535/1558/215 3536/1559/215 1569/1559/215
f 3364/1459/216 3365/1462/216 1398/1462/216
f 2554/527/217 2555/538/217 588/538/217
f 3543/1566/218 3544/1567/218 1577/1567/218
f 2862/759/76 2863/761/76 896/761/76
f 2968/1095/219 2969/1097/219 1002/1097/219
f 2450/543/220 2451/545/220 484/545/220
f 3276/1474/221 3277/1469/221 1310/1469/221
f 2976/1103/222 2977/1102/222 1010/1102/222
f 3559/1577/223 3560/1576/223 1593/1576/223
f 2806/776/224 2807/773/224 840/773/224
f 2442/560/225 2443/556/225 476/556/225
f 3551/1582/226 3552/1584/226 1585/1584/226
f 1161/1109/227 3128/1109/227 3129/1110/227
f 3567/1590/228 3568/1591/228 1601/1591/228
f 3372/1481/229 3373/1482/229 1406/1482/229
f 2814/777/230 2815/780/230 848/780/230
f 3225/37/231 3128/1109/231 1161/1109/231
f 2426/559/232 2427/562/232 460/562/232
f 3767/1595/233 3768/1593/233 1801/1593/233
f 3224/1112/234 3225/37/234 1258/37/234
f 3340/1489/235 3341/1496/235 1374/1496/235
f 855/788/64 2822/788/64 2823/782/64
f 2458/563/236 2459/567/236 492/567/236
f 3260/1495/237 3261/1498/237 1294/1498/237
f 2706/576/238 2707/574/238 740/574/238
f 2870/795/239 2871/797/239 904/797/239
f 3136/1121/240 3137/1123/240 1170/1123/240
f 2586/579/1839 2587/586/1839 620/586/1839
f 3268/1502/242 3269/1500/242 1302/1500/242
f 3216/1129/243 3217/1126/243 1250/1126/243
f 2798/804/244 2799/799/244 832/799/244
f 3583/1611/245 3584/1612/245 1617/1612/245
f 3356/1511/246 3357/1509/246 1390/1509/246
f 3759/1620/247 3760/1618/247 1793/1618/247
f 3144/1136/248 3145/1138/248 1178/1138/248
f 2698/598/249 2699/595/249 732/595/249
f 3575/1602/250 3576/1625/250 1609/1625/250
f 2878/806/251 2879/807/251 912/807/251
f 3208/1143/252 3209/1141/252 1242/1141/252
f 3751/1631/253 3752/1630/253 1785/1630/253
f 3348/1520/254 3349/1522/254 1382/1522/254
f 2434/594/255 2435/602/255 468/602/255
f 3788/1531/256 3789/1530/256 1822/1530/256
f 2594/609/257 2595/612/257 628/612/257
f 2790/817/258 2791/818/258 824/818/258
f 3152/1153/259 3153/1155/259 1186/1155/259
f 2578/613/260 2579/610/260 612/610/260
f 3772/1539/261 3773/1540/261 1806/1540/261
f 3200/1158/262 3201/1156/262 1234/1156/262
f 2690/622/263 2691/621/263 724/621/263
f 3591/1633/264 3592/1636/264 1625/1636/264
f 2742/831/265 2743/829/265 776/829/265
f 2570/636/266 2571/633/266 604/633/266
f 3743/1641/267 3744/1645/267 1777/1645/267
f 3780/1547/268 3781/1548/268 1814/1548/268
f 2750/830/269 2751/832/269 784/832/269
f 3176/1168/270 3177/1160/270 1210/1160/270
f 3735/1650/271 3736/1649/271 1769/1649/271
f 3532/1555/272 3533/1556/272 1566/1556/272
f 3727/1658/1840 3728/1657/1840 1761/1657/1840
f 3540/1563/274 3541/1564/274 1574/1564/274
f 2602/641/275 2603/645/275 636/645/275
f 3548/1571/276 3549/1575/276 1582/1575/276
f 2734/847/277 2735/845/277 768/845/277
f 1217/674/278 3184/674/278 3185/1176/278
f 3639/1672/279 3640/1674/279 1673/1674/279
f 2758/846/280 2759/848/280 792/848/280
f 3192/1184/281 3193/1181/281 1226/1181/281
f 3631/1675/1841 3632/1673/1841 1665/1673/1841
f 3556/1581/283 3557/1580/283 1590/1580/283
f 3719/1686/284 3720/1680/284 1753/1680/284
f 3564/1587/285 3565/1588/285 1598/1588/285
f 2766/861/286 2767/863/286 800/863/286
f 2562/644/287 2563/654/287 596/654/287
f 3623/1693/288 3624/1692/288 1657/1692/288
f 3160/1191/289 3161/1193/289 1194/1193/289
f 3572/1598/290 3573/1599/290 1606/1599/290
f 2726/864/291 2727/862/291 760/862/291
f 3168/1197/292 3169/1195/292 1202/1195/292
f 2674/656/293 2675/659/293 708/659/293
f 3647/1695/294 3648/1696/294 1681/1696/294
f 3764/1603/295 3765/1600/295 1798/1600/295
f 2666/660/296 2667/658/296 700/658/296
f 3711/1713/297 3712/1709/297 1745/1709/297
f 2774/876/298 2775/878/298 808/878/298
f 3580/1608/299 3581/1609/299 1614/1609/299
f 3104/1205/300 3105/1207/300 1138/1207/300
f 2682/675/301 2683/677/301 716/677/301
f 2718/881/302 2719/879/302 752/879/302
f 3120/1218/303 3121/1216/303 1154/1216/303
f 3655/1716/304 3656/1719/304 1689/1719/304
f 2710/894/305 2711/895/305 744/895/305
f 3112/1221/306 3113/1223/306 1146/1223/306
f 2658/680/307 2659/679/307 692/679/307
f 3703/1735/308 3704/1730/308 1737/1730/308
f 2950/909/309 2951/907/309 984/907/309
f 3520/1237/310 3521/1235/310 1554/1235/310
f 2610/678/311 2611/681/311 644/681/311
f 3599/1727/312 3600/1737/312 1633/1737/312
f 1789/1623/313 3756/1623/313 3757/1622/313
f 2926/908/314 2927/910/314 960/910/314
f 1720/1736/315 3687/1736/315 3688/1738/315
f 2942/923/9 2943/922/9 976/922/9
f 667/688/316 2634/688/316 2635/689/316
f 3695/1754/317 3696/1756/317 1729/1756/317
f 3588/1619/318 3589/1626/318 1622/1626/318
f 2934/931/9 2935/930/9 968/930/9
f 3408/1240/319 3409/1242/319 1442/1242/319
f 3615/1758/320 3616/1731/320 1649/1731/320
f 1781/1635/321 3748/1635/321 3749/1634/321
f 3504/1254/322 3505/1255/322 1538/1255/322
f 2886/935/323 2887/936/323 920/936/323
f 3512/1268/324 3513/1263/324 1546/1263/324
f 3607/1763/1842 3608/1764/1842 1641/1764/1842
f 3740/1644/326 3741/1642/326 1774/1642/326
f 2894/943/327 2895/944/327 928/944/327
f 3416/1277/1843 3417/1280/1843 1450/1280/1843
f 3663/1768/1844 3664/1772/1844 1697/1772/1844
f 3732/1653/330 3733/1652/330 1766/1652/330
f 3679/1781/1845 3680/1780/1845 1713/1780/1845
f 3724/1661/332 3725/1660/332 1758/1660/332
f 2910/954/333 2911/955/333 944/955/333
f 3432/1284/334 3433/1281/334 1466/1281/334
f 2650/699/335 2651/696/335 684/696/335
f 2902/961/8 2903/949/8 936/949/8
f 2642/698/336 2643/700/336 676/700/336
f 2918/967/337 2919/898/337 952/898/337
f 3424/1293/338 3425/1295/338 1458/1295/338
f 3636/1665/339 3637/1667/339 1670/1667/339
f 3240/1259/340 3241/1301/340 1274/1301/340
f 3671/1788/341 3672/1791/341 1705/1791/341
f 3628/1681/342 3629/1679/342 1662/1679/342
f 3807/1794/76 3808/1792/76 1841/1792/76
f 3078/972/343 3079/977/343 1112/977/343
f 3232/1303/344 3233/1298/344 1266/1298/344
f 3934/37/9 3807/1794/9 1840/1794/9
f 3496/1304/345 3497/1302/345 1530/1302/345
f 3644/1684/346 3645/1688/346 1678/1688/346
f 3094/991/347 3095/987/347 1128/987/347
f 3799/1802/8 3800/1803/8 1833/1803/8
f 3716/1697/1846 3717/1694/1846 1750/1694/1846
f 3488/1317/349 3489/1314/349 1522/1314/349
f 3802/1804/64 3799/1802/64 1832/1802/64
f 3070/992/350 3071/988/350 1104/988/350
f 3054/989/351 3055/993/351 1088/993/351
f 2618/711/352 2619/715/352 652/715/352
f 3895/1821/353 3896/1819/353 1929/1819/353
f 3620/1707/354 3621/1702/354 1654/1702/354
f 3440/1321/355 3441/1324/355 1474/1324/355
f 2626/720/356 2627/7/356 660/7/356
f 3456/1336/357 3457/1334/357 1490/1334/357
f 3887/1830/1847 3888/1828/1847 1921/1828/1847
f 3086/1002/359 3087/1007/359 1120/1007/359
f 2842/733/360 2843/731/360 876/731/360
f 3652/1708/361 3653/1710/361 1686/1710/361
f 3596/1701/362 3597/1711/362 1630/1711/362
f 3062/1016/363 3063/1017/363 1096/1017/363
f 3448/1339/364 3449/1341/364 1482/1341/364
f 2850/734/365 2851/736/365 884/736/365
f 3815/1837/366 3816/1840/366 1849/1840/366
f 3708/1720/367 3709/1718/367 1742/1718/367
f 3022/1020/76 3023/1018/76 1056/1018/76
f 3839/1843/368 3840/1838/368 1873/1838/368
f 2998/1026/369 2999/1029/369 1032/1029/369
f 3464/1323/370 3465/1351/370 1498/1351/370
f 2834/749/371 2835/747/371 868/747/371
f 3847/1811/372 3848/1850/372 1881/1850/372
f 3684/1733/373 3685/1734/373 1718/1734/373
f 3248/1352/374 3249/1353/374 1282/1353/374
f 3014/97/375 3015/1031/375 1048/1031/375
f 2858/750/76 2859/752/76 892/752/76
f 3879/1856/376 3880/1846/376 1913/1846/376
f 3006/1039/377 3007/1040/377 1040/1040/377
f 3927/1857/1848 3928/1855/1848 1961/1855/1848
f 2826/764/64 2827/762/64 860/762/64
f 2990/1050/379 2991/1049/379 1024/1049/379
f 3304/1363/380 3305/1368/380 1338/1368/380
f 3903/1858/1849 3904/1864/1849 1937/1864/1849
f 3030/1059/382 3031/1061/382 1064/1061/382
f 3392/1376/383 3393/1374/383 1426/1374/383
f 2810/766/384 2811/769/384 844/769/384
f 3046/1074/385 3047/1073/385 1080/1073/385
f 3480/1391/386 3481/1388/386 1514/1388/386
f 899/771/76 2866/771/76 2867/778/76
f 1071/1081/387 3038/1081/387 3039/1080/387
f 2802/789/388 2803/786/388 836/786/388
f 3660/1739/389 3661/1747/389 1694/1747/389
f 3312/1392/390 3313/1394/390 1346/1394/390
f 2818/787/391 2819/790/391 852/790/391
f 3919/1873/392 3920/1871/392 1953/1871/392
f 3700/1748/393 3701/1744/393 1734/1744/393
f 2958/1082/394 2959/1083/394 992/1083/394
f 3911/1881/9 3912/1880/9 1945/1880/9
f 2982/1089/395 2983/1085/395 1016/1085/395
f 3472/1393/396 3473/1396/396 1506/1396/396
f 3692/1749/397 3693/1750/397 1726/1750/397
f 2874/801/398 2875/802/398 908/802/398
f 3823/1891/399 3824/1893/399 1857/1893/399
f 3320/1406/400 3321/1404/400 1354/1404/400
f 2786/813/401 2787/814/401 820/814/401
f 2966/1092/402 2967/1094/402 1000/1094/402
f 3328/1405/403 3329/1410/403 1362/1410/403
f 2794/821/404 2795/77/404 828/77/404
f 3855/1907/1850 3856/1909/1850 1889/1909/1850
f 2974/1105/406 2975/1104/406 1008/1104/406
f 3222/1116/407 3223/1114/407 1256/1114/407
f 779/824/9 2746/824/9 2747/825/9
f 3831/1911/408 3832/1912/408 1865/1912/408
f 3288/1425/409 3289/1426/409 1322/1426/409
f 3871/1917/410 3872/1915/410 1905/1915/410
f 3384/1428/411 3385/1423/411 1418/1423/411
f 2738/839/412 2739/837/412 772/837/412
f 3604/1759/413 3605/1760/413 1638/1760/413
f 3134/1117/414 3135/1119/414 1168/1119/414
f 2754/838/415 2755/840/415 788/840/415
f 3863/1922/8 3864/1923/8 1897/1923/8
f 3612/1770/416 3613/1771/416 1646/1771/416
f 3296/1438/417 3297/1439/417 1330/1439/417
f 795/853/418 2762/853/418 2763/855/418
f 3214/1133/419 3215/1131/419 1248/1131/419
f 3280/1456/420 3281/1454/420 1314/1454/420
f 3336/1453/421 3337/1457/421 1370/1457/421
f 763/856/422 2730/856/422 2731/854/422
f 3142/1132/423 3143/442/423 1176/442/423
f 3668/1778/424 3669/1782/424 1702/1782/424
f 3206/1146/425 3207/1144/425 1240/1144/425
f 2770/869/426 2771/871/426 804/871/426
f 3676/1786/427 3677/1784/427 1710/1784/427
f 3376/1473/1851 3377/1468/1851 1410/1468/1851
f 2722/872/429 2723/870/429 756/870/429
f 3150/1149/430 3151/1151/430 1184/1151/430
f 1837/1795/76 3804/1795/76 3805/1798/76
f 3198/1165/431 3199/1162/431 1232/1162/431
f 3368/1472/432 3369/1478/432 1402/1478/432
f 2778/884/433 2779/886/433 812/886/433
f 3182/1170/434 3183/1171/434 1216/1171/434
f 3256/1476/435 3257/1485/435 1290/1485/435
f 3360/1487/436 3361/1475/436 1394/1475/436
f 2714/890/437 2715/887/437 748/887/437
f 1829/1799/76 3796/1799/76 3797/1801/76
f 3174/1177/438 3175/1174/438 1208/1174/438
f 3844/1809/439 3845/1808/439 1878/1808/439
f 3272/1492/440 3273/1490/440 1306/1490/440
f 2882/38/76 2883/896/76 916/896/76
f 3932/1812/8 3933/1796/8 1966/1796/8
f 2955/37/441 2882/38/441 915/38/441
f 3264/1506/369 3265/1508/369 1298/1508/369
f 2954/901/442 2955/37/442 988/37/442
f 2922/900/443 2923/902/443 956/902/443
f 3812/1816/444 3813/1818/444 1846/1818/444
f 2946/917/445 2947/915/445 980/915/445
f 1191/1179/446 3158/1179/446 3159/1186/446
f 3344/1512/447 3345/1514/447 1378/1514/447
f 2930/916/448 2931/918/448 964/918/448
f 3892/1823/449 3893/1822/449 1926/1822/449
f 3190/1189/450 3191/1187/450 1224/1187/450
f 3352/1519/451 3353/1517/451 1386/1517/451
f 971/927/9 2938/927/9 2939/926/9
f 3166/1201/452 3167/1199/452 1200/1199/452
f 3792/1527/453 3793/1526/453 1826/1526/453
f 3884/1833/454 3885/1832/454 1918/1832/454
f 3102/38/455 3103/1203/455 1136/1203/455
f 3784/1535/456 3785/1534/456 1818/1534/456
f 2890/939/457 2891/940/457 924/940/457
f 1160/1204/458 3127/1204/458 3102/38/458
f 3900/1845/459 3901/1849/459 1934/1849/459
f 3126/1206/460 3127/1204/460 1160/1204/460
f 1809/1543/461 3776/1543/461 3777/1544/461
f 3528/1551/462 3529/1552/462 1562/1552/462
f 3924/1865/463 3925/1863/463 1958/1863/463
f 3536/1559/464 3537/1560/464 1570/1560/464
f 2906/950/8 2907/951/8 940/951/8
f 3916/1876/9 3917/1875/9 1950/1875/9
f 3110/1217/465 3111/1219/465 1144/1219/465
f 3544/1567/466 3545/1568/466 1578/1568/466
f 3908/1884/9 3909/1883/9 1942/1883/9
f 3118/1222/467 3119/1220/467 1152/1220/467
f 3820/1862/468 3821/1887/468 1854/1887/468
f 3560/1576/469 3561/1573/469 1594/1573/469
f 2898/947/8 2899/959/8 932/959/8
f 3836/1888/470 3837/1861/470 1870/1861/470
f 3552/1584/471 3553/1586/471 1586/1586/471
f 2914/958/472 2915/964/472 948/964/472
f 3406/1236/473 3407/1238/473 1440/1238/473
f 3568/1591/474 3569/1592/474 1602/1592/474
f 3050/975/475 3051/973/475 1084/973/475
f 3518/1241/476 3519/1239/476 1552/1239/476
f 3075/974/477 3050/975/477 1083/975/477
f 3876/1898/478 3877/1892/478 1910/1892/478
f 3502/1248/479 3503/1252/479 1536/1252/479
f 3584/1612/480 3585/1613/480 1618/1613/480
f 3098/976/481 3099/971/481 1132/971/481
f 3852/1895/482 3853/1900/482 1886/1900/482
f 3760/1618/483 3761/1617/483 1794/1617/483
f 3074/978/484 3075/974/484 1108/974/484
f 3238/1260/485 3239/1261/485 1272/1261/485
f 3576/1625/486 3577/1605/486 1610/1605/486
f 3510/1265/487 3511/1267/487 1544/1267/487
f 3752/1630/488 3753/1628/488 1786/1628/488
f 3828/1901/489 3829/1905/489 1862/1905/489
f 3082/986/490 3083/990/490 1116/990/490
f 3860/1919/8 3861/1920/8 1894/1920/8
f 3438/1273/491 3439/1271/491 1472/1271/491
f 3414/1269/492 3415/1275/492 1448/1275/492
f 3090/1006/493 3091/1003/493 1124/1003/493
f 3868/1927/8 3869/1928/8 1902/1928/8
f 3592/1636/494 3593/1640/494 1626/1640/494
f 3058/1004/495 3059/1008/495 1092/1008/495
f 2045/4/496 2046/5/496 79/5/496
f 3430/1288/497 3431/1286/497 1464/1286/497
f 3744/1645/498 3745/1639/498 1778/1639/498
f 3066/1009/499 3067/1005/499 1100/1005/499
f 86/12/500 2053/12/500 2054/13/500
f 3736/1649/501 3737/1648/501 1770/1648/501
f 94/20/502 2061/20/502 2062/21/502
f 3422/1289/503 3423/1291/503 1456/1291/503
f 3728/1657/504 3729/1656/504 1762/1656/504
f 3018/1023/505 3019/1022/505 1052/1022/505
f 2069/28/506 2070/29/506 103/29/506
f 3494/1307/507 3495/1306/507 1528/1306/507
f 3632/1673/508 3633/1671/508 1666/1671/508
f 3002/1033/509 3003/1034/509 1036/1034/509
f 2077/36/510 2078/37/510 111/37/510
f 1973/43/511 1974/44/511 7/44/511
f 3230/1316/512 3231/1309/512 1264/1309/512
f 3640/1674/513 3641/1676/513 1674/1676/513
f 3010/1043/514 3011/1041/514 1044/1041/514
f 3720/1680/515 3721/1670/515 1754/1670/515
f 2037/49/516 2038/50/516 71/50/516
f 3462/1322/517 3463/1318/517 1496/1318/517
f 3624/1692/1852 3625/1689/1852 1658/1689/1852
f 2994/1046/519 2995/1045/519 1028/1045/519
f 3026/1054/520 3027/1056/520 1060/1056/520
f 3446/1335/521 3447/1337/521 1480/1337/521
f 3648/1696/522 3649/1699/522 1682/1699/522
f 2986/1063/523 2987/1060/523 1020/1060/523
f 3454/1340/524 3455/1338/524 1488/1338/524
f 3712/1709/525 3713/1706/525 1746/1706/525
f 3246/1346/526 3247/1349/526 1280/1349/526
f 3486/1350/527 3487/1319/527 1520/1319/527
f 3034/1065/528 3035/1066/528 1068/1066/528
f 1981/48/529 1982/62/529 15/62/529
f 3302/1360/530 3303/1358/530 1336/1358/530
f 3042/1077/531 3043/56/531 1076/56/531
f 2029/65/532 2030/63/532 63/63/532
f 3656/1719/533 3657/1723/533 1690/1723/533
f 3704/1730/534 3705/1728/534 1738/1728/534
f 2962/1087/535 2963/1088/535 996/1088/535
f 2739/837/536 2740/835/536 773/835/536
f 3616/1731/537 3617/1724/537 1650/1724/537
f 1989/78/538 1990/80/538 23/80/538
f 2755/840/539 2756/842/539 789/842/539
f 2021/81/540 2022/79/540 55/79/540
f 3688/1738/541 3689/1741/541 1722/1741/541
f 2970/1098/542 2971/1100/542 1004/1100/542
f 46/95/543 2013/95/543 2014/94/543
f 3600/1737/544 3601/1742/544 1634/1742/544
f 1011/1101/545 2978/1101/545 2979/1099/545
f 2731/854/546 2732/851/546 765/851/546
f 3696/1756/547 3697/1757/547 1730/1757/547
f 3130/1108/548 3131/1111/548 1164/1111/548
f 2763/855/549 2764/857/549 797/857/549
f 1997/96/550 1998/98/550 31/98/550
f 3608/1764/1853 3609/1765/1853 1642/1765/1853
f 3218/1124/552 3219/1122/552 1252/1122/552
f 2005/107/553 2006/105/553 39/105/553
f 2723/870/554 2724/868/554 757/868/554
f 2173/119/555 2174/117/555 207/117/555
f 3664/1772/556 3665/1773/556 1698/1773/556
f 3680/1780/557 3681/1779/557 1714/1779/557
f 3138/1125/558 3139/1127/558 1172/1127/558
f 804/871/559 2771/871/559 2772/873/559
f 3672/1791/157 3673/1790/157 1706/1790/157
f 1243/1139/560 3210/1139/560 3211/1137/560
f 2085/120/561 2086/122/561 119/122/561
f 2715/887/562 2716/885/562 749/885/562
f 2165/135/563 2166/133/563 199/133/563
f 1833/1803/76 3800/1803/76 3801/1805/76
f 2779/886/564 2780/888/564 813/888/564
f 3146/1140/565 3147/1142/565 1180/1142/565
f 1841/1792/8 3808/1792/8 3809/1806/8
f 3202/1154/566 3203/1152/566 1236/1152/566
f 2093/136/567 2094/138/567 127/138/567
f 2157/150/568 2158/148/568 191/148/568
f 3888/1828/569 3889/1826/569 1922/1826/569
f 3896/1819/570 3897/1834/570 1930/1834/570
f 3178/1161/571 3179/1159/571 1212/1159/571
f 3840/1838/572 3841/1827/572 1874/1827/572
f 2923/902/573 2924/904/573 957/904/573
f 2101/153/574 2102/155/574 135/155/574
f 3154/1157/575 3155/1163/575 1188/1163/575
f 166/168/576 2133/168/576 2134/171/576
f 3194/1178/577 3195/1175/577 1228/1175/577
f 3816/1840/578 3817/1844/578 1850/1844/578
f 3186/1180/579 3187/1182/579 1220/1182/579
f 2125/174/580 2126/170/580 159/170/580
f 3170/1194/581 3171/1192/581 1204/1192/581
f 3880/1846/1854 3881/1841/1854 1914/1841/1854
f 2149/176/583 2150/173/583 183/173/583
f 3162/1196/584 3163/1198/584 1196/1198/584
f 980/915/585 2947/915/585 2948/913/585
f 3106/1209/586 3107/1211/586 1140/1211/586
f 2931/918/587 2932/920/587 965/920/587
f 3122/1214/588 3123/1212/588 1156/1212/588
f 2141/195/589 2142/194/589 175/194/589
f 3928/1855/1855 3929/1852/1855 1962/1852/1855
f 3848/1850/591 3849/1859/591 1882/1859/591
f 3114/1225/592 3115/1227/592 1148/1227/592
f 2109/191/1856 2110/197/1856 143/197/1856
f 3904/1864/594 3905/1866/594 1938/1866/594
f 3402/1230/595 3403/1228/595 1436/1228/595
f 2117/205/596 2118/203/596 151/203/596
f 3920/1871/597 3921/1870/597 1954/1870/597
f 3522/1234/598 3523/1232/598 1556/1232/598
f 3912/1880/9 3913/1879/9 1946/1879/9
f 2939/926/9 2940/925/9 973/925/9
f 3824/1893/599 3825/1894/599 1858/1894/599
f 3410/1244/600 3411/1246/600 1444/1246/600
f 3514/1253/601 3515/1247/601 1548/1247/601
f 214/214/76 2181/214/76 2182/217/76
f 3506/1256/602 3507/1258/602 1540/1258/602
f 2245/224/603 2246/219/603 279/219/603
f 3832/1912/604 3833/1913/604 1866/1913/604
f 3434/1278/605 3435/1276/605 1468/1276/605
f 366/208/9 2333/208/9 2334/226/9
f 3856/1909/606 3857/1914/606 1890/1914/606
f 3872/1915/607 3873/1910/607 1906/1910/607
f 3418/1282/608 3419/1283/608 1452/1283/608
f 2883/896/609 2884/933/609 917/933/609
f 2189/237/610 2190/241/610 223/241/610
f 3864/1923/8 3865/1924/8 1898/1924/8
f 3426/1296/611 3427/1294/611 1460/1294/611
f 2891/940/612 2892/941/612 925/941/612
f 438/248/64 2405/248/64 2406/247/64
f 2049/8/613 2050/9/613 83/9/613
f 2057/16/614 2058/17/614 91/17/614
f 2907/951/615 2908/952/615 941/952/615
f 2065/24/616 2066/25/616 99/25/616
f 1267/1297/617 3234/1297/617 3235/1279/617
f 2899/959/8 2900/948/8 933/948/8
f 2237/262/618 2238/258/618 271/258/618
f 2073/32/619 2074/33/619 107/33/619
f 3498/1300/620 3499/1299/620 1532/1299/620
f 2229/259/621 2230/264/621 263/264/621
f 1969/39/622 1970/40/622 3/40/622
f 3242/1305/623 3243/1310/623 1276/1310/623
f 2915/964/624 2916/965/624 949/965/624
f 2213/265/625 2214/261/625 247/261/625
f 3490/1313/626 3491/1312/626 1524/1312/626
f 3099/971/627 3100/970/627 1133/970/627
f 2041/53/628 2042/2/628 75/2/628
f 2033/57/629 2034/56/629 67/56/629
f 2197/269/630 2198/273/630 231/273/630
f 1977/47/631 1978/60/631 11/60/631
f 3442/1327/632 3443/1329/632 1476/1329/632
f 3458/1332/633 3459/1330/633 1492/1330/633
f 3051/973/634 3052/982/634 1085/982/634
f 238/288/635 2205/288/635 2206/289/635
f 1985/70/636 1986/72/636 19/72/636
f 2025/73/637 2026/71/637 59/71/637
f 3450/1343/638 3451/1345/638 1484/1345/638
f 3083/990/639 3084/994/639 1117/994/639
f 3250/1354/640 3251/1355/640 1284/1355/640
f 3091/1003/641 3092/999/641 1125/999/641
f 3251/1355/642 3226/38/642 1259/38/642
f 3067/1005/1857 3068/1001/1857 1101/1001/1857
f 2325/310/644 2326/307/644 359/307/644
f 50/88/645 2017/88/645 2018/86/645
f 3226/38/646 3227/1348/646 1260/1348/646
f 286/305/647 2253/305/647 2254/311/647
f 1993/87/648 1994/89/648 27/89/648
f 42/102/649 2009/102/649 2010/100/649
f 3059/1008/650 3060/1012/650 1093/1012/650
f 3466/1356/651 3467/1365/651 1500/1365/651
f 2001/108/652 2002/109/652 35/109/652
f 1427/1371/653 3394/1371/653 3395/1370/653
f 3019/1022/654 3020/1021/654 1053/1021/654
f 326/319/655 2293/319/655 2294/323/655
f 3003/1034/656 3004/1036/656 1037/1036/656
f 2285/325/657 2286/320/657 319/320/657
f 2081/112/658 2082/114/658 115/114/658
f 2169/127/659 2170/125/659 203/125/659
f 3011/1041/660 3012/1038/660 1045/1038/660
f 3306/1373/661 3307/1377/661 1340/1377/661
f 2317/343/662 2318/339/662 351/339/662
f 3482/1383/663 3483/1375/663 1516/1375/663
f 2995/1045/664 2996/1027/664 1029/1027/664
f 2261/340/665 2262/344/665 295/344/665
f 2089/128/666 2090/130/666 123/130/666
f 3027/1056/667 3028/1057/667 1061/1057/667
f 194/143/668 2161/143/668 2162/141/668
f 3322/1403/669 3323/1402/669 1356/1402/669
f 2987/1060/316 2988/1055/316 1021/1055/316
f 130/144/670 2097/144/670 2098/146/670
f 2129/160/671 2130/158/671 163/158/671
f 3314/1397/672 3315/1412/672 1348/1412/672
f 3035/1066/8 3036/1067/8 1069/1067/8
f 2309/365/673 2310/363/673 343/363/673
f 2153/161/674 2154/156/674 187/156/674
f 3043/56/112 3044/1076/112 1077/1076/112
f 2269/364/675 2270/366/675 303/366/675
f 3330/1415/676 3331/1416/676 1364/1416/676
f 2301/358/677 2302/368/677 335/368/677
f 2105/166/678 2106/172/678 139/172/678
f 3474/1413/679 3475/1419/679 1508/1419/679
f 2963/1088/667 2964/1090/667 997/1090/667
f 2277/370/681 2278/361/681 311/361/681
f 2137/181/682 2138/186/682 171/186/682
f 3386/1420/683 3387/1418/683 1420/1418/683
f 2979/1099/684 2980/1096/684 1013/1096/684
f 2341/308/685 2342/372/685 375/372/685
f 178/187/686 2145/187/686 2146/185/686
f 2121/196/687 2122/189/687 155/189/687
f 2349/387/688 2350/391/688 383/391/688
f 3290/1427/689 3291/1430/689 1324/1430/689
f 2365/397/690 2366/395/690 399/395/690
f 2113/202/691 2114/204/691 147/204/691
f 3298/1441/692 3299/1443/692 1332/1443/692
f 2357/401/693 2358/403/693 391/403/693
f 2409/210/64 2410/37/64 443/37/64
f 2397/410/694 2398/408/694 431/408/694
f 2177/38/76 2178/211/76 211/211/76
f 3282/1451/1858 3283/1450/1858 1316/1450/1858
f 2971/1100/8 2972/1107/8 1005/1107/8
f 217/213/9 2184/213/9 2177/38/9
f 3362/1458/696 3363/1449/696 1396/1449/696
f 2373/421/697 2374/423/697 407/423/697
f 2185/223/698 2186/221/698 219/221/698
f 3378/1463/699 3379/1460/699 1412/1460/699
f 2389/425/700 2390/424/700 423/424/700
f 2221/222/701 2185/223/701 218/223/701
f 3338/1467/702 3339/1477/702 1372/1477/702
f 3131/1111/703 3132/1113/703 1165/1113/703
f 2381/436/704 2382/435/704 415/435/704
f 3219/1122/705 3220/1120/705 1253/1120/705
f 3370/1479/706 3371/1480/706 1404/1480/706
f 2509/441/707 2510/442/707 543/442/707
f 2241/242/708 2242/238/708 275/238/708
f 3139/1127/709 3140/1128/709 1173/1128/709
f 2225/240/710 2226/243/710 259/243/710
f 3274/1486/711 3275/1484/711 1308/1484/711
f 3211/1137/712 3212/1135/712 1245/1135/712
f 2501/456/713 2502/454/713 535/454/713
f 2217/244/714 2218/239/714 251/239/714
f 2517/455/715 2518/457/715 551/457/715
f 3258/1488/716 3259/1491/716 1292/1491/716
f 2485/462/717 2486/460/717 519/460/717
f 3147/1142/718 3148/1145/718 1181/1145/718
f 526/473/719 2493/473/719 2494/477/719
f 1299/1507/720 3266/1507/720 3267/1505/720
f 3203/1152/721 3204/1150/721 1237/1150/721
f 226/256/722 2193/256/722 2194/260/722
f 3354/1515/723 3355/1513/723 1388/1513/723
f 2533/478/724 2534/475/724 567/475/724
f 3179/1159/725 3180/1164/725 1213/1164/725
f 2525/489/726 2526/487/726 559/487/726
f 3346/1516/727 3347/1518/727 1380/1518/727
f 3155/1163/728 3156/1167/728 1189/1167/728
f 2233/279/729 2234/280/729 267/280/729
f 3195/1175/730 3196/1172/730 1229/1172/730
f 2477/497/731 2478/496/731 511/496/731
f 3187/1182/732 3188/1185/732 1221/1185/732
f 2541/507/733 2542/508/733 575/508/733
f 2201/283/734 2202/284/734 235/284/734
f 3171/1192/735 3172/1190/735 1205/1190/735
f 2549/509/736 2550/516/736 583/516/736
f 2209/292/737 2210/286/737 243/286/737
f 2469/519/738 2470/517/738 503/517/738
f 370/246/739 2337/246/739 2338/295/739
f 3163/1198/740 3164/1200/740 1197/1200/740
f 2413/525/741 2414/528/741 447/528/741
f 2421/537/742 2422/539/742 455/539/742
f 282/274/9 2249/274/9 2250/297/9
f 362/298/9 2329/298/9 2330/277/9
f 1156/1212/743 3123/1212/743 3124/1210/743
f 2445/548/744 2446/544/744 479/544/744
f 434/303/64 2401/303/64 2402/300/64
f 1819/1533/745 3786/1533/745 3787/1532/745
f 3107/1211/746 3108/1213/746 1141/1213/746
f 2289/316/8 2290/313/8 323/313/8
f 3115/1227/747 3116/1226/747 1149/1226/747
f 2453/550/748 2454/553/748 487/553/748
f 354/328/749 2321/328/749 2322/324/749
f 3403/1228/750 3404/1231/750 1437/1231/750
f 2461/558/751 2462/546/751 495/546/751
f 3523/1232/752 3524/37/752 1557/37/752
f 2257/326/753 2258/330/753 291/330/753
f 3770/1524/754 3771/1538/754 1804/1538/754
f 2429/570/755 2430/571/755 463/571/755
f 3778/1545/756 3779/1546/756 1812/1546/756
f 3515/1247/757 3516/1245/757 1549/1245/757
f 2701/585/758 2702/583/758 735/583/758
f 2297/337/759 2298/341/759 331/341/759
f 3530/1553/760 3531/1554/760 1564/1554/760
f 3411/1246/761 3412/1251/761 1445/1251/761
f 2281/342/762 2282/338/762 315/338/762
f 3538/1561/763 3539/1562/763 1572/1562/763
f 1540/1258/764 3507/1258/764 3508/1262/764
f 2437/587/765 2438/60/765 471/60/765
f 3546/1569/766 3547/1570/766 1580/1570/766
f 2313/355/767 2314/353/767 347/353/767
f 1595/1574/768 3562/1574/768 3563/1572/768
f 3435/1276/769 3436/1274/769 1469/1274/769
f 2265/354/770 2266/356/770 299/356/770
f 3554/1585/771 3555/1583/771 1588/1583/771
f 3235/1279/772 3236/1270/772 1269/1270/772
f 2589/590/773 2590/593/773 623/593/773
f 3419/1283/774 3420/1285/774 1453/1285/774
f 2345/378/775 2346/381/775 379/381/775
f 3570/1594/776 3571/1596/776 1604/1596/776
f 2305/382/777 2306/376/777 339/376/777
f 3427/1294/778 3428/1292/778 1461/1292/778
f 2273/379/779 2274/388/779 307/388/779
f 3578/1606/780 3579/1607/780 1612/1607/780
f 3499/1299/781 3500/1249/781 1533/1249/781
f 3491/1312/782 3492/1311/782 1525/1311/782
f 2581/599/783 2582/596/783 615/596/783
f 2353/394/1330 2354/398/1330 387/398/1330
f 3243/1310/785 3244/1315/785 1277/1315/785
f 3762/1615/1859 3763/1604/1859 1796/1604/1859
f 2557/575/787 2558/603/787 591/603/787
f 2361/407/788 2362/405/788 395/405/788
f 3586/1614/789 3587/1616/789 1620/1616/789
f 2693/614/790 2694/611/790 727/611/790
f 3754/1627/791 3755/1624/791 1788/1624/791
f 3459/1330/792 3460/1328/792 1493/1328/792
f 3746/1638/1860 3747/1637/1860 1780/1637/1860
f 3443/1329/794 3444/1331/794 1477/1331/794
f 2369/413/795 2370/414/795 403/414/795
f 3451/1345/796 3452/1344/796 1485/1344/796
f 2393/419/797 2394/417/797 427/417/797
f 3738/1647/798 3739/1646/798 1772/1646/798
f 2597/619/799 2598/623/799 631/623/799
f 2385/431/800 2386/430/800 419/430/800
f 3730/1655/801 3731/1654/801 1764/1654/801
f 3227/1348/802 3228/1347/802 1261/1347/802
f 2573/67/803 2574/627/803 607/627/803
f 2685/634/804 2686/632/804 719/632/804
f 2565/649/805 2566/646/805 599/646/805
f 3722/1666/806 3723/1664/806 1756/1664/806
f 2669/652/807 2670/647/807 703/647/807
f 3634/1668/808 3635/1663/808 1668/1663/808
f 2377/433/809 2378/439/809 411/439/809
f 2605/657/810 2606/661/810 639/661/810
f 2513/446/811 2514/448/811 547/448/811
f 3395/1370/812 3396/1369/812 1429/1369/812
f 3467/1365/813 3468/1372/813 1501/1372/813
f 2677/664/418 2678/667/418 711/667/418
f 2505/449/814 2506/447/814 539/447/814
f 3483/1375/815 3484/1367/815 1517/1367/815
f 2661/673/816 2662/671/816 695/671/816
f 2489/467/817 2490/469/817 523/469/817
f 2653/690/818 2654/17/818 687/17/818
f 2497/471/819 2498/466/819 531/466/819
f 1675/1678/820 3642/1678/820 3643/1682/820
f 2637/691/821 2638/692/821 671/692/821
f 2521/468/822 2522/472/822 555/472/822
f 3307/1377/823 3308/1382/823 1341/1382/823
f 3594/1662/824 3595/1685/824 1628/1685/824
f 3398/1364/668 3399/1362/668 1432/1362/668
f 3626/1687/825 3627/1683/825 1660/1683/825
f 3390/1380/826 3391/1378/826 1424/1378/826
f 3323/1402/1861 3324/1401/1861 1357/1401/1861
f 562/484/828 2529/484/828 2530/483/828
f 2613/686/829 2614/701/829 647/701/829
f 3315/1412/830 3316/1411/830 1349/1411/830
f 2645/704/831 2646/706/831 679/706/831
f 2481/493/832 2482/492/832 515/492/832
f 3714/1704/833 3715/1700/833 1748/1700/833
f 2629/717/834 2630/716/834 663/716/834
f 2537/500/835 2538/502/835 571/502/835
f 3650/1703/836 3651/1705/836 1684/1705/836
f 3470/1386/837 3471/1389/837 1504/1389/837
f 3331/1416/838 3332/1417/838 1365/1417/838
f 3618/1717/839 3619/1712/839 1652/1712/839
f 3310/1387/840 3311/1390/840 1344/1390/840
f 3387/1418/841 3388/1384/841 1421/1384/841
f 2473/503/842 2474/501/842 507/501/842
f 3706/1725/1862 3707/1722/1862 1740/1722/1862
f 3326/1400/99 3327/1398/99 1360/1398/99
f 2621/721/844 2622/724/844 655/724/844
f 3318/1408/845 3319/1407/845 1352/1407/845
f 3475/1419/846 3476/1429/846 1509/1429/846
f 3658/1726/847 3659/1729/847 1692/1729/847
f 3478/1414/848 3479/1395/848 1512/1395/848
f 878/727/9 2845/727/9 2846/728/9
f 2545/513/849 2546/86/849 579/86/849
f 3690/1743/1863 3691/1745/1863 1724/1745/1863
f 3291/1430/851 3292/1431/851 1325/1431/851
f 2853/740/852 2854/742/852 887/742/852
f 3294/1434/853 3295/1435/853 1328/1435/853
f 2465/76/854 2466/524/854 499/524/854
f 3602/1746/855 3603/1753/855 1636/1753/855
f 3299/1443/856 3300/1444/856 1333/1444/856
f 2837/743/857 2838/741/857 871/741/857
f 2553/523/858 2554/527/858 587/527/858
f 3698/1755/859 3699/1751/859 1732/1751/859
f 3286/1436/860 3287/1432/860 1320/1432/860
f 3334/1424/861 3335/1442/861 1368/1442/861
f 2417/532/862 2418/533/862 451/533/862
f 3610/1767/1864 3611/1769/1864 1644/1769/1864
f 3382/1447/864 3383/1437/864 1416/1437/864
f 3283/1450/865 3284/1445/865 1317/1445/865
f 2829/758/64 2830/756/64 863/756/64
f 2449/540/866 2450/543/866 483/543/866
f 2861/757/76 2862/759/76 895/759/76
f 2425/554/867 2426/559/867 459/559/867
f 3666/1774/868 3667/1775/868 1700/1775/868
f 3278/1464/869 3279/1461/869 1312/1461/869
f 2457/561/870 2458/563/870 491/563/870
f 3682/1777/871 3683/1776/871 1716/1776/871
f 3363/1449/872 3364/1459/872 1397/1459/872
f 2813/774/873 2814/777/873 847/777/873
f 3674/1789/874 3675/1787/874 1708/1787/874
f 1412/1460/875 3379/1460/875 3380/1455/875
f 2441/565/876 2442/560/876 475/560/876
f 2805/779/877 2806/776/877 839/776/877
f 3371/1480/878 3372/1481/878 1405/1481/878
f 3366/1466/879 3367/1470/879 1400/1470/879
f 2705/577/880 2706/576/880 739/576/880
f 3810/1807/881 3811/1814/881 1844/1814/881
f 3254/1465/882 3255/1471/882 1288/1471/882
f 3275/1484/883 3276/1474/883 1309/1474/883
f 2585/578/884 2586/579/884 619/579/884
f 3842/1817/885 3843/1815/885 1876/1815/885
f 3339/1477/886 3340/1489/886 1373/1489/886
f 2821/794/64 2822/788/64 855/788/64
f 3374/1483/887 3375/77/887 1408/77/887
f 2869/791/76 2870/795/76 903/795/76
f 3890/1825/888 3891/1824/888 1924/1824/888
f 2877/805/889 2878/806/889 911/806/889
f 3270/1497/890 3271/1494/890 1304/1494/890
f 3259/1491/891 3260/1495/891 1293/1495/891
f 2433/584/892 2434/594/892 467/594/892
f 1915/1836/893 3882/1836/893 3883/1835/893
f 3358/1499/894 3359/1493/894 1392/1493/894
f 2797/809/895 2798/804/895 831/804/895
f 2697/601/896 2698/598/896 731/598/896
f 3267/1505/897 3268/1502/897 1301/1502/897
f 2593/607/898 2594/609/898 627/609/898
f 3898/1839/899 3899/1842/899 1932/1842/899
f 3262/1501/900 3263/1504/900 1296/1504/900
f 3355/1513/901 3356/1511/901 1389/1511/901
f 2789/816/902 2790/817/902 823/817/902
f 2577/616/903 2578/613/903 611/613/903
f 2749/828/904 2750/830/904 783/830/904
f 2689/625/905 2690/622/905 723/622/905
f 3930/1851/906 3931/1813/906 1964/1813/906
f 3342/1503/907 3343/1510/907 1376/1510/907
f 3347/1518/908 3348/1520/908 1381/1520/908
f 2741/833/909 2742/831/909 775/831/909
f 3818/1847/910 3819/1854/910 1852/1854/910
f 3350/1523/911 3351/1521/911 1384/1521/911
f 3787/1532/912 3788/1531/912 1821/1531/912
f 3922/1868/913 3923/1867/913 1956/1867/913
f 1823/1529/914 3790/1529/914 3791/1528/914
f 2757/844/915 2758/846/915 791/846/915
f 3906/1869/916 3907/1872/916 1940/1872/916
f 3782/1537/917 3783/1536/917 1816/1536/917
f 1804/1538/918 3771/1538/918 3772/1539/918
f 2569/640/919 2570/636/919 603/636/919
f 3914/1878/9 3915/1877/9 1948/1877/9
f 2733/849/920 2734/847/920 767/847/920
f 2601/635/921 2602/641/921 635/641/921
f 3774/1541/922 3775/1542/922 1808/1542/922
f 3779/1546/923 3780/1547/923 1813/1547/923
f 1883/1886/1865 3850/1886/1865 3851/1890/1865
f 3526/1550/1866 3527/1549/1866 1560/1549/1866
f 3531/1554/926 3532/1555/926 1565/1555/926
f 2765/859/927 2766/861/927 799/861/927
f 3534/1557/928 3535/1558/928 1568/1558/928
f 3539/1562/929 3540/1563/929 1573/1563/929
f 2561/637/930 2562/644/930 595/644/930
f 3826/1897/931 3827/1899/931 1860/1899/931
f 1575/1565/932 3542/1565/932 3543/1566/932
f 1580/1570/933 3547/1570/933 3548/1571/933
f 2725/866/934 2726/864/934 759/864/934
f 1867/1904/935 3834/1904/935 3835/1896/935
f 2673/653/936 2674/656/936 707/656/936
f 3874/1906/937 3875/1902/937 1908/1902/937
f 3558/1578/938 3559/1577/938 1592/1577/938
f 3555/1583/939 3556/1581/939 1589/1581/939
f 2773/875/940 2774/876/940 807/876/940
f 2665/663/941 2666/660/941 699/660/941
f 3550/1579/1867 3551/1582/1867 1584/1582/1867
f 3563/1572/943 3564/1587/943 1597/1587/943
f 3566/1589/944 3567/1590/944 1600/1590/944
f 2717/883/945 2718/881/945 751/881/945
f 1891/1916/946 3858/1916/946 3859/1918/946
f 3766/1597/947 3767/1595/947 1800/1595/947
f 2681/27/948 2682/675/948 715/675/948
f 3571/1596/949 3572/1598/949 1605/1598/949
f 814/889/950 2781/889/950 2782/891/950
f 3866/1925/8 3867/1926/8 1900/1926/8
f 3574/1601/951 3575/1602/951 1608/1602/951
f 3763/1604/952 3764/1603/952 1797/1603/952
f 2782/891/953 2709/38/953 742/38/953
f 2609/674/954 2610/678/954 643/678/954
f 2043/3/955 2044/1/955 77/1/955
f 2657/682/956 2658/680/956 691/680/956
f 2051/10/957 2052/11/957 85/11/957
f 3582/1610/958 3583/1611/958 1616/1611/958
f 3579/1607/959 3580/1608/959 1613/1608/959
f 2641/697/960 2642/698/960 675/698/960
f 2059/18/961 2060/19/961 93/19/961
f 1791/1621/962 3758/1621/962 3759/1620/962
f 2709/38/963 2710/894/963 743/894/963
f 2649/702/964 2650/699/964 683/699/964
f 2067/26/965 2068/27/965 101/27/965
f 2925/906/966 2926/908/966 959/908/966
f 2075/34/967 2076/35/967 109/35/967
f 2949/911/968 2950/909/968 983/909/968
f 2617/710/969 2618/711/969 651/711/969
f 1971/41/970 1972/42/970 5/42/970
f 1620/1616/318 3587/1616/318 3588/1619/318
f 2941/924/9 2942/923/9 975/923/9
f 2633/712/971 2634/688/971 667/688/971
f 2035/55/972 2036/54/972 69/54/972
f 3755/1624/973 3756/1623/973 1789/1623/973
f 2933/932/9 2934/931/9 967/931/9
f 2625/722/974 2626/720/974 659/720/974
f 1979/64/975 1980/61/975 13/61/975
f 1783/1632/976 3750/1632/976 3751/1631/976
f 3747/1637/977 3748/1635/977 1781/1635/977
f 2849/732/978 2850/734/978 883/734/978
f 2027/69/979 2028/67/979 61/67/979
f 3590/1629/980 3591/1633/980 1624/1633/980
f 2885/934/981 2886/935/981 919/935/981
f 3742/1643/982 3743/1641/982 1776/1641/982
f 3739/1646/983 3740/1644/983 1773/1644/983
f 2841/735/984 2842/733/984 875/733/984
f 3734/1651/335 3735/1650/335 1768/1650/335
f 2893/942/985 2894/943/985 927/943/985
f 1987/74/986 1988/76/986 21/76/986
f 3726/1659/987 3727/1658/987 1760/1658/987
f 3731/1654/988 3732/1653/988 1765/1653/988
f 2857/748/989 2858/750/989 891/750/989
f 2019/84/990 2020/83/990 53/83/990
f 2909/953/991 2910/954/991 943/954/991
f 2833/751/992 2834/749/992 867/749/992
f 3638/1669/993 3639/1672/993 1672/1672/993
f 3723/1664/994 3724/1661/994 1757/1661/994
f 2901/960/8 2902/961/8 935/961/8
f 1995/91/995 1996/93/995 29/93/995
f 3630/1677/996 3631/1675/996 1664/1675/996
f 3635/1663/997 3636/1665/997 1669/1665/997
f 2809/768/998 2810/766/998 843/766/998
f 2011/99/999 2012/97/999 45/97/999
f 3718/1690/1000 3719/1686/1000 1752/1686/1000
f 2917/966/1001 2918/967/1001 951/967/1001
f 3627/1683/1002 3628/1681/1002 1661/1681/1002
f 2825/770/64 2826/764/64 859/764/64
f 2003/110/1003 2004/111/1003 37/111/1003
f 3643/1682/1004 3644/1684/1004 1677/1684/1004
f 2865/765/76 2866/771/76 899/771/76
f 3646/1691/1005 3647/1695/1005 1680/1695/1005
f 3622/1698/1006 3623/1693/1006 1656/1693/1006
f 3077/968/1007 3078/972/1007 1111/972/1007
f 850/785/1008 2817/785/1008 2818/787/1008
f 2083/116/1009 2084/118/1009 117/118/1009
f 2171/123/1010 2172/121/1010 205/121/1010
f 2801/793/1011 2802/789/1011 835/789/1011
f 3710/1715/1012 3711/1713/1012 1744/1713/1012
f 3053/985/1013 3054/989/1013 1087/989/1013
f 3654/1714/1014 3655/1716/1014 1688/1716/1014
f 3093/995/1015 3094/991/1015 1127/991/1015
f 2091/132/1016 2092/134/1016 125/134/1016
f 1748/1700/1017 3715/1700/1017 3716/1697/1017
f 3069/997/1018 3070/992/1018 1103/992/1018
f 2163/139/1019 2164/137/1019 197/137/1019
f 3595/1685/1020 3596/1701/1020 1629/1701/1020
f 2873/800/1021 2874/801/1021 907/801/1021
f 3598/1721/1022 3599/1727/1022 1632/1727/1022
f 2785/812/1023 2786/813/1023 819/813/1023
f 3686/1732/1024 3687/1736/1024 1720/1736/1024
f 3085/998/1025 3086/1002/1025 1119/1002/1025
f 2793/820/1026 2794/821/1026 827/821/1026
f 2099/149/1027 2100/151/1027 133/151/1027
f 3702/1740/1028 3703/1735/1028 1736/1735/1028
f 3651/1705/1029 3652/1708/1029 1685/1708/1029
f 2155/154/1030 2156/152/1030 189/152/1030
f 3694/1752/1031 3695/1754/1031 1728/1754/1031
f 3619/1712/98 3620/1707/98 1653/1707/98
f 3061/1015/1032 3062/1016/1032 1095/1016/1032
f 2745/826/1033 2746/824/1033 779/824/1033
f 164/162/1034 2131/162/1034 2132/164/1034
f 3707/1722/1035 3708/1720/1035 1741/1720/1035
f 2753/836/1036 2754/838/1036 787/838/1036
f 3021/1019/724 3022/1020/724 1055/1020/724
f 3606/1761/1037 3607/1763/1037 1640/1763/1037
f 2997/1028/1038 2998/1026/1038 1031/1026/1038
f 2737/841/1039 2738/839/1039 771/839/1039
f 3614/1766/1040 3615/1758/1040 1648/1758/1040
f 2147/182/1041 2148/180/1041 181/180/1041
f 3662/1762/1042 3663/1768/1042 1696/1768/1042
f 3659/1729/1043 3660/1739/1043 1693/1739/1043
f 3013/1035/1044 3014/97/1044 1047/97/1044
f 2761/852/1045 2762/853/1045 795/853/1045
f 3678/1783/1046 3679/1781/1046 1712/1781/1046
f 3691/1745/1047 3692/1749/1047 1725/1749/1047
f 3005/1037/1048 3006/1039/1048 1039/1039/1048
f 2123/183/1049 2124/179/1049 157/179/1049
f 3699/1751/1050 3700/1748/1050 1733/1748/1050
f 2729/858/1051 2730/856/1051 763/856/1051
f 2107/177/1052 2108/184/1052 141/184/1052
f 2989/1051/1053 2990/1050/1053 1023/1050/1053
f 802/867/1054 2769/867/1054 2770/869/1054
f 1703/1785/1055 3670/1785/1055 3671/1788/1055
f 3603/1753/1056 3604/1759/1056 1637/1759/1056
f 2139/188/1057 2140/192/1057 173/192/1057
f 2721/874/1058 2722/872/1058 755/872/1058
f 3611/1769/1059 3612/1770/1059 1645/1770/1059
f 3029/1058/1868 3030/1059/1868 1063/1059/1868
f 2115/206/1061 2116/207/1061 149/207/1061
f 212/216/64 2179/216/64 2180/212/64
f 2777/882/1062 2778/884/1062 811/884/1062
f 1879/1810/76 3846/1810/76 3847/1811/76
f 3683/1776/1063 3684/1733/1063 1717/1733/1063
f 2713/892/1064 2714/890/1064 747/890/1064
f 2187/229/1065 2188/233/1065 221/233/1065
f 2921/897/1066 2922/900/1066 955/900/1066
f 2243/234/1067 2244/231/1067 277/231/1067
f 3894/1820/1869 3895/1821/1869 1928/1821/1869
f 3667/1775/1069 3668/1778/1069 1701/1778/1069
f 3045/1075/1070 3046/1074/1070 1079/1074/1070
f 2953/903/1071 2954/901/1071 987/901/1071
f 2219/235/1072 2220/230/1072 253/230/1072
f 3675/1787/1073 3676/1786/1073 1709/1786/1073
f 962/914/1074 2929/914/1074 2930/916/1074
f 2945/919/1075 2946/917/1075 979/917/1075
f 3886/1831/1870 3887/1830/1870 1920/1830/1870
f 2937/928/9 2938/927/9 971/927/9
f 2227/251/1077 2228/255/1077 261/255/1077
f 3814/1829/1078 3815/1837/1078 1848/1837/1078
f 3838/1848/1079 3839/1843/1079 1872/1843/1079
f 3803/1793/8 3804/1795/8 1837/1795/8
f 2889/938/1080 2890/939/1080 923/939/1080
f 3902/1853/1081 3903/1858/1081 1936/1858/1081
f 3806/1797/64 3803/1793/64 1836/1793/64
f 2195/263/1082 2196/267/1082 229/267/1082
f 3926/1860/1083 3927/1857/1083 1960/1857/1083
f 2897/946/8 2898/947/8 931/947/8
f 2235/270/1084 2236/266/1084 269/266/1084
f 3918/1874/9 3919/1873/9 1952/1873/9
f 2211/282/1085 2212/271/1085 245/271/1085
f 3910/1882/9 3911/1881/9 1944/1881/9
f 1070/1069/9 3037/1069/9 3038/1081/9
f 2913/957/1086 2914/958/1086 947/958/1086
f 3878/1885/1087 3879/1856/1087 1912/1856/1087
f 3795/38/8 3796/1799/8 1829/1799/8
f 2957/1070/1088 2958/1082/1088 991/1082/1088
f 2905/963/8 2906/950/8 939/950/8
f 3798/1800/64 3795/38/64 1828/38/64
f 3097/979/1089 3098/976/1089 1131/976/1089
f 2203/285/1090 2204/287/1090 237/287/1090
f 3822/1889/1871 3823/1891/1871 1856/1891/1871
f 1964/1813/64 3931/1813/64 3932/1812/64
f 2965/1091/1092 2966/1092/1092 999/1092/1092
f 1106/981/1093 3073/981/1093 3074/978/1093
f 2981/1093/1094 2982/1089/1094 1015/1089/1094
f 2403/293/1095 2404/294/1095 437/294/1095
f 2973/1106/1096 2974/1105/1096 1007/1105/1096
f 3081/984/1097 3082/986/1097 1115/986/1097
f 3854/1903/1098 3855/1907/1098 1888/1907/1098
f 3843/1815/1099 3844/1809/1099 1877/1809/1099
f 3811/1814/1100 3812/1816/1100 1845/1816/1100
f 3830/1908/1101 3831/1911/1101 1864/1911/1101
f 3133/1115/1102 3134/1117/1102 1167/1117/1102
f 3057/1000/1103 3058/1004/1103 1091/1004/1103
f 2339/301/1104 2340/302/1104 373/302/1104
f 3891/1824/1105 3892/1823/1105 1925/1823/1105
f 3221/1118/1106 3222/1116/1106 1255/1116/1106
f 3089/1011/1107 3090/1006/1107 1123/1006/1107
f 2251/296/8 2252/304/8 285/304/8
f 3862/1921/8 3863/1922/8 1896/1922/8
f 3065/1013/1108 3066/1009/1108 1099/1009/1108
f 3870/1929/8 3871/1917/8 1904/1917/8
f 3883/1835/1109 3884/1833/1109 1917/1833/1109
f 2047/6/1110 2048/7/1110 81/7/1110
f 3899/1842/1111 3900/1845/1111 1933/1845/1111
f 3141/1130/1112 3142/1132/1112 1175/1132/1112
f 3017/1024/441 3018/1023/441 1051/1023/441
f 2291/309/1113 2292/314/1113 325/314/1113
f 2055/14/1114 2056/15/1114 89/15/1114
f 3213/1134/1115 3214/1133/1115 1247/1133/1115
f 3001/1032/1116 3002/1033/1116 1035/1033/1116
f 2323/321/1117 2324/317/1117 357/317/1117
f 2063/22/1118 2064/23/1118 97/23/1118
f 2071/30/1119 2072/31/1119 105/31/1119
f 3819/1854/1120 3820/1862/1120 1853/1862/1120
f 1042/1044/9 3009/1044/9 3010/1043/9
f 1975/45/1121 1976/46/1121 9/46/1121
f 3923/1867/1122 3924/1865/1122 1957/1865/1122
f 3205/1148/1123 3206/1146/1123 1239/1146/1123
f 2283/334/1124 2284/329/1124 317/329/1124
f 2039/51/1125 2040/52/1125 73/52/1125
f 3915/1877/9 3916/1876/9 1949/1876/9
f 3149/1147/1126 3150/1149/1126 1183/1149/1126
f 2993/1047/1127 2994/1046/1127 1027/1046/1127
f 292/333/1128 2259/333/1128 2260/336/1128
f 2031/59/1129 2032/58/1129 65/58/1129
f 3907/1872/9 3908/1884/9 1941/1884/9
f 3197/1169/1130 3198/1165/1130 1231/1165/1130
f 3025/1053/409 3026/1054/409 1059/1054/409
f 3181/1166/1131 3182/1170/1131 1215/1170/1131
f 3033/1064/1132 3034/1065/1132 1067/1065/1132
f 1983/66/1133 1984/68/1133 17/68/1133
f 3851/1890/1134 3852/1895/1134 1885/1895/1134
f 2985/80/992 2986/1063/992 1019/1063/992
f 2315/349/1135 2316/346/1135 349/346/1135
f 2023/77/1136 2024/75/1136 57/75/1136
f 1868/1896/1137 3835/1896/1137 3836/1888/1137
f 2299/345/1138 2300/350/1138 333/350/1138
f 3157/1173/1139 3158/1179/1139 1191/1179/1139
f 3827/1899/1140 3828/1901/1140 1861/1901/1140
f 3041/1078/1141 3042/1077/1141 1075/1077/1141
f 3875/1902/1142 3876/1898/1142 1909/1898/1142
f 3173/1183/1143 3174/1177/1143 1207/1177/1143
f 2267/359/1144 2268/362/1144 301/362/1144
f 1991/82/1145 1992/85/1145 25/85/1145
f 2961/1086/1146 2962/1087/1146 995/1087/1146
f 2307/371/1147 2308/367/1147 341/367/1147
f 2015/92/1148 2016/90/1148 49/90/1148
f 3859/1918/8 3860/1919/8 1893/1919/8
f 3189/1188/1149 3190/1189/1149 1223/1189/1149
f 2969/1097/8 2970/1098/8 1003/1098/8
f 2347/385/1150 2348/386/1150 381/386/1150
f 3867/1926/8 3868/1927/8 1901/1927/8
f 2977/1102/1151 2978/1101/1151 1011/1101/1151
f 2044/1/1152 2045/4/1152 78/4/1152
f 3165/1202/1153 3166/1201/1153 1199/1201/1153
f 3129/1110/1154 3130/1108/1154 1163/1108/1154
f 2275/389/1155 2276/390/1155 309/390/1155
f 2052/11/1156 2053/12/1156 86/12/1156
f 3125/1208/1157 3126/1206/1157 1159/1206/1157
f 2007/104/1158 2008/103/1158 41/103/1158
f 2060/19/1159 2061/20/1159 94/20/1159
f 2355/399/377 2356/400/377 389/400/377
f 101/27/1160 2068/27/1160 2069/28/1160
f 3137/1123/1161 3138/1125/1161 1171/1125/1161
f 1999/101/1162 2000/106/1162 33/106/1162
f 2076/35/1163 2077/36/1163 110/36/1163
f 3109/1215/1164 3110/1217/1164 1143/1217/1164
f 3217/1126/1165 3218/1124/1165 1251/1124/1165
f 2363/402/1166 2364/396/1166 397/396/1166
f 1972/42/228 1973/43/228 6/43/228
f 3117/1224/1167 3118/1222/1167 1151/1222/1167
f 2395/415/1168 2396/412/1168 429/412/1168
f 2079/38/1169 2080/113/1169 113/113/1169
f 2036/54/211 2037/49/211 70/49/211
f 2176/37/1170 2079/38/1170 112/38/1170
f 1980/61/1171 1981/48/1171 14/48/1171
f 3145/1138/1172 3146/1140/1172 1179/1140/1172
f 2175/115/1173 2176/37/1173 209/37/1173
f 2028/67/1174 2029/65/1174 62/65/1174
f 3209/1141/1175 3210/1139/1175 1243/1139/1175
f 2371/416/1176 2372/418/1176 405/418/1176
f 3405/1233/1177 3406/1236/1177 1439/1236/1177
f 2387/428/1872 2388/427/1872 421/427/1872
f 3517/1243/1179 3518/1241/1179 1551/1241/1179
f 2379/438/1180 2380/437/1180 413/437/1180
f 2087/124/1181 2088/126/1181 121/126/1181
f 1988/76/1182 1989/78/1182 22/78/1182
f 3501/1250/1183 3502/1248/1183 1535/1248/1183
f 3201/1156/1184 3202/1154/1184 1235/1154/1184
f 2167/131/1185 2168/129/1185 201/129/1185
f 2020/83/1186 2021/81/1186 54/81/1186
f 3153/1155/1187 3154/1157/1187 1187/1157/1187
f 2507/445/1188 2508/443/1188 541/443/1188
f 3509/1264/1189 3510/1265/1189 1543/1265/1189
f 1210/1160/1190 3177/1160/1190 3178/1161/1190
f 2515/450/1191 2516/453/1191 549/453/1191
f 2095/140/1192 2096/142/1192 129/142/1192
f 2159/147/1193 2160/145/1193 193/145/1193
f 1996/93/1194 1997/96/1194 30/96/1194
f 3237/1266/1195 3238/1260/1195 1271/1260/1195
f 2499/459/1196 2500/458/1196 533/458/1196
f 2012/97/1197 2013/95/1197 46/95/1197
f 3413/1257/1198 3414/1269/1198 1447/1269/1198
f 3185/1176/1199 3186/1180/1199 1219/1180/1199
f 2004/111/1200 2005/107/1200 38/107/1200
f 3193/1181/1201 3194/1178/1201 1227/1178/1201
f 2491/470/1202 2492/98/1202 525/98/1202
f 2103/157/1203 2104/163/1203 137/163/1203
f 3437/1272/1204 3438/1273/1204 1471/1273/1204
f 2531/481/1205 2532/479/1205 565/479/1205
f 2127/167/1206 2128/159/1206 161/159/1206
f 2084/118/1207 2085/120/1207 118/120/1207
f 3421/1287/1208 3422/1289/1208 1455/1289/1208
f 2172/121/1209 2173/119/1209 206/119/1209
f 3169/1195/1023 3170/1194/1023 1203/1194/1023
f 2523/488/1210 2524/490/1210 557/490/1210
f 2151/169/1211 2152/165/1211 185/165/1211
f 3429/1290/1212 3430/1288/1212 1463/1288/1212
f 3161/1193/1213 3162/1196/1213 1195/1196/1213
f 2135/175/1214 2136/178/1214 169/178/1214
f 3493/1308/1215 3494/1307/1215 1527/1307/1215
f 2483/491/1216 2484/461/1216 517/461/1216
f 2143/193/1217 2144/190/1217 177/190/1217
f 2092/134/1218 2093/136/1218 126/136/1218
f 3461/1325/1219 3462/1322/1219 1495/1322/1219
f 2164/137/1220 2165/135/1220 198/135/1220
f 3105/1207/1221 3106/1209/1221 1139/1209/1221
f 2475/499/1219 2476/498/1219 509/498/1219
f 3229/1326/1222 3230/1316/1222 1263/1316/1222
f 3121/1216/1223 3122/1214/1223 1155/1214/1223
f 2119/200/1224 2120/198/1224 153/198/1224
f 2539/504/1225 2540/505/1225 573/505/1225
f 2111/199/1226 2112/201/1226 145/201/1226
f 2156/152/1227 2157/150/1227 190/150/1227
f 216/215/64 2183/215/64 2184/213/64
f 2100/151/1228 2101/153/1228 134/153/1228
f 3445/1333/1229 3446/1335/1229 1479/1335/1229
f 3113/1223/1230 3114/1225/1230 1147/1225/1230
f 2547/514/1231 2548/515/1231 581/515/1231
f 2132/164/1232 2133/168/1232 166/168/1232
f 3453/1342/1233 3454/1340/1233 1487/1340/1233
f 3245/1320/1234 3246/1346/1234 1279/1346/1234
f 3401/1229/1235 3402/1230/1235 1435/1230/1235
f 2467/522/1236 2468/520/1236 501/520/1236
f 2124/179/1873 2125/174/1873 158/174/1873
f 3524/37/1238 3401/1229/1238 1434/1229/1238
f 2407/228/64 2408/227/64 441/227/64
f 2148/180/1239 2149/176/1239 182/176/1239
f 3485/1357/1240 3486/1350/1240 1519/1350/1240
f 3521/1235/1241 3522/1234/1241 1555/1234/1241
f 2411/38/1242 2412/526/1242 445/526/1242
f 3301/1359/9 3302/1360/9 1335/1360/9
f 2223/232/1243 2224/236/1243 257/236/1243
f 3400/1361/1244 3301/1359/1244 1334/1359/1244
f 1442/1242/1245 3409/1242/1245 3410/1244/1245
f 2335/225/8 2336/245/8 369/245/8
f 3397/1366/1246 3398/1364/1246 1431/1364/1246
f 3505/1255/1247 3506/1256/1247 1539/1256/1247
f 3513/1263/1248 3514/1253/1248 1547/1253/1248
f 2108/184/1249 2109/191/1249 142/191/1249
f 3389/1381/1250 3390/1380/1250 1423/1380/1250
f 2191/249/1251 2192/253/1251 225/253/1251
f 2140/192/1252 2141/195/1252 174/195/1252
f 2239/254/1253 2240/250/1253 273/250/1253
f 2116/207/1254 2117/205/1254 150/205/1254
f 3433/1281/1255 3434/1278/1255 1467/1278/1255
f 452/535/1256 2419/535/1256 2420/536/1256
f 2215/257/1257 2216/252/1257 249/252/1257
f 2332/209/76 2333/208/76 366/208/76
f 3469/1379/1258 3470/1386/1258 1503/1386/1258
f 3417/1280/1259 3418/1282/1259 1451/1282/1259
f 443/37/9 2410/37/9 2332/209/9
f 1342/1385/1260 3309/1385/1260 3310/1387/1260
f 3425/1295/1261 3426/1296/1261 1459/1296/1261
f 2231/268/1262 2232/272/1262 265/272/1262
f 2180/212/8 2181/214/8 214/214/8
f 3325/1399/1263 3326/1400/1263 1359/1400/1263
f 484/545/1264 2451/545/1264 2452/547/1264
f 2220/230/1265 2221/222/1265 254/222/1265
f 3233/1298/1266 3234/1297/1266 1267/1297/1266
f 2199/278/1267 2200/281/1267 233/281/1267
f 2244/231/1268 2245/224/1268 278/224/1268
f 1350/1409/1269 3317/1409/1269 3318/1408/1269
f 3497/1302/1270 3498/1300/1270 1531/1300/1270
f 2207/290/1271 2208/291/1271 241/291/1271
f 3241/1301/1272 3242/1305/1272 1275/1305/1272
f 2327/306/8 2328/299/8 361/299/8
f 2188/233/1273 2189/237/1273 222/237/1273
f 3477/1422/1274 3478/1414/1274 1511/1414/1274
f 3489/1314/1275 3490/1313/1275 1523/1313/1275
f 2443/556/1276 2444/552/1276 477/552/1276
f 2287/315/1277 2288/312/1277 321/312/1277
f 3333/1421/1278 3334/1424/1278 1367/1424/1278
f 261/255/1279 2228/255/1279 2229/259/1279
f 3441/1324/1280 3442/1327/1280 1475/1327/1280
f 2255/318/1281 2256/322/1281 289/322/1281
f 2236/266/1282 2237/262/1282 270/262/1282
f 3293/1433/1283 3294/1434/1283 1327/1434/1283
f 3457/1334/1284 3458/1332/1284 1491/1332/1284
f 2555/538/1285 2556/564/1285 589/564/1285
f 2427/562/1286 2428/568/1286 461/568/1286
f 2196/267/1287 2197/269/1287 230/269/1287
f 3285/1440/1288 3286/1436/1288 1319/1436/1288
f 2212/271/1289 2213/265/1289 246/265/1289
f 3449/1341/1290 3450/1343/1290 1483/1343/1290
f 2459/567/1291 2460/566/1291 493/566/1291
f 328/327/1292 2295/327/1292 2296/332/1292
f 2319/335/1293 2320/331/1293 353/331/1293
f 2204/287/1294 2205/288/1294 238/288/1294
f 3381/1452/1295 3382/1447/1295 1415/1447/1295
f 3249/1353/1296 3250/1354/1296 1283/1354/1296
f 437/294/1297 2404/294/1297 2405/248/1297
f 3465/1351/1298 3466/1356/1298 1499/1356/1298
f 2708/37/1299 2411/38/1299 444/38/1299
f 2263/348/1300 2264/351/1300 297/351/1300
f 2707/574/1301 2708/37/1301 741/37/1301
f 2279/352/1302 2280/347/1302 313/347/1302
f 2587/586/1303 2588/588/1303 621/588/1303
f 2311/360/1304 2312/357/1304 345/357/1304
f 3253/1448/1305 3254/1465/1305 1287/1465/1305
f 2699/595/1306 2700/591/1306 733/591/1306
f 2252/304/1307 2253/305/1307 286/305/1307
f 3365/1462/1308 3366/1466/1308 1399/1466/1308
f 3305/1368/1309 3306/1373/1309 1339/1373/1309
f 2340/302/76 2341/308/76 374/308/76
f 3277/1469/1310 3278/1464/1310 1311/1464/1310
f 3393/1374/1311 3394/1371/1311 1427/1371/1311
f 2435/602/1312 2436/604/1312 469/604/1312
f 2271/369/1313 2272/375/1313 305/375/1313
f 3481/1388/1314 3482/1383/1314 1515/1383/1314
f 2579/610/1315 2580/606/1315 613/606/1315
f 2343/374/1316 2344/377/1316 377/377/1316
f 3373/1482/1317 3374/1483/1317 1407/1483/1317
f 2399/380/1318 2400/373/1318 433/373/1318
f 2324/317/1319 2325/310/1319 358/310/1319
f 2303/383/1320 2304/384/1320 337/384/1320
f 2292/314/1321 2293/319/1321 326/319/1321
f 3313/1394/390 3314/1397/390 1347/1397/390
f 2595/612/1322 2596/615/1322 629/615/1322
f 2284/329/1323 2285/325/1323 318/325/1323
f 2691/621/1324 2692/617/1324 725/617/1324
f 2351/392/1325 2352/393/1325 385/393/1325
f 3269/1500/1326 3270/1497/1326 1303/1497/1326
f 3321/1404/1327 3322/1403/1327 1355/1403/1327
f 2571/633/1328 2572/631/1328 605/631/1328
f 3261/1498/1329 3262/1501/1329 1295/1501/1329
f 2359/404/1330 2360/406/1330 393/406/1330
f 2260/336/1331 2261/340/1331 294/340/1331
f 3341/1496/1332 3342/1503/1332 1375/1503/1332
f 3473/1396/1333 3474/1413/1333 1507/1413/1333
f 2316/346/1334 2317/343/1334 350/343/1334
f 3357/1509/1335 3358/1499/1335 1391/1499/1335
f 636/645/1336 2603/645/1336 2604/650/1336
f 1362/1410/1337 3329/1410/1337 3330/1415/1337
f 2563/654/1338 2564/651/1338 597/651/1338
f 2367/409/1339 2368/411/1339 401/411/1339
f 3349/1522/1340 3350/1523/1340 1383/1523/1340
f 3385/1423/1341 3386/1420/1341 1419/1420/1341
f 2667/658/1342 2668/655/1342 701/655/1342
f 2391/422/1343 2392/420/1343 425/420/1343
f 3789/1530/1344 3790/1529/1344 1823/1529/1344
f 2675/659/1345 2676/662/1345 709/662/1345
f 2300/350/1346 2301/358/1346 334/358/1346
f 3773/1540/1347 3774/1541/1347 1807/1541/1347
f 3289/1426/1348 3290/1427/1348 1323/1427/1348
f 2683/677/8 2684/639/8 717/639/8
f 3781/1548/1349 3782/1537/1349 1815/1537/1349
f 2659/679/1350 2660/676/1350 693/676/1350
f 2375/426/1351 2376/429/1351 409/429/1351
f 2268/362/1352 2269/364/1352 302/364/1352
f 3297/1439/1353 3298/1441/1353 1331/1441/1353
f 2383/434/1354 2384/432/1354 417/432/1354
f 2308/367/1355 2309/365/1355 342/365/1355
f 3525/38/1356 3526/1550/1356 1559/1550/1356
f 2511/440/1357 2512/444/1357 545/444/1357
f 3281/1454/1358 3282/1451/1358 1315/1451/1358
f 2348/386/1359 2349/387/1359 382/387/1359
f 3337/1457/1360 3338/1467/1360 1371/1467/1360
f 2611/681/1361 2612/684/1361 645/684/1361
f 2503/452/1362 2504/451/1362 537/451/1362
f 2276/390/1363 2277/370/1363 310/370/1363
f 3377/1468/1364 3378/1463/1364 1411/1463/1364
f 2635/689/1365 2636/687/1365 669/687/1365
f 3361/1475/1366 3362/1458/1366 1395/1458/1366
f 2651/696/1874 2652/693/1874 685/693/1874
f 2519/103/1368 2520/463/1368 553/463/1368
f 2364/396/1369 2365/397/1369 398/397/1369
f 2643/700/619 2644/703/619 677/703/619
f 520/464/1370 2487/464/1370 2488/465/1370
f 3369/1478/1371 3370/1479/1371 1403/1479/1371
f 2535/476/76 2536/474/76 569/474/76
f 2356/400/1372 2357/401/1372 390/401/1372
f 3533/1556/1373 3534/1557/1373 1567/1557/1373
f 2495/480/1374 2496/482/1374 529/482/1374
f 2396/412/1375 2397/410/1375 430/410/1375
f 3257/1485/1376 3258/1488/1376 1291/1488/1376
f 2527/486/1377 2528/485/1377 561/485/1377
f 2619/715/1378 2620/719/1378 653/719/1378
f 3273/1490/1379 3274/1486/1379 1307/1486/1379
f 2627/7/1380 2628/718/1380 661/718/1380
f 2479/495/1381 2480/494/1381 513/494/1381
f 2372/418/1382 2373/421/1382 406/421/1382
f 2388/427/1383 2389/425/1383 422/425/1383
f 2843/731/1384 2844/729/1384 877/729/1384
f 2471/510/1385 2472/506/1385 505/506/1385
f 2380/437/1386 2381/436/1386 414/436/1386
f 3265/1508/1387 3266/1507/1387 1299/1507/1387
f 2851/736/1388 2852/738/1388 885/738/1388
f 2543/511/1389 2544/512/1389 577/512/1389
f 2508/443/1390 2509/441/1390 542/441/1390
f 3541/1564/1391 3542/1565/1391 1575/1565/1391
f 3345/1514/1392 3346/1516/1392 1379/1516/1392
f 2835/747/1393 2836/745/1393 869/745/1393
f 2551/518/1394 2552/521/1394 585/521/1394
f 2516/453/1395 2517/455/1395 550/455/1395
f 3353/1517/1396 3354/1515/1396 1387/1515/1396
f 2415/530/1397 2416/531/1397 449/531/1397
f 1802/1525/1398 3769/1525/1398 3770/1524/1398
f 2859/752/76 2860/755/76 893/755/76
f 2500/458/1399 2501/456/1399 534/456/1399
f 3794/37/1400 3769/1525/1400 1802/1525/1400
f 2463/534/1401 2464/529/1401 497/529/1401
f 3793/1526/1402 3794/37/1402 1827/37/1402
f 2827/762/64 2828/760/64 861/760/64
f 3785/1534/1403 3786/1533/1403 1819/1533/1403
f 2484/461/1404 2485/462/1404 518/462/1404
f 2811/769/1405 2812/772/1405 845/772/1405
f 2447/541/1406 2448/542/1406 481/542/1406
f 3777/1544/1407 3778/1545/1407 1811/1545/1407
f 900/778/76 2867/778/76 2868/784/76
f 3549/1575/1408 3550/1579/1408 1583/1579/1408
f 3529/1552/1409 3530/1553/1409 1563/1553/1409
f 2423/549/1410 2424/551/1410 457/551/1410
f 3537/1560/1411 3538/1561/1411 1571/1561/1411
f 2803/786/1412 2804/783/1412 837/783/1412
f 2455/555/1413 2456/557/1413 489/557/1413
f 3545/1568/1414 3546/1569/1414 1579/1569/1414
f 3557/1580/1415 3558/1578/1415 1591/1578/1415
f 2819/790/1416 2820/792/1416 853/792/1416
f 2439/572/1417 2440/569/1417 473/569/1417
f 3561/1573/1418 3562/1574/1418 1595/1574/1418
f 2875/802/1419 2876/803/1419 909/803/1419
f 2492/98/1420 2493/473/1420 526/473/1420
f 2787/814/1421 2788/815/1421 821/815/1421
f 3553/1586/1422 3554/1585/1422 1587/1585/1422
f 2795/77/1423 2796/822/1423 829/822/1423
f 3565/1588/1424 3566/1589/1424 1599/1589/1424
f 2747/825/1425 2748/823/1425 781/823/1425
f 2532/479/1426 2533/478/1426 566/478/1426
f 3768/1593/1427 3525/38/1427 1558/38/1427
f 2048/7/1428 2049/8/1428 82/8/1428
f 2431/573/1429 2432/580/1429 465/580/1429
f 2056/15/1430 2057/16/1430 90/16/1430
f 2703/582/1431 2704/581/1431 737/581/1431
f 3765/1600/1432 3766/1597/1432 1799/1597/1432
f 2064/23/1433 2065/24/1433 98/24/1433
f 3569/1592/1434 3570/1594/1434 1603/1594/1434
f 2583/592/1435 2584/589/1435 617/589/1435
f 3573/1599/1436 3574/1601/1436 1607/1601/1436
f 2072/31/1259 2073/32/1259 106/32/1259
f 2591/597/1437 2592/600/1437 625/600/1437
f 2078/37/1438 1968/38/1438 1/38/1438
f 3577/1605/1439 3578/1606/1439 1611/1606/1439
f 2695/608/1440 2696/605/1440 729/605/1440
f 2524/490/1441 2525/489/1441 558/489/1441
f 3581/1609/1442 3582/1610/1442 1615/1610/1442
f 3757/1622/1443 3758/1621/1443 1791/1621/1443
f 1968/38/1444 1969/39/1444 2/39/1444
f 3585/1613/1445 3586/1614/1445 1619/1614/1445
f 3761/1617/1446 3762/1615/1446 1795/1615/1446
f 2476/498/1447 2477/497/1447 510/497/1447
f 3753/1628/1448 3754/1627/1448 1787/1627/1448
f 2575/624/1449 2576/620/1449 609/620/1449
f 2540/505/1450 2541/507/1450 574/507/1450
f 3745/1639/1451 3746/1638/1451 1779/1638/1451
f 2548/515/8 2549/509/8 582/509/8
f 3589/1626/1452 3590/1629/1452 1623/1629/1452
f 1782/1634/1453 3749/1634/1453 3750/1632/1453
f 2468/520/1454 2469/519/1454 502/519/1454
f 2559/618/1455 2560/629/1455 593/629/1455
f 3741/1642/1875 3742/1643/1875 1775/1643/1875
f 3737/1648/1457 3738/1647/1457 1771/1647/1457
f 2412/526/1458 2413/525/1458 446/525/1458
f 3733/1652/1459 3734/1651/1459 1767/1651/1459
f 1976/46/1460 1977/47/1460 10/47/1460
f 2687/630/1461 2688/628/1461 721/628/1461
f 453/536/1462 2420/536/1462 2421/537/1462
f 3725/1660/1463 3726/1659/1463 1759/1659/1463
f 2599/626/1464 2600/50/1464 633/50/1464
f 2452/547/1465 2453/550/1465 486/550/1465
f 3637/1667/1466 3638/1669/1466 1671/1669/1466
f 2444/552/1467 2445/548/1467 478/548/1467
f 3629/1679/1876 3630/1677/1876 1663/1677/1876
f 2567/643/1469 2568/642/1469 601/642/1469
f 2671/638/1470 2672/648/1470 705/648/1470
f 3645/1688/1471 3646/1691/1471 1679/1691/1471
f 2040/52/1472 2041/53/1472 74/53/1472
f 2460/566/1473 2461/558/1473 494/558/1473
f 3717/1694/1474 3718/1690/1474 1751/1690/1474
f 3729/1656/1475 3730/1655/1475 1763/1655/1475
f 461/568/1476 2428/568/1476 2429/570/1476
f 3621/1702/1477 3622/1698/1477 1655/1698/1477
f 2032/58/1478 2033/57/1478 66/57/1478
f 2663/668/1479 2664/666/1479 697/666/1479
f 2556/564/1480 2557/575/1480 590/575/1480
f 2588/588/1481 2589/590/1481 622/590/1481
f 2607/665/1482 2608/670/1482 641/670/1482
f 2700/591/1483 2701/585/1483 734/585/1483
f 1984/68/1484 1985/70/1484 18/70/1484
f 2679/669/1485 2680/672/1485 713/672/1485
f 2024/75/1486 2025/73/1486 58/73/1486
f 2655/685/1487 2656/683/1487 689/683/1487
f 2436/604/1488 2437/587/1488 470/587/1488
f 1686/1710/1877 3653/1710/1877 3654/1714/1877
f 1626/1640/1490 3593/1640/1490 3594/1662/1490
f 2639/694/1491 2640/695/1491 673/695/1491
f 2580/606/1492 2581/599/1492 614/599/1492
f 3721/1670/1493 3722/1666/1493 1755/1666/1493
f 2647/707/1494 2648/705/1494 681/705/1494
f 3709/1718/284 3710/1715/284 1743/1715/284
f 25/85/1495 1992/85/1495 1993/87/1495
f 3633/1671/1496 3634/1668/1496 1667/1668/1496
f 3597/1711/1878 3598/1721/1878 1631/1721/1878
f 2016/90/1498 2017/88/1498 50/88/1498
f 2615/708/1499 2616/709/1499 649/709/1499
f 3685/1734/1500 3686/1732/1500 1719/1732/1500
f 2008/103/1501 2009/102/1501 42/102/1501
f 3641/1676/1502 3642/1678/1502 1675/1678/1502
f 2631/714/1503 2632/713/1503 665/713/1503
f 3701/1744/1504 3702/1740/1504 1735/1740/1504
f 3625/1689/1505 3626/1687/1505 1659/1687/1505
f 2623/725/612 2624/723/612 657/723/612
f 2847/726/1506 2848/730/1506 881/730/1506
f 2000/106/1507 2001/108/1507 34/108/1507
f 2080/113/1508 2081/112/1508 114/112/1508
f 3649/1699/1509 3650/1703/1509 1683/1703/1509
f 2839/739/1510 2840/737/1510 873/737/1510
f 3693/1750/1511 3694/1752/1511 1727/1752/1511
f 3713/1706/1017 3714/1704/1017 1747/1704/1017
f 2692/617/1512 2693/614/1512 726/614/1512
f 2855/744/1513 2856/746/1513 889/746/1513
f 2596/615/1514 2597/619/1514 630/619/1514
f 2088/126/1515 2089/128/1515 122/128/1515
f 3617/1724/1516 3618/1717/1516 1651/1717/1516
f 2572/631/1517 2573/67/1517 606/67/1517
f 2168/129/1518 2169/127/1518 202/127/1518
f 2831/754/64 2832/753/64 865/753/64
f 717/639/109 2684/639/109 2685/634/109
f 3657/1723/1519 3658/1726/1519 1691/1726/1519
f 3605/1760/1879 3606/1761/1879 1639/1761/1879
f 3705/1728/1880 3706/1725/1880 1739/1725/1880
f 2863/761/76 2864/763/76 897/763/76
f 2564/651/1522 2565/649/1522 598/649/1522
f 3661/1747/1523 3662/1762/1523 1695/1762/1523
f 2096/142/1524 2097/144/1524 130/144/1524
f 3613/1771/1525 3614/1766/1525 1647/1766/1525
f 2160/145/1526 2161/143/1526 194/143/1526
f 3689/1741/1527 3690/1743/1527 1723/1743/1527
f 2807/773/1528 2808/767/1528 841/767/1528
f 3601/1742/1881 3602/1746/1881 1635/1746/1881
f 2668/655/1530 2669/652/1530 702/652/1530
f 2128/159/1531 2129/160/1531 162/160/1531
f 1730/1757/1532 3697/1757/1532 3698/1755/1532
f 848/780/1533 2815/780/1533 2816/781/1533
f 2604/650/1534 2605/657/1534 638/657/1534
f 3677/1784/1535 3678/1783/1535 1711/1783/1535
f 2823/782/64 2824/775/64 857/775/64
f 2676/662/1536 2677/664/1536 710/664/1536
f 3669/1782/1537 3670/1785/1537 1703/1785/1537
f 3609/1765/1538 3610/1767/1538 1643/1767/1538
f 2660/676/1539 2661/673/1539 694/673/1539
f 3933/1796/64 3934/37/64 1967/37/64
f 2871/797/1540 2872/798/1540 905/798/1540
f 2152/165/1541 2153/161/1541 186/161/1541
f 3665/1773/1542 3666/1774/1542 1699/1774/1542
f 1838/1798/9 3805/1798/9 3806/1797/9
f 2104/163/1543 2105/166/1543 138/166/1543
f 3681/1779/629 3682/1777/629 1715/1777/629
f 2799/799/1544 2800/796/1544 833/796/1544
f 2136/178/1545 2137/181/1545 170/181/1545
f 1706/1790/1546 3673/1790/1546 3674/1789/1546
f 2612/684/1547 2613/686/1547 646/686/1547
f 2144/190/1548 2145/187/1548 178/187/1548
f 2636/687/1549 2637/691/1549 670/691/1549
f 1830/1801/9 3797/1801/9 3798/1800/9
f 2120/198/1550 2121/196/1550 154/196/1550
f 2652/693/1551 2653/690/1551 686/690/1551
f 1834/1805/9 3801/1805/9 3802/1804/9
f 2644/703/1552 2645/704/1552 678/704/1552
f 2112/201/1553 2113/202/1553 146/202/1553
f 2879/807/1554 2880/808/1554 913/808/1554
f 2628/718/1555 2629/717/1555 662/717/1555
f 3845/1808/8 3846/1810/8 1879/1810/8
f 441/227/9 2408/227/9 2409/210/9
f 3809/1806/1556 3810/1807/1556 1843/1807/1556
f 2881/37/1557 2783/810/1557 816/810/1557
f 2783/810/1558 2784/811/1558 817/811/1558
f 3893/1822/1559 3894/1820/1559 1927/1820/1559
f 2224/236/1560 2225/240/1560 258/240/1560
f 3889/1826/1561 3890/1825/1561 1923/1825/1561
f 2620/719/1562 2621/721/1562 654/721/1562
f 3841/1827/1563 3842/1817/1563 1875/1817/1563
f 3813/1818/1564 3814/1829/1564 1847/1829/1564
f 2336/245/76 2337/246/76 370/246/76
f 3897/1834/1565 3898/1839/1565 1931/1839/1565
f 2844/729/1566 2845/727/1566 878/727/1566
f 3885/1832/1882 3886/1831/1882 1919/1831/1882
f 273/250/1568 2240/250/1568 2241/242/1568
f 3881/1841/1569 3882/1836/1569 1915/1836/1569
f 2852/738/1570 2853/740/1570 886/740/1570
f 3901/1849/1571 3902/1853/1571 1935/1853/1571
f 2216/252/1572 2217/244/1572 250/244/1572
f 3837/1861/1573 3838/1848/1573 1871/1848/1573
f 2836/745/1574 2837/743/1574 870/743/1574
f 3925/1863/1575 3926/1860/1575 1959/1860/1575
f 2192/253/1576 2193/256/1576 226/256/1576
f 2791/818/1577 2792/819/1577 825/819/1577
f 3917/1875/9 3918/1874/9 1951/1874/9
f 3817/1844/1578 3818/1847/1578 1851/1847/1578
f 2860/755/76 2861/757/76 894/757/76
f 3909/1883/9 3910/1882/9 1943/1882/9
f 2248/276/76 2249/274/76 282/274/76
f 3929/1852/1579 3930/1851/1579 1963/1851/1579
f 364/275/9 2331/275/9 2248/276/9
f 2828/760/64 2829/758/64 862/758/64
f 2232/272/1580 2233/279/1580 266/279/1580
f 3821/1887/1581 3822/1889/1581 1855/1889/1581
f 845/772/1582 2812/772/1582 2813/774/1582
f 3877/1892/1583 3878/1885/1583 1911/1885/1583
f 2200/281/1584 2201/283/1584 234/283/1584
f 2743/829/1585 2744/827/1585 777/827/1585
f 2804/783/1586 2805/779/1586 838/779/1586
f 3853/1900/1587 3854/1903/1587 1887/1903/1587
f 2208/291/1588 2209/292/1588 242/292/1588
f 3905/1866/1589 3906/1869/1589 1939/1869/1589
f 2751/832/1590 2752/834/1590 785/834/1590
f 2868/784/76 2869/791/76 902/791/76
f 2328/299/64 2329/298/64 362/298/64
f 853/792/1591 2820/792/1591 2821/794/1591
f 3829/1905/1592 3830/1908/1592 1863/1908/1592
f 3921/1870/1593 3922/1868/1593 1955/1868/1593
f 2735/845/1526 2736/843/1526 769/843/1526
f 2876/803/1594 2877/805/1594 910/805/1594
f 2788/815/1595 2789/816/1595 822/816/1595
f 3861/1920/8 3862/1921/8 1895/1921/8
f 2288/312/76 2289/316/76 322/316/76
f 2759/848/1596 2760/850/1596 793/850/1596
f 2796/822/1597 2797/809/1597 830/809/1597
f 2748/823/1598 2749/828/1598 782/828/1598
f 3869/1928/8 3870/1929/8 1903/1929/8
f 2727/862/1599 2728/860/1599 761/860/1599
f 79/5/1883 2046/5/1883 2047/6/1883
f 2256/322/1601 2257/326/1601 290/326/1601
f 2740/835/1602 2741/833/1602 774/833/1602
f 2054/13/1603 2055/14/1603 88/14/1603
f 2320/331/1604 2321/328/1604 354/328/1604
f 2767/863/1605 2768/865/1605 801/865/1605
f 2062/21/1606 2063/22/1606 96/22/1606
f 2756/842/661 2757/844/661 790/844/661
f 2070/29/719 2071/30/719 104/30/719
f 2719/879/1607 2720/877/1607 753/877/1607
f 1974/44/1608 1975/45/1608 8/45/1608
f 2296/332/1609 2297/337/1609 330/337/1609
f 3913/1879/9 3914/1878/9 1947/1878/9
f 2775/878/1610 2776/880/1610 809/880/1610
f 2732/851/1611 2733/849/1611 766/849/1611
f 2038/50/1612 2039/51/1612 72/51/1612
f 2280/347/1613 2281/342/1613 314/342/1613
f 2711/895/1614 2712/893/1614 745/893/1614
f 797/857/1615 2764/857/1615 2765/859/1615
f 2030/63/1616 2031/59/1616 64/59/1616
f 2264/351/1884 2265/354/1884 298/354/1884
f 2919/898/64 2920/899/64 953/899/64
f 2312/357/1618 2313/355/1618 346/355/1618
f 2724/868/1619 2725/866/1619 758/866/1619
f 1982/62/1620 1983/66/1620 16/66/1620
f 2400/373/1621 2401/303/1621 434/303/1621
f 2022/79/158 2023/77/158 56/77/158
f 2772/873/1622 2773/875/1622 806/875/1622
f 2344/377/1623 2345/378/1623 378/378/1623
f 3849/1859/1624 3850/1886/1624 1883/1886/1624
f 2951/907/1377 2952/905/1377 985/905/1377
f 2716/885/1625 2717/883/1625 750/883/1625
f 1990/80/1626 1991/82/1626 24/82/1626
f 2272/375/1627 2273/379/1627 306/379/1627
f 2014/94/1628 2015/92/1628 48/92/1628
f 2304/384/1629 2305/382/1629 338/382/1629
f 2780/888/1630 2781/889/1630 814/889/1630
f 3825/1894/1631 3826/1897/1631 1859/1897/1631
f 2927/910/1632 2928/912/1632 961/912/1632
f 2924/904/1633 2925/906/1633 958/906/1633
f 2352/393/1634 2353/394/1634 386/394/1634
f 3873/1910/1635 3874/1906/1635 1907/1906/1635
f 2948/913/1636 2949/911/1636 982/911/1636
f 1866/1913/1637 3833/1913/1637 3834/1904/1637
f 2940/925/9 2941/924/9 974/924/9
f 1998/98/1638 1999/101/1638 32/101/1638
f 393/406/1639 2360/406/1639 2361/407/1639
f 2932/920/9 2933/932/9 966/932/9
f 2006/105/1640 2007/104/1640 40/104/1640
f 2174/117/1641 2175/115/1641 208/115/1641
f 3857/1914/1642 3858/1916/1642 1891/1916/1642
f 2884/933/1643 2885/934/1643 918/934/1643
f 2368/411/1644 2369/413/1644 402/413/1644
f 2943/922/9 2944/921/9 977/921/9
f 2392/420/1645 2393/419/1645 426/419/1645
f 3865/1924/8 3866/1925/8 1899/1925/8
f 968/930/9 2935/930/9 2936/929/9
f 2892/941/1125 2893/942/1125 926/942/1125
f 2086/122/1646 2087/124/1646 120/124/1646
f 2166/133/1647 2167/131/1647 200/131/1647
f 2042/2/64 2043/3/64 76/3/64
f 2887/936/1648 2888/937/1648 921/937/1648
f 2895/944/8 2896/945/8 929/945/8
f 2908/952/1649 2909/953/1649 942/953/1649
f 2094/138/1650 2095/140/1650 128/140/1650
f 2384/432/1651 2385/431/1651 418/431/1651
f 2900/948/8 2901/960/8 934/960/8
f 2158/148/1652 2159/147/1652 192/147/1652
f 2376/429/1653 2377/433/1653 410/433/1653
f 2512/444/1654 2513/446/1654 546/446/1654
f 2916/965/1655 2917/966/1655 950/966/1655
f 2911/955/1656 2912/956/1656 945/956/1656
f 3076/969/1657 3077/968/1657 1110/968/1657
f 2102/155/1658 2103/157/1658 136/157/1658
f 2504/451/1659 2505/449/1659 538/449/1659
f 2050/9/1660 2051/10/1660 84/10/1660
f 2903/949/8 2904/962/8 937/962/8
f 3101/37/1661 3076/969/1661 1109/969/1661
f 2488/465/1662 2489/467/1662 522/467/1662
f 3100/970/1663 3101/37/1663 1134/37/1663
f 2126/170/1664 2127/167/1664 160/167/1664
f 2520/463/1665 2521/468/1665 554/468/1665
f 2496/482/1666 2497/471/1666 530/471/1666
f 3079/977/1667 3080/980/1667 1113/980/1667
f 2150/173/1668 2151/169/1668 184/169/1668
f 3095/987/1669 3096/983/1669 1129/983/1669
f 3052/982/1670 3053/985/1670 1086/985/1670
f 2134/171/1671 2135/175/1671 168/175/1671
f 2528/485/1672 2529/484/1672 562/484/1672
f 3071/988/1673 3072/15/1673 1105/15/1673
f 2142/194/1674 2143/193/1674 176/193/1674
f 2480/494/1675 2481/493/1675 514/493/1675
f 3055/993/1676 3056/996/1676 1089/996/1676
f 3084/994/1677 3085/998/1677 1118/998/1677
f 2536/474/1678 2537/500/1678 570/500/1678
f 3092/999/1679 3093/995/1679 1126/995/1679
f 2110/197/1680 2111/199/1680 144/199/1680
f 2058/17/1681 2059/18/1681 92/18/1681
f 3087/1007/1682 3088/1010/1682 1121/1010/1682
f 3068/1001/1683 3069/997/1683 1102/997/1683
f 2118/203/1684 2119/200/1684 152/200/1684
f 2472/506/1685 2473/503/1685 506/503/1685
f 3063/1017/1686 3064/1014/1686 1097/1014/1686
f 2182/217/8 2183/215/8 216/215/8
f 2999/1029/1687 3000/1030/1687 1033/1030/1687
f 2247/220/1688 2222/218/1688 255/218/1688
f 3015/1031/1689 3016/1025/1689 1049/1025/1689
f 3060/1012/1690 3061/1015/1690 1094/1015/1690
f 279/219/1691 2246/219/1691 2247/220/1691
f 3007/1040/1692 3008/1042/1692 1041/1042/1692
f 2544/512/1693 2545/513/1693 578/513/1693
f 3020/1021/769 3021/1019/769 1054/1019/769
f 2552/521/1694 2553/523/1694 586/523/1694
f 2334/226/76 2335/225/76 368/225/76
f 2991/1049/1695 2992/1048/1695 1025/1048/1695
f 3023/1018/1696 3024/1052/1696 1057/1052/1696
f 2996/1027/1697 2997/1028/1697 1030/1028/1697
f 2464/529/1698 2465/76/1698 498/76/1698
f 2222/218/1699 2223/232/1699 256/232/1699
f 2066/25/1700 2067/26/1700 100/26/1700
f 3031/1061/1701 3032/1062/1701 1065/1062/1701
f 2416/531/1702 2417/532/1702 450/532/1702
f 3047/1073/1703 3048/1072/1703 1081/1072/1703
f 2448/542/1704 2449/540/1704 482/540/1704
f 3039/1080/1705 3040/1079/1705 1073/1079/1705
f 2424/551/1706 2425/554/1706 458/554/1706
f 2406/247/8 2407/228/8 440/228/8
f 2456/557/1707 2457/561/1707 490/561/1707
f 223/241/1708 2190/241/1708 2191/249/1708
f 2959/1083/1709 2960/1084/1709 993/1084/1709
f 2238/258/1710 2239/254/1710 272/254/1710
f 2983/1085/1711 2984/1068/1711 1017/1068/1711
f 473/569/1712 2440/569/1712 2441/565/1712
f 2214/261/1713 2215/257/1713 248/257/1713
f 3004/1036/1714 3005/1037/1714 1038/1037/1714
f 2967/1094/1132 2968/1095/1132 1001/1095/1132
f 2975/1104/1715 2976/1103/1715 1009/1103/1715
f 2230/264/1716 2231/268/1716 264/268/1716
f 2074/33/774 2075/34/774 108/34/774
f 3223/1114/1717 3224/1112/1717 1257/1112/1717
f 3012/1038/1718 3013/1035/1718 1046/1035/1718
f 2704/581/1719 2705/577/1719 738/577/1719
f 2198/273/1720 2199/278/1720 232/278/1720
f 3135/1119/1721 3136/1121/1721 1169/1121/1721
f 2432/580/1722 2433/584/1722 466/584/1722
f 2206/289/1723 2207/290/1723 240/290/1723
f 3215/1131/1724 3216/1129/1724 1249/1129/1724
f 2584/589/1434 2585/578/1434 618/578/1434
f 2326/307/1725 2327/306/1725 360/306/1725
f 1970/40/1726 1971/41/1726 4/41/1726
f 2696/605/1727 2697/601/1727 730/601/1727
f 2034/56/1728 2035/55/1728 68/55/1728
f 2592/600/1729 2593/607/1729 626/607/1729
f 3143/442/1730 3144/1136/1730 1177/1136/1730
f 2988/1055/1393 2989/1051/1393 1022/1051/1393
f 2576/620/1731 2577/616/1731 610/616/1731
f 2254/311/1732 2255/318/1732 288/318/1732
f 3207/1144/1733 3208/1143/1733 1241/1143/1733
f 2688/628/1734 2689/625/1734 722/625/1734
f 2286/320/1735 2287/315/1735 320/315/1735
f 1978/60/1736 1979/64/1736 12/64/1736
f 2026/71/1737 2027/69/1737 60/69/1737
f 3028/1057/1738 3029/1058/1738 1062/1058/1738
f 3151/1151/1739 3152/1153/1739 1185/1153/1739
f 2294/323/1740 2295/327/1740 328/327/1740
f 1232/1162/1741 3199/1162/1741 3200/1158/1741
f 2318/339/1742 2319/335/1742 352/335/1742
f 1986/72/1743 1987/74/1743 20/74/1743
f 1069/1067/76 3036/1067/76 3037/1069/76
f 2018/86/373 2019/84/373 52/84/373
f 3175/1174/1744 3176/1168/1744 1209/1168/1744
f 989/38/76 2956/38/76 2957/1070/76
f 1216/1171/1745 3183/1171/1745 3184/674/1745
f 3049/1071/1746 2956/38/1746 989/38/1746
f 2262/344/1747 2263/348/1747 296/348/1747
f 3044/1076/1748 3045/1075/1748 1078/1075/1748
f 2278/361/1749 2279/352/1749 312/352/1749
f 633/50/1750 2600/50/1750 2601/635/1750
f 27/89/1751 1994/89/1751 1995/91/1751
f 2310/363/1752 2311/360/1752 344/360/1752
f 2010/100/1753 2011/99/1753 44/99/1753
f 2964/1090/1754 2965/1091/1754 998/1091/1754
f 593/629/1755 2560/629/1755 2561/637/1755
f 2980/1096/1756 2981/1093/1756 1014/1093/1756
f 2568/642/1757 2569/640/1757 602/640/1757
f 2002/109/1758 2003/110/1758 36/110/1758
f 3191/1187/1759 3192/1184/1759 1225/1184/1759
f 2972/1107/1760 2973/1106/1760 1006/1106/1760
f 2270/366/1761 2271/369/1761 304/369/1761
f 2672/648/1762 2673/653/1762 706/653/1762
f 2664/666/1763 2665/663/1763 698/663/1763
f 2082/114/1764 2083/116/1764 116/116/1764
f 3132/1113/1765 3133/1115/1765 1166/1115/1765
f 2170/125/1766 2171/123/1766 204/123/1766
f 3159/1186/1767 3160/1191/1767 1193/1191/1767
f 3220/1120/1768 3221/1118/1768 1254/1118/1768
f 2342/372/1769 2343/374/1769 376/374/1769
f 3167/1199/1770 3168/1197/1770 1201/1197/1770
f 2090/130/248 2091/132/248 124/132/248
f 3103/1203/1771 3104/1205/1771 1137/1205/1771
f 3140/1128/1772 3141/1130/1772 1174/1130/1772
f 2302/368/1773 2303/383/1773 336/383/1773
f 2680/672/1774 2681/27/1774 714/27/1774
f 2162/141/1775 2163/139/1775 196/139/1775
f 3212/1135/1776 3213/1134/1776 1246/1134/1776
f 2608/670/1777 2609/674/1777 642/674/1777
f 689/683/1778 2656/683/1778 2657/682/1778
f 1152/1220/1779 3119/1220/1779 3120/1218/1779
f 2350/391/1780 2351/392/1780 384/392/1780
f 2640/695/1885 2641/697/1885 674/697/1885
f 3111/1219/1782 3112/1221/1782 1145/1221/1782
f 3148/1145/1783 3149/1147/1783 1182/1147/1783
f 681/705/1784 2648/705/1784 2649/702/1784
f 2098/146/1524 2099/149/1524 132/149/1524
f 3204/1150/1785 3205/1148/1785 1238/1148/1785
f 2358/403/1786 2359/404/1786 392/404/1786
f 187/156/1787 2154/156/1787 2155/154/1787
f 3180/1164/1788 3181/1166/1788 1214/1166/1788
f 2616/709/1789 2617/710/1789 650/710/1789
f 2130/158/1790 2131/162/1790 164/162/1790
f 3519/1239/1791 3520/1237/1791 1553/1237/1791
f 2632/713/1121 2633/712/1121 666/712/1121
f 3407/1238/1792 3408/1240/1792 1441/1240/1792
f 2398/408/1793 2399/380/1793 432/380/1793
f 2624/723/1794 2625/722/1794 658/722/1794
f 3503/1252/1795 3504/1254/1795 1537/1254/1795
f 2366/395/1005 2367/409/1005 400/409/1005
f 2848/730/1796 2849/732/1796 882/732/1796
f 3239/1261/1797 3240/1259/1797 1273/1259/1797
f 3196/1172/1798 3197/1169/1798 1230/1169/1798
f 2106/172/1799 2107/177/1799 140/177/1799
f 3511/1267/1800 3512/1268/1800 1545/1268/1800
f 3156/1167/1801 3157/1173/1801 1190/1173/1801
f 2840/737/1802 2841/735/1802 874/735/1802
f 2146/185/1803 2147/182/1803 180/182/1803
f 3188/1185/1804 3189/1188/1804 1222/1188/1804
f 2390/424/1805 2391/422/1805 424/422/1805
f 2138/186/1806 2139/188/1806 172/188/1806
f 3415/1275/1807 3416/1277/1807 1449/1277/1807
f 3172/1190/1808 3173/1183/1808 1206/1183/1808
f 2856/746/1809 2857/748/1809 890/748/1809
f 2374/423/1810 2375/426/1810 408/426/1810
f 2122/189/1811 2123/183/1811 156/183/1811
f 1464/1286/1812 3431/1286/1812 3432/1284/1812
f 2382/435/1813 2383/434/1813 416/434/1813
f 2832/753/64 2833/751/64 866/751/64
f 3164/1200/1814 3165/1202/1814 1198/1202/1814
f 2510/442/1815 2511/440/1815 544/440/1815
f 2864/763/76 2865/765/76 898/765/76
f 3423/1291/1886 3424/1293/1886 1457/1293/1886
f 3124/1210/1817 3125/1208/1817 1158/1208/1817
f 2502/454/1818 2503/452/1818 536/452/1818
f 2808/767/1819 2809/768/1819 842/768/1819
f 2114/204/1820 2115/206/1820 148/206/1820
f 3108/1213/1821 3109/1215/1821 1142/1215/1821
f 2518/457/1822 2519/103/1822 552/103/1822
f 3116/1226/1823 3117/1224/1823 1150/1224/1823
f 2486/460/1824 2487/464/1824 520/464/1824
f 2178/211/8 2179/216/8 212/216/8
f 2824/775/64 2825/770/64 858/770/64
f 2534/475/1825 2535/476/1825 568/476/1825
f 2186/221/1826 2187/229/1826 220/229/1826
f 3495/1306/1827 3496/1304/1827 1529/1304/1827
f 3404/1231/1828 3405/1233/1828 1438/1233/1828
f 2494/477/328 2495/480/328 528/480/328
f 2816/781/1829 2817/785/1829 850/785/1829
f 2242/238/1830 2243/234/1830 276/234/1830
f 3516/1245/1831 3517/1243/1831 1550/1243/1831
f 2218/239/1832 2219/235/1832 252/235/1832
f 2526/487/1833 2527/486/1833 560/486/1833
f 2800/796/1834 2801/793/1834 834/793/1834
f 3500/1249/1835 3501/1250/1835 1534/1250/1835
f 3231/1309/1836 3232/1303/1836 1265/1303/1836
