# Blender 4.4.1
# www.blender.org
mtllib enemy.mtl
o 球
v 0.008478 0.316979 -1.359500
v 0.008478 0.202092 -1.573763
v 0.008478 0.045132 -1.798636
v 0.008478 -0.029253 -1.704643
v 0.008478 -0.110490 -1.689721
v 0.008478 -0.260597 -1.573763
v 0.024146 0.379156 -1.076640
v 0.039212 0.355460 -1.219526
v 0.053097 0.316979 -1.351209
v 0.065267 0.265193 -1.466631
v 0.075255 0.202092 -1.561355
v 0.082676 0.130100 -1.631742
v 0.087246 0.051985 -1.675086
v 0.088789 -0.029253 -1.689721
v 0.087246 -0.110490 -1.675086
v 0.082676 -0.188606 -1.631742
v 0.075255 -0.260597 -1.561355
v 0.065267 -0.323699 -1.466631
v 0.053097 -0.375484 -1.351209
v 0.039212 -0.413965 -1.219526
v 0.024146 -0.437661 -1.076640
v 0.039212 0.379156 -1.068019
v 0.068764 0.355460 -1.202614
v 0.096001 0.316979 -1.326657
v 0.119873 0.265193 -1.435382
v 0.139464 0.202092 -1.524610
v 0.154022 0.130100 -1.590913
v 0.162987 0.051985 -1.631742
v 0.166014 -0.029253 -1.645528
v 0.162987 -0.110490 -1.631742
v 0.154022 -0.188606 -1.590913
v 0.139464 -0.260597 -1.524610
v 0.119873 -0.323699 -1.435382
v 0.096001 -0.375484 -1.326657
v 0.068764 -0.413965 -1.202614
v 0.039212 -0.437661 -1.068019
v 0.053097 0.379156 -1.054018
v 0.096001 0.355460 -1.175150
v 0.135541 0.316979 -1.286786
v 0.170198 0.265193 -1.384636
v 0.198641 0.202092 -1.464940
v 0.219775 0.130100 -1.524610
v 0.232790 0.051985 -1.561355
v 0.237184 -0.029253 -1.573762
v 0.232790 -0.110490 -1.561355
v 0.219775 -0.188606 -1.524610
v 0.198641 -0.260597 -1.464940
v 0.170198 -0.323699 -1.384636
v 0.135541 -0.375484 -1.286786
v 0.096001 -0.413965 -1.175150
v 0.053097 -0.437661 -1.054018
v 0.065267 0.379156 -1.035176
v 0.119873 0.355460 -1.138191
v 0.170198 0.316979 -1.233129
v 0.214308 0.265193 -1.316344
v 0.250509 0.202092 -1.384636
v 0.277408 0.130100 -1.435382
v 0.293973 0.051985 -1.466631
v 0.299566 -0.029253 -1.477183
v 0.293973 -0.110490 -1.466631
v 0.277408 -0.188606 -1.435382
v 0.250509 -0.260597 -1.384636
v 0.214308 -0.323699 -1.316344
v 0.170198 -0.375484 -1.233129
v 0.119873 -0.413965 -1.138191
v 0.065267 -0.437661 -1.035176
v 0.075255 0.379156 -1.012217
v 0.139464 0.355460 -1.093156
v 0.198641 0.316979 -1.167748
v 0.250509 0.265193 -1.233130
v 0.293076 0.202092 -1.286786
v 0.324706 0.130100 -1.326657
v 0.344184 0.051985 -1.351209
v 0.350761 -0.029253 -1.359500
v 0.344184 -0.110490 -1.351209
v 0.324706 -0.188606 -1.326657
v 0.293076 -0.260597 -1.286786
v 0.250509 -0.323699 -1.233130
v 0.198641 -0.375484 -1.167748
v 0.139464 -0.413965 -1.093156
v 0.075255 -0.437661 -1.012217
v 0.008478 0.387157 -0.928044
v 0.082676 0.379156 -0.986024
v 0.154022 0.355460 -1.041775
v 0.219775 0.316979 -1.093156
v 0.277408 0.265193 -1.138191
v 0.324706 0.202092 -1.175150
v 0.359852 0.130100 -1.202614
v 0.381495 0.051985 -1.219526
v 0.388802 -0.029253 -1.225236
v 0.381495 -0.110490 -1.219526
v 0.359852 -0.188606 -1.202614
v 0.324706 -0.260597 -1.175150
v 0.277408 -0.323699 -1.138191
v 0.219775 -0.375484 -1.093156
v 0.154022 -0.413965 -1.041775
v 0.082676 -0.437661 -0.986024
v 0.087246 0.379156 -0.957602
v 0.162987 0.355460 -0.986024
v 0.232790 0.316979 -1.012217
v 0.293973 0.265193 -1.035176
v 0.344184 0.202092 -1.054018
v 0.381495 0.130100 -1.068019
v 0.404470 0.051985 -1.076640
v 0.412228 -0.029253 -1.079551
v 0.404470 -0.110490 -1.076640
v 0.381495 -0.188606 -1.068019
v 0.344184 -0.260597 -1.054018
v 0.293973 -0.323699 -1.035176
v 0.232790 -0.375484 -1.012217
v 0.162987 -0.413965 -0.986024
v 0.087246 -0.437661 -0.957602
v 0.088789 0.379156 -0.928044
v 0.166014 0.355460 -0.928044
v 0.237184 0.316979 -0.928044
v 0.299566 0.265193 -0.928044
v 0.350761 0.202092 -0.928044
v 0.388802 0.130100 -0.928044
v 0.412228 0.051985 -0.928044
v 0.420138 -0.029253 -0.928044
v 0.412228 -0.110490 -0.928044
v 0.388802 -0.188606 -0.928044
v 0.350761 -0.260597 -0.928044
v 0.299566 -0.323699 -0.928044
v 0.237184 -0.375484 -0.928044
v 0.166014 -0.413965 -0.928044
v 0.088789 -0.437661 -0.928044
v 0.087246 0.379156 -0.898487
v 0.162987 0.355460 -0.870066
v 0.232790 0.316979 -0.843872
v 0.293973 0.265193 -0.820913
v 0.344184 0.202092 -0.802071
v 0.381495 0.130100 -0.788071
v 0.404470 0.051985 -0.779449
v 0.412228 -0.029253 -0.776538
v 0.404470 -0.110490 -0.779449
v 0.381495 -0.188606 -0.788071
v 0.344184 -0.260597 -0.802071
v 0.293973 -0.323699 -0.820913
v 0.232790 -0.375484 -0.843872
v 0.162987 -0.413965 -0.870066
v 0.087246 -0.437661 -0.898487
v 0.082676 0.379156 -0.870066
v 0.154022 0.355460 -0.814315
v 0.219775 0.316979 -0.762934
v 0.277408 0.265193 -0.717899
v 0.324706 0.202092 -0.680939
v 0.359852 0.130101 -0.653476
v 0.381495 0.051985 -0.636564
v 0.388802 -0.029253 -0.630854
v 0.381495 -0.110490 -0.636564
v 0.359852 -0.188605 -0.653476
v 0.324706 -0.260597 -0.680939
v 0.277408 -0.323699 -0.717899
v 0.219775 -0.375484 -0.762934
v 0.154022 -0.413965 -0.814315
v 0.082676 -0.437661 -0.870066
v 0.075254 0.379156 -0.843872
v 0.139464 0.355460 -0.762934
v 0.198640 0.316979 -0.688341
v 0.250509 0.265193 -0.622960
v 0.293076 0.202092 -0.569303
v 0.324706 0.130101 -0.529432
v 0.344184 0.051985 -0.504880
v 0.350761 -0.029253 -0.496590
v 0.344184 -0.110490 -0.504880
v 0.324706 -0.188605 -0.529432
v 0.293076 -0.260597 -0.569303
v 0.250509 -0.323699 -0.622960
v 0.198640 -0.375484 -0.688341
v 0.139464 -0.413965 -0.762934
v 0.075254 -0.437661 -0.843872
v 0.065267 0.379156 -0.820913
v 0.119873 0.355460 -0.717899
v 0.170198 0.316979 -0.622960
v 0.214308 0.265193 -0.539746
v 0.250509 0.202092 -0.471453
v 0.277408 0.130101 -0.420708
v 0.293973 0.051985 -0.389458
v 0.299565 -0.029253 -0.378907
v 0.293973 -0.110490 -0.389458
v 0.277408 -0.188605 -0.420708
v 0.250509 -0.260597 -0.471453
v 0.214308 -0.323699 -0.539746
v 0.170198 -0.375484 -0.622960
v 0.119873 -0.413965 -0.717899
v 0.065267 -0.437661 -0.820913
v 0.053097 0.379156 -0.802071
v 0.096000 0.355460 -0.680939
v 0.135540 0.316979 -0.569303
v 0.170198 0.265193 -0.471453
v 0.198640 0.202092 -0.391150
v 0.219775 0.130101 -0.331480
v 0.232790 0.051985 -0.294734
v 0.237184 -0.029253 -0.282327
v 0.232790 -0.110490 -0.294734
v 0.219775 -0.188605 -0.331480
v 0.198640 -0.260597 -0.391150
v 0.170198 -0.323699 -0.471453
v 0.135540 -0.375484 -0.569303
v 0.096000 -0.413965 -0.680939
v 0.053097 -0.437661 -0.802071
v 0.039212 0.379156 -0.788071
v 0.068764 0.355460 -0.653476
v 0.096000 0.316979 -0.529432
v 0.119873 0.265193 -0.420708
v 0.139464 0.202092 -0.331480
v 0.154022 0.130101 -0.265177
v 0.162987 0.051985 -0.224348
v 0.166014 -0.029253 -0.210562
v 0.162987 -0.110490 -0.224348
v 0.154022 -0.188605 -0.265177
v 0.139464 -0.260597 -0.331480
v 0.119873 -0.323699 -0.420708
v 0.096000 -0.375484 -0.529432
v 0.068764 -0.413965 -0.653476
v 0.039212 -0.437661 -0.788071
v 0.024146 0.379156 -0.779449
v 0.039212 0.355460 -0.636564
v 0.053097 0.316979 -0.504880
v 0.065267 0.265193 -0.389459
v 0.075254 0.202092 -0.294734
v 0.082676 0.130101 -0.224348
v 0.087246 0.051985 -0.181004
v 0.088789 -0.029253 -0.166369
v 0.087246 -0.110490 -0.181004
v 0.082676 -0.188605 -0.224348
v 0.075254 -0.260597 -0.294734
v 0.065267 -0.323699 -0.389458
v 0.053097 -0.375484 -0.504880
v 0.039212 -0.413965 -0.636564
v 0.024146 -0.437661 -0.779449
v 0.008478 0.379156 -0.776538
v 0.008478 0.355460 -0.630854
v 0.008478 0.316979 -0.496590
v 0.008478 0.265193 -0.378907
v 0.008478 0.202092 -0.282327
v 0.008478 0.130101 -0.210562
v 0.008478 0.051985 -0.166369
v 0.008478 -0.029253 -0.151447
v 0.008478 -0.110490 -0.166369
v 0.008478 -0.188605 -0.210562
v 0.008478 -0.260597 -0.282327
v 0.008478 -0.323699 -0.378907
v 0.008478 -0.375484 -0.496590
v 0.008478 -0.413965 -0.630854
v 0.008478 -0.437661 -0.776538
v -0.007189 0.379156 -0.779449
v -0.022255 0.355460 -0.636564
v -0.036140 0.316979 -0.504880
v -0.048310 0.265193 -0.389459
v -0.058298 0.202092 -0.294734
v -0.065719 0.130101 -0.224348
v -0.070289 0.051985 -0.181004
v -0.071833 -0.029253 -0.166369
v -0.070289 -0.110490 -0.181004
v -0.065719 -0.188605 -0.224348
v -0.058298 -0.260597 -0.294734
v -0.048310 -0.323699 -0.389458
v -0.036140 -0.375484 -0.504880
v -0.022255 -0.413965 -0.636564
v -0.007189 -0.437661 -0.779449
v -0.022255 0.379156 -0.788071
v -0.051808 0.355460 -0.653476
v -0.079044 0.316979 -0.529433
v -0.102916 0.265193 -0.420708
v -0.122507 0.202092 -0.331480
v -0.137065 0.130101 -0.265177
v -0.146030 0.051985 -0.224348
v -0.149057 -0.029253 -0.210562
v -0.146030 -0.110490 -0.224348
v -0.137065 -0.188605 -0.265177
v -0.122507 -0.260597 -0.331480
v -0.102916 -0.323699 -0.420708
v -0.079044 -0.375484 -0.529433
v -0.051808 -0.413965 -0.653476
v -0.022255 -0.437661 -0.788071
v -0.036140 0.379156 -0.802072
v -0.079044 0.355460 -0.680939
v -0.118584 0.316979 -0.569304
v -0.153241 0.265193 -0.471453
v -0.181684 0.202092 -0.391150
v -0.202818 0.130101 -0.331480
v -0.215833 0.051985 -0.294734
v -0.220227 -0.029253 -0.282328
v -0.215833 -0.110490 -0.294734
v -0.202818 -0.188605 -0.331480
v -0.181684 -0.260597 -0.391150
v -0.153241 -0.323699 -0.471453
v -0.118584 -0.375484 -0.569304
v -0.079044 -0.413965 -0.680939
v -0.036140 -0.437661 -0.802072
v -0.048310 0.379156 -0.820913
v -0.102916 0.355460 -0.717899
v -0.153241 0.316979 -0.622960
v -0.197351 0.265193 -0.539746
v -0.233552 0.202092 -0.471454
v -0.260451 0.130101 -0.420708
v -0.277016 0.051985 -0.389459
v -0.282609 -0.029253 -0.378908
v -0.277016 -0.110490 -0.389459
v -0.260451 -0.188605 -0.420708
v -0.233552 -0.260597 -0.471454
v -0.197351 -0.323699 -0.539746
v -0.153241 -0.375484 -0.622960
v -0.102916 -0.413965 -0.717899
v -0.048310 -0.437661 -0.820913
v 0.008478 -0.445662 -0.928044
v -0.058298 0.379156 -0.843872
v -0.122507 0.355460 -0.762934
v -0.181684 0.316979 -0.688341
v -0.233552 0.265193 -0.622960
v -0.276119 0.202092 -0.569304
v -0.307749 0.130101 -0.529432
v -0.327227 0.051985 -0.504880
v -0.333804 -0.029253 -0.496591
v -0.327227 -0.110490 -0.504880
v -0.307749 -0.188605 -0.529432
v -0.276119 -0.260597 -0.569304
v -0.233552 -0.323699 -0.622960
v -0.181684 -0.375484 -0.688341
v -0.122507 -0.413965 -0.762934
v -0.058298 -0.437661 -0.843872
v -0.065719 0.379156 -0.870066
v -0.137065 0.355460 -0.814315
v -0.202818 0.316979 -0.762934
v -0.260451 0.265193 -0.717899
v -0.307749 0.202092 -0.680940
v -0.342895 0.130101 -0.653476
v -0.364538 0.051985 -0.636564
v -0.371845 -0.029253 -0.630854
v -0.364538 -0.110490 -0.636564
v -0.342895 -0.188605 -0.653476
v -0.307749 -0.260597 -0.680940
v -0.260451 -0.323699 -0.717899
v -0.202818 -0.375484 -0.762934
v -0.137065 -0.413965 -0.814315
v -0.065719 -0.437661 -0.870066
v -0.070289 0.379156 -0.898487
v -0.146030 0.355460 -0.870066
v -0.215833 0.316979 -0.843872
v -0.277016 0.265193 -0.820913
v -0.327227 0.202092 -0.802072
v -0.364538 0.130100 -0.788071
v -0.387513 0.051985 -0.779449
v -0.395271 -0.029253 -0.776538
v -0.387513 -0.110490 -0.779449
v -0.364538 -0.188606 -0.788071
v -0.327227 -0.260597 -0.802072
v -0.277016 -0.323699 -0.820913
v -0.215833 -0.375484 -0.843872
v -0.146030 -0.413965 -0.870066
v -0.070289 -0.437661 -0.898487
v -0.071832 0.379156 -0.928044
v -0.149057 0.355460 -0.928045
v -0.220227 0.316979 -0.928045
v -0.282609 0.265193 -0.928044
v -0.333804 0.202092 -0.928045
v -0.371845 0.130100 -0.928044
v -0.395271 0.051985 -0.928045
v -0.403181 -0.029253 -0.928045
v -0.395271 -0.110490 -0.928045
v -0.371845 -0.188606 -0.928044
v -0.333804 -0.260597 -0.928045
v -0.282609 -0.323699 -0.928044
v -0.220227 -0.375484 -0.928045
v -0.149057 -0.413965 -0.928045
v -0.071832 -0.437661 -0.928044
v -0.070289 0.379156 -0.957602
v -0.146030 0.355460 -0.986024
v -0.215833 0.316979 -1.012217
v -0.277016 0.265193 -1.035176
v -0.327227 0.202092 -1.054018
v -0.364538 0.130100 -1.068019
v -0.387513 0.051985 -1.076640
v -0.395271 -0.029253 -1.079552
v -0.387513 -0.110490 -1.076640
v -0.364538 -0.188606 -1.068019
v -0.327227 -0.260597 -1.054018
v -0.277016 -0.323699 -1.035176
v -0.215833 -0.375484 -1.012217
v -0.146030 -0.413965 -0.986024
v -0.070289 -0.437661 -0.957602
v -0.065719 0.379156 -0.986024
v -0.137065 0.355460 -1.041775
v -0.202818 0.316979 -1.093156
v -0.260451 0.265193 -1.138191
v -0.307749 0.202092 -1.175150
v -0.342895 0.130100 -1.202614
v -0.364538 0.051985 -1.219526
v -0.371845 -0.029253 -1.225236
v -0.364538 -0.110490 -1.219526
v -0.342895 -0.188606 -1.202614
v -0.307749 -0.260597 -1.175150
v -0.260451 -0.323699 -1.138191
v -0.202818 -0.375484 -1.093156
v -0.137065 -0.413965 -1.041775
v -0.065719 -0.437661 -0.986024
v -0.058298 0.379156 -1.012217
v -0.122507 0.355460 -1.093156
v -0.181683 0.316979 -1.167748
v -0.233552 0.265193 -1.233129
v -0.276119 0.202092 -1.286786
v -0.307749 0.130100 -1.326657
v -0.327227 0.051985 -1.351209
v -0.333804 -0.029253 -1.359500
v -0.327227 -0.110490 -1.351209
v -0.307749 -0.188606 -1.326657
v -0.276119 -0.260597 -1.286786
v -0.233552 -0.323699 -1.233129
v -0.181683 -0.375484 -1.167748
v -0.122507 -0.413965 -1.093156
v -0.058298 -0.437661 -1.012217
v -0.048310 0.379156 -1.035176
v -0.102916 0.355460 -1.138191
v -0.153241 0.316979 -1.233129
v -0.197351 0.265193 -1.316344
v -0.233552 0.202092 -1.384636
v -0.260451 0.130100 -1.435382
v -0.277016 0.051985 -1.466631
v -0.282608 -0.029253 -1.477182
v -0.277016 -0.110490 -1.466631
v -0.260451 -0.188606 -1.435382
v -0.233552 -0.260597 -1.384636
v -0.197351 -0.323699 -1.316344
v -0.153241 -0.375484 -1.233129
v -0.102916 -0.413965 -1.138191
v -0.048310 -0.437661 -1.035176
v -0.036140 0.379156 -1.054018
v -0.079044 0.355460 -1.175150
v -0.118583 0.316979 -1.286786
v -0.153241 0.265193 -1.384636
v -0.181683 0.202092 -1.464939
v -0.202818 0.130100 -1.524610
v -0.215833 0.051985 -1.561355
v -0.220227 -0.029253 -1.573762
v -0.215833 -0.110490 -1.561355
v -0.202818 -0.188606 -1.524610
v -0.181683 -0.260597 -1.464939
v -0.153241 -0.323699 -1.384636
v -0.118583 -0.375484 -1.286786
v -0.079044 -0.413965 -1.175150
v -0.036140 -0.437661 -1.054018
v -0.022255 0.379156 -1.068019
v -0.051808 0.355460 -1.202614
v -0.079043 0.316979 -1.326656
v -0.102916 0.265193 -1.435382
v -0.122507 0.202092 -1.524610
v -0.137065 0.130100 -1.590912
v -0.146030 0.051985 -1.631742
v -0.149056 -0.029253 -1.645527
v -0.146030 -0.110490 -1.631742
v -0.137065 -0.188606 -1.590912
v -0.122507 -0.260597 -1.524610
v -0.102916 -0.323699 -1.435382
v -0.079043 -0.375484 -1.326656
v -0.051808 -0.413965 -1.202614
v -0.022255 -0.437661 -1.068019
v -0.007189 0.379156 -1.076640
v -0.022255 0.355460 -1.219525
v -0.036140 0.316979 -1.351209
v -0.048310 0.265193 -1.466631
v -0.058297 0.202092 -1.561355
v -0.065719 0.130100 -1.631742
v -0.070289 0.051985 -1.675085
v -0.071832 -0.029253 -1.689720
v -0.070289 -0.110490 -1.675085
v -0.065719 -0.188606 -1.631742
v -0.058297 -0.260597 -1.561355
v -0.048310 -0.323699 -1.466631
v -0.036140 -0.375484 -1.351209
v -0.022255 -0.413965 -1.219525
v -0.007189 -0.437661 -1.076640
v 0.008478 0.379156 -1.079551
v 0.008478 0.355460 -1.225236
v 0.008478 0.265193 -1.477183
v 0.008478 0.130100 -1.645528
v 0.008478 -0.188606 -1.645528
v 0.008478 -0.323699 -1.477183
v 0.008479 -0.375484 -1.359499
v 0.008478 -0.413965 -1.225236
v 0.008478 -0.437661 -1.079551
v 0.071343 0.141537 -1.701048
v 0.008478 0.141537 -1.712728
v 0.008478 0.006522 -1.762815
v -0.059566 0.006522 -1.750172
v 0.075215 0.075352 -1.737772
v 0.076523 0.006522 -1.750172
v -0.054387 0.141537 -1.701048
v -0.058259 0.075352 -1.737772
v -0.036797 0.091827 -1.781646
v -0.034170 0.136727 -1.756733
v 0.008478 0.136727 -1.764657
v 0.054640 0.045132 -1.790059
v 0.053753 0.091827 -1.781646
v -0.037684 0.045132 -1.790058
v 0.051126 0.136727 -1.756733
v -0.064274 0.063668 -1.706428
v -0.060053 0.135819 -1.666395
v 0.082656 -0.011365 -1.719947
v 0.081231 0.063668 -1.706429
v -0.065699 -0.011365 -1.719946
v 0.077010 0.135819 -1.666395
v 0.008478 0.135819 -1.679128
v 0.008478 -0.011365 -1.733729
v 0.317483 -0.170353 0.339424
v 0.377363 0.361952 0.073244
v 0.377363 -0.348778 -0.246393
v 0.377363 0.197190 -0.516147
v -0.317483 -0.170353 0.339424
v -0.377363 0.361952 0.073244
v -0.377363 -0.348778 -0.246393
v -0.377363 0.197190 -0.516147
v 0.432407 -0.354663 -0.112514
v 0.453854 -0.322212 0.068945
v 0.394930 -0.242898 0.241353
v 0.372129 -0.066447 0.333875
v 0.426383 0.091694 0.280503
v 0.427410 0.258644 0.174545
v 0.432407 0.368067 -0.063654
v 0.460056 0.339126 -0.247518
v 0.432407 0.270388 -0.414318
v 0.432407 0.073536 -0.496191
v 0.460056 -0.094783 -0.433543
v 0.432407 -0.250365 -0.336441
v -0.223889 -0.400274 -0.274167
v 0.000000 -0.426134 -0.288203
v 0.223889 -0.400274 -0.274167
v 0.223889 0.225909 -0.590845
v 0.000000 0.240448 -0.629863
v -0.223889 0.225908 -0.590845
v -0.432407 0.073536 -0.496191
v -0.460056 -0.094783 -0.433543
v -0.432407 -0.250365 -0.336441
v -0.394930 -0.242898 0.241353
v -0.453854 -0.322212 0.068945
v -0.432407 -0.354663 -0.112514
v -0.432407 0.270388 -0.414318
v -0.460056 0.339126 -0.247518
v -0.432407 0.368067 -0.063654
v -0.427410 0.258644 0.174545
v -0.426383 0.091694 0.280503
v -0.372129 -0.066447 0.333875
v 0.181136 -0.206444 0.400452
v 0.000000 -0.303653 0.474091
v -0.181136 -0.206444 0.400452
v -0.223889 0.414287 0.090001
v 0.000000 0.440603 0.098050
v 0.223889 0.414287 0.090001
v 0.525323 -0.113124 0.190042
v 0.585086 0.059732 0.116805
v 0.550187 0.230642 0.022990
v 0.589921 -0.175343 0.004221
v 0.633596 0.005707 -0.075008
v 0.590066 0.187444 -0.162946
v 0.550187 -0.218643 -0.180695
v 0.590066 -0.049446 -0.267889
v 0.550187 0.126078 -0.344659
v 0.238612 -0.286362 -0.427960
v 0.251429 -0.122494 -0.543887
v 0.238612 0.059318 -0.604527
v 0.000000 -0.304124 -0.457357
v 0.000000 -0.131617 -0.582886
v 0.000000 0.060353 -0.646418
v -0.238612 -0.286362 -0.427960
v -0.251429 -0.122494 -0.543887
v -0.238612 0.059318 -0.604527
v -0.550187 -0.218643 -0.180695
v -0.590066 -0.049446 -0.267889
v -0.550187 0.126078 -0.344659
v -0.589921 -0.175343 0.004221
v -0.633596 0.005707 -0.075008
v -0.590066 0.187444 -0.162946
v -0.525323 -0.113124 0.190042
v -0.585086 0.059732 0.116805
v -0.550187 0.230642 0.022990
v -0.185543 -0.107939 0.452227
v -0.217924 0.097711 0.375679
v -0.231991 0.288646 0.254831
v 0.000000 -0.271896 0.600967
v 0.000000 0.050904 0.460922
v 0.000000 0.315060 0.273294
v 0.185543 -0.107939 0.452227
v 0.217924 0.097711 0.375679
v 0.231991 0.288646 0.254831
v 0.238612 -0.442278 -0.092436
v 0.000000 -0.473626 -0.092123
v -0.238612 -0.442278 -0.092436
v 0.245977 -0.411458 0.104681
v 0.000000 -0.448054 0.108586
v -0.245977 -0.411458 0.104681
v 0.212741 -0.311936 0.283031
v 0.000000 -0.347536 0.291603
v -0.212741 -0.311936 0.283031
v -0.238612 0.353846 -0.487236
v 0.000000 0.380726 -0.522404
v 0.238612 0.353846 -0.487236
v -0.251429 0.434646 -0.313327
v 0.000000 0.466954 -0.339629
v 0.251429 0.434646 -0.313327
v -0.238612 0.457470 -0.107223
v 0.000000 0.489627 -0.118182
v 0.238612 0.457470 -0.107223
v 0.053753 0.091827 -1.781646
v 0.051126 0.136727 -1.756733
v 0.008478 0.136727 -1.764657
v -0.037684 0.045132 -1.790058
v 0.008478 0.045132 -1.798636
v -0.036797 0.091827 -1.781646
v -0.034170 0.136727 -1.756733
v 0.054640 0.045132 -1.790059
v 0.053753 0.091827 -1.781646
v 0.051126 0.136727 -1.756733
v 0.008478 0.136727 -1.764657
v -0.037684 0.045132 -1.790058
v 0.008478 0.045132 -1.798636
v -0.036797 0.091827 -1.781646
v -0.034170 0.136727 -1.756733
v 0.054640 0.045132 -1.790059
v 0.053753 0.091827 -1.781646
v 0.051126 0.136727 -1.756733
v 0.008478 0.136727 -1.764657
v -0.037684 0.045132 -1.790058
v 0.008478 0.045132 -1.798636
v -0.036797 0.091827 -1.781646
v -0.034170 0.136727 -1.756733
v 0.054640 0.045132 -1.790059
v -0.152024 0.275010 -2.149633
v -0.152025 0.337353 -2.173703
v -0.152024 0.366605 -2.115654
v -0.109376 0.366605 -2.107730
v -0.197299 0.321705 -2.132643
v -0.194672 0.366605 -2.107730
v -0.105863 0.275010 -2.141056
v -0.106749 0.321705 -2.132644
v -0.198186 0.275010 -2.141055
v -0.453701 0.544281 0.182354
v -0.221710 0.570697 0.200816
v -0.445599 0.669923 0.017524
v 0.211299 0.572951 0.208592
v 0.443290 0.546536 0.190129
v 0.435188 0.672177 0.025299
v 0.028131 0.379585 -1.075030
v 0.043197 0.355889 -1.217915
v 0.072749 0.355889 -1.201003
v 0.065267 0.379156 -1.035176
v 0.119873 0.355460 -1.138191
v 0.139464 0.355460 -1.093156
v 0.028131 0.379585 -1.075030
v 0.043197 0.355889 -1.217915
v 0.072749 0.355889 -1.201003
v -0.338621 0.591850 -1.134874
v -0.409968 0.568154 -1.079123
v -0.418932 0.568154 -1.134874
v 0.269848 0.534949 -1.213268
v 0.341194 0.511254 -1.157517
v 0.350159 0.511254 -1.213268
vn -0.0000 -0.5972 -0.8021
vn 0.3235 -0.3240 -0.8890
vn 0.2810 -0.5817 -0.7633
vn -0.0000 0.9744 -0.2249
vn 0.1277 0.9327 -0.3373
vn -0.0000 0.9379 -0.3469
vn -0.0000 -0.7699 -0.6382
vn 0.2283 -0.7563 -0.6131
vn 0.1759 0.8659 -0.4682
vn -0.0000 0.8752 -0.4838
vn -0.0000 -0.8752 -0.4838
vn 0.1759 -0.8659 -0.4682
vn 0.2283 0.7563 -0.6131
vn -0.0000 0.7699 -0.6382
vn -0.0000 -0.9379 -0.3469
vn 0.1277 -0.9327 -0.3373
vn 0.4452 0.7026 -0.5552
vn -0.0000 0.9672 -0.2540
vn -0.0000 -0.9744 -0.2249
vn 0.0837 -0.9721 -0.2193
vn 0.0488 0.1523 -0.9871
vn 0.5905 -0.3695 -0.7175
vn 0.4222 0.8301 -0.3642
vn -0.0000 -0.9936 -0.1131
vn 0.0429 -0.9930 -0.1101
vn -0.0150 0.9527 0.3035
vn 0.5055 0.8621 -0.0365
vn 0.0104 0.9999 -0.0055
vn -0.0000 0.9936 -0.1131
vn -0.0000 1.0000 -0.0000
vn 0.0353 0.9940 -0.1036
vn -0.0000 -1.0000 -0.0000
vn -0.0000 -0.3352 -0.9421
vn 0.5148 -0.2134 -0.8303
vn 0.0674 0.9688 -0.2387
vn 0.0826 -0.9914 -0.1020
vn 0.6040 -0.0000 -0.7970
vn 0.5783 -0.2966 -0.7600
vn 0.0657 0.9848 0.1608
vn -0.0028 0.9996 0.0270
vn 0.5115 -0.5428 -0.6661
vn 0.2447 0.9184 -0.3108
vn 0.4243 -0.7214 -0.5473
vn 0.3329 0.8413 -0.4259
vn 0.3329 -0.8413 -0.4259
vn 0.4243 0.7214 -0.5473
vn 0.2447 -0.9184 -0.3108
vn 0.5115 0.5428 -0.6661
vn 0.1616 -0.9657 -0.2034
vn 0.5783 0.2966 -0.7600
vn 0.8297 0.2085 -0.5178
vn 0.0826 0.9914 -0.1020
vn 0.4611 -0.8083 -0.3660
vn 0.3448 -0.8985 -0.2717
vn 0.6760 0.4963 -0.5447
vn 0.2300 -0.9565 -0.1797
vn 0.7488 0.2652 -0.6074
vn 0.1175 -0.9890 -0.0901
vn 0.7758 -0.0000 -0.6310
vn 0.1175 0.9890 -0.0901
vn 0.7488 -0.2652 -0.6074
vn 0.2300 0.9565 -0.1797
vn 0.6132 0.1535 -0.7748
vn 0.6760 -0.4963 -0.5447
vn 0.3448 0.8985 -0.2717
vn 0.5748 -0.6771 -0.4596
vn 0.4611 0.8083 -0.3660
vn 0.5748 0.6771 -0.4596
vn 0.1893 0.9767 -0.1010
vn 0.8546 -0.2378 -0.4617
vn 0.7849 -0.4536 -0.4220
vn 0.4254 0.8768 -0.2243
vn 0.6822 -0.6338 -0.3646
vn 0.5592 0.7741 -0.2968
vn 0.5592 -0.7741 -0.2968
vn 0.6822 0.6338 -0.3646
vn 0.4254 -0.8768 -0.2243
vn 0.7849 0.4536 -0.4220
vn 0.2870 -0.9461 -0.1499
vn 0.8546 0.2378 -0.4617
vn 0.1469 -0.9863 -0.0752
vn 0.8795 -0.0000 -0.4760
vn 0.0920 0.9946 -0.0479
vn 0.8542 0.4199 -0.3066
vn 0.4865 -0.8567 -0.1715
vn 0.3317 -0.9362 -0.1158
vn 0.9184 0.2171 -0.3308
vn 0.1702 -0.9837 -0.0582
vn 0.9407 -0.0000 -0.3392
vn 0.1702 0.9837 -0.0582
vn 0.9184 -0.2171 -0.3308
vn -0.0000 -0.0000 -1.0000
vn 0.8542 -0.4199 -0.3066
vn 0.4865 0.8567 -0.1715
vn 0.7551 -0.5975 -0.2697
vn 0.6299 0.7438 -0.2236
vn 0.6299 -0.7438 -0.2236
vn 0.7551 0.5976 -0.2697
vn 0.9557 -0.2031 -0.2131
vn 0.8962 -0.3963 -0.1993
vn 0.2222 0.9723 -0.0728
vn 0.5290 0.8407 -0.1157
vn 0.8015 -0.5711 -0.1775
vn 0.6770 0.7207 -0.1491
vn 0.6770 -0.7207 -0.1491
vn 0.8015 0.5711 -0.1775
vn 0.5290 -0.8407 -0.1157
vn 0.8962 0.3963 -0.1993
vn 0.3637 -0.9282 -0.0787
vn 0.9557 0.2031 -0.2131
vn 0.1870 -0.9816 -0.0396
vn 0.9760 -0.0000 -0.2178
vn 0.1870 0.9816 -0.0396
vn 0.3637 0.9282 -0.0787
vn 0.5539 -0.8305 -0.0582
vn 0.3828 -0.9230 -0.0398
vn 0.9752 0.1950 -0.1043
vn 0.1970 -0.9802 -0.0200
vn 0.9943 -0.0000 -0.1065
vn 0.1970 0.9802 -0.0200
vn 0.9752 -0.1950 -0.1043
vn 0.3828 0.9230 -0.0398
vn 0.9188 -0.3824 -0.0981
vn 0.5539 0.8305 -0.0582
vn 0.8271 -0.5551 -0.0880
vn 0.7039 0.7064 -0.0745
vn 0.7039 -0.7064 -0.0745
vn 0.8271 0.5551 -0.0880
vn 0.9188 0.3824 -0.0981
vn 0.5621 0.8271 -0.0000
vn 0.9258 -0.3779 -0.0000
vn 0.8353 -0.5498 -0.0000
vn 0.7127 0.7015 -0.0000
vn 0.7127 -0.7015 -0.0000
vn 0.8353 0.5498 -0.0000
vn 0.5621 -0.8271 -0.0000
vn 0.9258 0.3779 -0.0000
vn 0.3892 -0.9212 -0.0000
vn 0.9813 0.1924 -0.0000
vn 0.2004 -0.9797 -0.0000
vn 1.0000 -0.0000 -0.0000
vn 0.2004 0.9797 -0.0000
vn 0.9813 -0.1924 -0.0000
vn 0.3892 0.9212 -0.0000
vn 0.9188 0.3824 0.0981
vn 0.9752 0.1950 0.1043
vn 0.1970 -0.9802 0.0200
vn 0.9943 -0.0000 0.1065
vn 0.1970 0.9802 0.0200
vn 0.9752 -0.1950 0.1043
vn 0.9440 0.3062 -0.1230
vn 0.9188 -0.3824 0.0981
vn 0.5539 0.8305 0.0582
vn 0.8271 -0.5551 0.0880
vn 0.7039 0.7064 0.0745
vn 0.7039 -0.7064 0.0745
vn 0.8271 0.5551 0.0880
vn 0.5539 -0.8305 0.0582
vn 0.3828 -0.9230 0.0398
vn 0.8015 -0.5711 0.1775
vn 0.5290 0.8407 0.1157
vn 0.6770 0.7207 0.1491
vn 0.6770 -0.7207 0.1491
vn 0.8015 0.5711 0.1775
vn 0.5290 -0.8407 0.1157
vn 0.8962 0.3963 0.1993
vn 0.3637 -0.9282 0.0787
vn 0.9557 0.2031 0.2131
vn 0.1870 -0.9816 0.0396
vn 0.9760 -0.0000 0.2178
vn 0.1063 0.9930 0.0524
vn 0.9557 -0.2031 0.2131
vn -0.5388 0.4590 -0.7064
vn 0.6879 0.0121 -0.7257
vn 0.8962 -0.3963 0.1993
vn 0.3755 0.9114 0.1685
vn 0.1702 -0.9837 0.0582
vn 0.9184 0.2171 0.3308
vn 0.9407 -0.0000 0.3392
vn 0.1702 0.9837 0.0582
vn 0.9184 -0.2171 0.3308
vn 0.3317 0.9362 0.1158
vn 0.8542 -0.4199 0.3066
vn 0.4865 0.8567 0.1715
vn 0.7551 -0.5975 0.2697
vn 0.6299 0.7438 0.2236
vn 0.6299 -0.7438 0.2236
vn 0.7551 0.5976 0.2697
vn 0.4865 -0.8567 0.1715
vn 0.8542 0.4199 0.3066
vn 0.3317 -0.9362 0.1158
vn 0.5592 -0.7741 0.2968
vn 0.5592 0.7741 0.2968
vn 0.6822 0.6338 0.3646
vn 0.4254 -0.8768 0.2243
vn 0.7849 0.4536 0.4220
vn 0.2870 -0.9461 0.1499
vn 0.8546 0.2378 0.4617
vn 0.1469 -0.9863 0.0752
vn 0.8795 -0.0000 0.4760
vn 0.1469 0.9863 0.0752
vn 0.8546 -0.2378 0.4617
vn 0.2870 0.9461 0.1499
vn 0.7849 -0.4536 0.4220
vn 0.4254 0.8768 0.2243
vn 0.6822 -0.6338 0.3646
vn 0.1175 0.9890 0.0901
vn 0.1175 -0.9890 0.0901
vn 0.7488 -0.2652 0.6074
vn 0.2300 0.9565 0.1797
vn 0.6760 -0.4963 0.5447
vn 0.3448 0.8985 0.2717
vn 0.5748 -0.6771 0.4596
vn 0.4611 0.8083 0.3660
vn 0.4611 -0.8083 0.3660
vn 0.5748 0.6771 0.4596
vn 0.3448 -0.8985 0.2717
vn 0.6760 0.4963 0.5447
vn 0.2300 -0.9565 0.1797
vn 0.7488 0.2652 0.6074
vn 0.7758 -0.0000 0.6310
vn 0.3329 0.8413 0.4259
vn 0.4243 0.7214 0.5473
vn 0.2447 -0.9184 0.3108
vn 0.5115 0.5428 0.6661
vn 0.1616 -0.9657 0.2034
vn 0.5783 0.2966 0.7600
vn 0.0826 -0.9914 0.1020
vn 0.6040 -0.0000 0.7970
vn 0.0826 0.9914 0.1020
vn 0.5783 -0.2966 0.7600
vn 0.1616 0.9657 0.2034
vn 0.5115 -0.5428 0.6661
vn 0.2447 0.9184 0.3108
vn 0.4243 -0.7214 0.5473
vn 0.3329 -0.8413 0.4259
vn 0.3235 -0.3240 0.8890
vn 0.0429 0.9930 0.1101
vn 0.0837 0.9721 0.2193
vn 0.2810 -0.5817 0.7633
vn 0.1277 0.9327 0.3373
vn 0.2283 -0.7563 0.6131
vn 0.1759 0.8659 0.4682
vn 0.1759 -0.8659 0.4682
vn 0.2283 0.7563 0.6131
vn 0.1277 -0.9327 0.3373
vn 0.2810 0.5817 0.7633
vn 0.0837 -0.9721 0.2193
vn 0.3235 0.3240 0.8890
vn 0.0429 -0.9930 0.1101
vn 0.3403 -0.0000 0.9403
vn -0.0000 -0.9379 0.3469
vn -0.0000 0.7699 0.6382
vn -0.0000 0.5972 0.8021
vn -0.0000 -0.9744 0.2249
vn -0.0000 0.3352 0.9421
vn -0.0000 -0.9936 0.1131
vn -0.0000 -0.0000 1.0000
vn -0.0000 0.9936 0.1131
vn -0.0000 -0.3352 0.9421
vn -0.0000 0.9744 0.2249
vn -0.0000 -0.5972 0.8021
vn -0.0000 0.9379 0.3469
vn -0.0000 -0.7699 0.6382
vn -0.0000 0.8752 0.4838
vn -0.0000 -0.8752 0.4838
vn -0.0837 0.9721 0.2193
vn -0.3235 -0.3240 0.8890
vn -0.2810 -0.5817 0.7633
vn -0.1277 0.9327 0.3373
vn -0.2283 -0.7563 0.6131
vn -0.1759 0.8659 0.4682
vn -0.1759 -0.8659 0.4682
vn -0.2283 0.7563 0.6131
vn -0.1277 -0.9327 0.3373
vn -0.2810 0.5817 0.7633
vn -0.0837 -0.9721 0.2193
vn -0.3235 0.3240 0.8890
vn -0.0429 -0.9930 0.1101
vn -0.3403 -0.0000 0.9403
vn -0.0429 0.9930 0.1101
vn -0.5115 0.5428 0.6661
vn -0.2447 -0.9184 0.3108
vn -0.1616 -0.9657 0.2034
vn -0.5783 0.2966 0.7600
vn -0.0826 -0.9914 0.1020
vn -0.6040 -0.0000 0.7970
vn -0.0826 0.9914 0.1020
vn -0.5783 -0.2966 0.7600
vn -0.1616 0.9657 0.2034
vn -0.5115 -0.5428 0.6661
vn -0.2447 0.9184 0.3108
vn -0.4243 -0.7214 0.5473
vn -0.3329 0.8413 0.4259
vn -0.3329 -0.8413 0.4259
vn -0.4243 0.7214 0.5473
vn -0.7488 -0.2652 0.6074
vn -0.6760 -0.4963 0.5447
vn -0.3448 0.8985 0.2717
vn -0.5748 -0.6771 0.4596
vn -0.4611 0.8083 0.3660
vn -0.4611 -0.8083 0.3660
vn -0.5748 0.6771 0.4596
vn -0.3448 -0.8985 0.2717
vn -0.6760 0.4963 0.5447
vn -0.2300 -0.9565 0.1797
vn -0.7488 0.2652 0.6074
vn -0.1175 -0.9890 0.0901
vn -0.7758 -0.0000 0.6310
vn -0.1175 0.9890 0.0901
vn -0.2300 0.9565 0.1797
vn -0.4254 -0.8768 0.2243
vn -0.2870 -0.9461 0.1499
vn -0.8546 0.2378 0.4617
vn -0.1469 -0.9863 0.0752
vn -0.8795 -0.0000 0.4760
vn -0.1469 0.9863 0.0752
vn -0.8546 -0.2378 0.4617
vn -0.2870 0.9461 0.1499
vn -0.7849 -0.4536 0.4220
vn -0.4254 0.8768 0.2243
vn -0.6822 -0.6338 0.3646
vn -0.5592 0.7741 0.2968
vn -0.5592 -0.7741 0.2968
vn -0.6822 0.6338 0.3646
vn -0.7849 0.4536 0.4220
vn -0.8542 -0.4199 0.3066
vn -0.7551 -0.5975 0.2697
vn -0.6299 0.7438 0.2236
vn -0.6299 -0.7438 0.2236
vn -0.7551 0.5976 0.2697
vn -0.4865 -0.8567 0.1715
vn -0.8542 0.4199 0.3066
vn -0.3317 -0.9362 0.1158
vn -0.9184 0.2171 0.3308
vn -0.1702 -0.9837 0.0582
vn -0.9407 -0.0000 0.3392
vn -0.1702 0.9837 0.0582
vn -0.9184 -0.2171 0.3308
vn -0.3317 0.9362 0.1158
vn -0.4865 0.8567 0.1715
vn -0.3637 -0.9282 0.0787
vn -0.1870 -0.9816 0.0396
vn -0.9760 -0.0000 0.2178
vn -0.0910 0.9949 0.0427
vn -0.9557 -0.2031 0.2131
vn -0.3754 0.8997 0.2229
vn -0.8962 -0.3963 0.1993
vn -0.5290 0.8407 0.1157
vn -0.8015 -0.5711 0.1775
vn -0.6770 0.7207 0.1491
vn -0.6770 -0.7207 0.1491
vn -0.8015 0.5711 0.1775
vn -0.5290 -0.8407 0.1157
vn -0.8962 0.3963 0.1993
vn -0.9557 0.2031 0.2131
vn -0.7039 0.7064 0.0745
vn -0.8271 -0.5551 0.0880
vn -0.7039 -0.7064 0.0745
vn -0.8271 0.5551 0.0880
vn -0.5539 -0.8305 0.0582
vn -0.9188 0.3824 0.0981
vn -0.3828 -0.9230 0.0398
vn -0.9752 0.1950 0.1043
vn -0.1970 -0.9802 0.0200
vn -0.9943 -0.0000 0.1065
vn -0.1970 0.9802 0.0200
vn -0.9752 -0.1950 0.1043
vn -0.8806 0.3724 -0.2929
vn 0.4510 0.5961 -0.6643
vn -0.9188 -0.3824 0.0981
vn -0.5539 0.8305 0.0582
vn -1.0000 -0.0000 -0.0000
vn -0.2004 0.9797 -0.0000
vn -0.2004 -0.9797 -0.0000
vn -0.9813 -0.1924 -0.0000
vn -0.3892 0.9212 -0.0000
vn -0.9259 -0.3779 -0.0000
vn -0.5621 0.8271 -0.0000
vn -0.8353 -0.5498 -0.0000
vn -0.7127 0.7015 -0.0000
vn -0.7127 -0.7015 -0.0000
vn -0.8353 0.5498 -0.0000
vn -0.5621 -0.8271 -0.0000
vn -0.9259 0.3779 -0.0000
vn -0.3892 -0.9212 -0.0000
vn -0.9813 0.1924 -0.0000
vn -0.7039 -0.7064 -0.0745
vn -0.7039 0.7064 -0.0745
vn -0.8271 0.5551 -0.0880
vn -0.5539 -0.8305 -0.0582
vn -0.9188 0.3824 -0.0981
vn -0.3828 -0.9230 -0.0398
vn -0.9752 0.1950 -0.1043
vn -0.1970 -0.9802 -0.0200
vn -0.9943 -0.0000 -0.1065
vn -0.1970 0.9802 -0.0200
vn -0.9752 -0.1950 -0.1043
vn -0.3828 0.9230 -0.0398
vn -0.9188 -0.3824 -0.0981
vn -0.5539 0.8305 -0.0582
vn -0.8271 -0.5551 -0.0880
vn -0.1870 0.9816 -0.0396
vn -0.1870 -0.9816 -0.0396
vn -0.9557 -0.2031 -0.2131
vn -0.3637 0.9282 -0.0787
vn -0.8962 -0.3963 -0.1993
vn -0.5290 0.8407 -0.1157
vn -0.8015 -0.5711 -0.1775
vn -0.6770 0.7207 -0.1491
vn -0.6770 -0.7207 -0.1491
vn -0.8015 0.5711 -0.1775
vn -0.5290 -0.8407 -0.1157
vn -0.8962 0.3963 -0.1993
vn -0.3637 -0.9282 -0.0787
vn -0.9557 0.2031 -0.2131
vn -0.9760 -0.0000 -0.2178
vn -0.6299 0.7438 -0.2236
vn -0.7551 0.5976 -0.2697
vn -0.4865 -0.8567 -0.1715
vn -0.8542 0.4199 -0.3066
vn -0.3317 -0.9362 -0.1158
vn -0.9184 0.2171 -0.3308
vn -0.1702 -0.9837 -0.0582
vn -0.9407 -0.0000 -0.3392
vn -0.1702 0.9837 -0.0582
vn -0.9184 -0.2171 -0.3308
vn -0.3317 0.9362 -0.1158
vn -0.8542 -0.4199 -0.3066
vn -0.4865 0.8567 -0.1715
vn -0.7551 -0.5975 -0.2697
vn -0.6299 -0.7438 -0.2236
vn -0.8546 -0.2378 -0.4617
vn -0.1469 0.9863 -0.0752
vn -0.2870 0.9461 -0.1499
vn -0.7849 -0.4536 -0.4220
vn -0.4254 0.8768 -0.2243
vn -0.6822 -0.6338 -0.3646
vn -0.5592 0.7741 -0.2968
vn -0.5592 -0.7741 -0.2968
vn -0.6822 0.6338 -0.3646
vn -0.4254 -0.8768 -0.2243
vn -0.7849 0.4536 -0.4220
vn -0.2870 -0.9461 -0.1499
vn -0.8546 0.2378 -0.4617
vn -0.1469 -0.9863 -0.0752
vn -0.8795 -0.0000 -0.4760
vn -0.3448 -0.8985 -0.2717
vn -0.5748 0.6771 -0.4596
vn -0.6760 0.4963 -0.5447
vn -0.2300 -0.9565 -0.1797
vn -0.7488 0.2652 -0.6074
vn -0.1175 -0.9890 -0.0901
vn -0.7758 -0.0000 -0.6310
vn -0.1175 0.9890 -0.0901
vn -0.7488 -0.2652 -0.6074
vn -0.2300 0.9565 -0.1797
vn -0.6760 -0.4963 -0.5447
vn -0.3448 0.8985 -0.2717
vn -0.5748 -0.6771 -0.4596
vn -0.4611 0.8083 -0.3660
vn -0.4611 -0.8083 -0.3660
vn -0.5115 -0.5428 -0.6661
vn -0.1616 0.9657 -0.2034
vn -0.2447 0.9184 -0.3108
vn -0.4243 -0.7214 -0.5473
vn -0.3329 0.8413 -0.4259
vn -0.3329 -0.8413 -0.4259
vn -0.4243 0.7214 -0.5473
vn -0.2447 -0.9184 -0.3108
vn -0.5115 0.5428 -0.6661
vn -0.1616 -0.9657 -0.2034
vn -0.5783 0.2966 -0.7600
vn -0.0826 -0.9914 -0.1020
vn -0.6040 -0.0000 -0.7970
vn -0.0826 0.9914 -0.1020
vn -0.5783 -0.2966 -0.7600
vn -0.0837 -0.9721 -0.2193
vn -0.4452 0.7026 -0.5552
vn -0.8297 0.2085 -0.5178
vn -0.0429 -0.9930 -0.1101
vn -0.5148 -0.2134 -0.8303
vn -0.0429 0.9930 -0.1101
vn -0.3235 -0.3240 -0.8890
vn -0.0837 0.9721 -0.2193
vn -0.2810 -0.5817 -0.7633
vn -0.1277 0.9327 -0.3373
vn -0.2283 -0.7563 -0.6131
vn -0.1759 0.8659 -0.4682
vn -0.1759 -0.8659 -0.4682
vn -0.2283 0.7563 -0.6131
vn -0.1277 -0.9327 -0.3373
vn -0.7175 0.6363 0.2835
vn -0.7955 -0.4409 -0.4157
vn -0.6185 0.7550 -0.2177
vn -0.2753 0.9130 0.3010
vn -0.9650 0.1146 -0.2357
vn 0.9837 0.0919 -0.1545
vn 0.6244 0.7758 -0.0907
vn 0.6469 0.7623 0.0200
vn -0.0000 0.9858 0.1678
vn -0.0000 0.9997 0.0229
vn -0.0000 -0.8518 -0.5239
vn -0.6899 -0.4699 -0.5507
vn -0.0000 -0.7654 -0.6436
vn -0.9837 0.0919 -0.1545
vn -0.7152 -0.5282 -0.4577
vn 0.6433 0.7300 -0.2306
vn 0.8249 0.2193 -0.5210
vn 0.3131 0.9493 0.0293
vn -0.0099 -0.6144 -0.7889
vn -0.6834 0.7224 0.1059
vn 0.9502 0.1350 -0.2809
vn 0.3155 0.9368 -0.1512
vn -0.0000 0.9991 -0.0433
vn -0.5842 0.5127 -0.6291
vn 0.0001 0.4935 -0.8698
vn -0.9502 0.1350 -0.2809
vn -0.3155 0.9368 -0.1512
vn -0.6244 0.7758 -0.0907
vn -0.5642 0.7912 -0.2360
vn 0.5842 0.5127 -0.6291
vn 0.6899 -0.4699 -0.5507
vn 0.5641 0.7912 -0.2361
vn -0.6469 0.7623 0.0200
vn 0.7152 -0.5282 -0.4577
vn -0.0000 -0.5883 -0.8087
vn -0.8806 -0.1547 -0.4478
vn -0.8970 0.4107 -0.1632
vn -0.7750 0.2429 -0.5834
vn -0.8105 -0.5263 -0.2571
vn -0.9999 -0.0002 -0.0120
vn -0.8173 0.5243 0.2390
vn -0.9090 -0.4006 0.1150
vn -0.9096 0.1760 0.3764
vn -0.5793 0.0533 -0.8134
vn -0.5479 0.5601 -0.6214
vn -0.5249 0.4074 -0.7473
vn -0.5749 -0.2683 -0.7730
vn -0.5518 -0.5816 -0.5977
vn -0.4549 -0.8051 -0.3806
vn -0.5738 -0.8136 -0.0940
vn -0.6490 -0.7310 0.2109
vn -0.8591 -0.2046 0.4691
vn -0.6547 -0.5504 0.5182
vn -0.6518 0.0066 0.7583
vn -0.6514 0.3298 0.6832
vn -0.5856 0.5982 0.5471
vn -0.4735 0.7998 0.3690
vn -0.5736 0.8153 0.0792
vn -0.6092 0.7391 -0.2874
vn -0.3188 0.4237 0.8478
vn -0.0000 0.7052 0.7090
vn -0.2773 0.6771 0.6817
vn -0.3250 0.0963 0.9408
vn -0.0000 0.4519 0.8921
vn 0.3188 0.4237 0.8478
vn 0.2773 0.6771 0.6817
vn 0.3250 0.0963 0.9408
vn -0.2360 0.8822 0.4074
vn -0.5789 -0.3097 0.7543
vn -0.3112 -0.3516 0.8829
vn -0.0000 0.1096 0.9940
vn 0.3112 -0.3516 0.8829
vn 0.5789 -0.3097 0.7543
vn 0.6518 0.0066 0.7583
vn 0.6514 0.3298 0.6832
vn 0.5856 0.5982 0.5471
vn 0.4735 0.7998 0.3690
vn 0.2360 0.8822 0.4074
vn -0.0000 0.9080 0.4189
vn 0.8173 0.5243 0.2390
vn 0.9999 -0.0002 -0.0120
vn 0.8970 0.4107 -0.1632
vn 0.9096 0.1760 0.3764
vn 0.9090 -0.4006 0.1150
vn 0.8806 -0.1547 -0.4478
vn 0.7750 0.2429 -0.5834
vn 0.8105 -0.5263 -0.2571
vn 0.5736 0.8153 0.0792
vn 0.8591 -0.2046 0.4691
vn 0.6547 -0.5504 0.5182
vn 0.6490 -0.7310 0.2109
vn 0.5738 -0.8136 -0.0940
vn 0.4549 -0.8051 -0.3806
vn 0.5518 -0.5816 -0.5977
vn 0.5749 -0.2683 -0.7730
vn 0.5793 0.0533 -0.8134
vn 0.5479 0.5601 -0.6214
vn 0.5249 0.4074 -0.7473
vn 0.6092 0.7391 -0.2874
vn 0.4995 0.0237 -0.8660
vn -0.0000 -0.4451 -0.8955
vn -0.0000 0.5219 -0.8530
vn 0.3226 -0.3953 -0.8601
vn 0.0037 -0.6370 -0.7709
vn -0.4995 0.0237 -0.8660
vn -0.3226 -0.3953 -0.8601
vn 0.4534 0.5736 -0.6822
vn 0.3435 -0.4136 -0.8432
vn 0.1704 -0.9716 0.1641
vn 0.9080 0.0097 -0.4189
vn -0.1908 -0.9689 0.1575
vn 0.5372 -0.7509 -0.3842
vn -0.3483 -0.4079 -0.8440
vn -0.4534 0.5736 -0.6822
vn -0.0000 0.9407 -0.3392
vn -0.2676 0.9626 0.0426
vn -0.0000 0.9484 -0.3171
vn -0.2889 0.8990 -0.3292
vn 0.2676 0.9626 0.0426
vn -0.0000 0.9985 0.0544
vn -0.2850 0.7450 -0.6032
vn 0.2850 0.7450 -0.6032
vn -0.0000 0.8842 -0.4671
vn 0.2889 0.8990 -0.3292
vn 0.3282 -0.7349 0.5935
vn -0.0000 -0.9612 0.2757
vn 0.3148 -0.9123 0.2618
vn -0.3282 -0.7349 0.5935
vn -0.0000 -0.7756 0.6313
vn -0.0000 -0.9985 -0.0554
vn 0.2660 -0.9623 -0.0570
vn -0.3148 -0.9123 0.2618
vn -0.0000 -0.3637 0.9315
vn -0.2660 -0.9623 -0.0570
vn -0.0000 -0.9129 -0.4081
vn -0.0001 1.0000 -0.0000
vn -0.0000 1.0000 0.0001
vn 0.0001 1.0000 -0.0000
vn 0.6434 0.7299 -0.2306
vn -0.6186 0.7549 -0.2177
vn -0.7175 0.6362 0.2835
vn -0.2753 0.9130 0.3011
vn -0.7176 0.6361 0.2836
vn 0.4223 0.8301 -0.3642
vn 0.0488 0.1522 -0.9871
vn 0.6434 0.7300 -0.2308
vn -0.0000 0.3507 -0.9365
vn 0.4906 -0.6274 0.6047
vn -0.5229 -0.7641 -0.3778
vn -0.4857 -0.6368 0.5989
vn -0.9020 -0.0056 -0.4318
vn 0.2223 0.9723 -0.0727
vn 0.2461 0.7888 -0.5632
vn 0.0268 0.9996 -0.0117
vn 0.0851 0.9957 -0.0370
vn 0.0523 0.9984 -0.0227
vn 0.0061 0.9999 -0.0106
vn 0.0316 0.9980 -0.0552
vn 0.0239 0.9988 -0.0417
vn 0.2460 0.7889 -0.5632
vn 0.1892 0.9767 -0.1009
vn 0.2460 0.7888 -0.5632
vn 0.0656 0.9848 0.1609
vn 0.0920 0.9946 -0.0478
vn 0.1892 0.9767 -0.1010
vn -0.7475 0.0623 -0.6613
vn -0.7867 0.3044 0.5371
vn 0.8360 0.3683 0.4067
vn 0.0315 0.9980 -0.0552
vn 0.3154 0.9368 -0.1512
vn -0.0000 0.4935 -0.8698
vn -0.5842 0.5127 -0.6292
vn -0.5642 0.7912 -0.2361
vn -0.3154 0.9368 -0.1512
vn 0.5642 0.7912 -0.2361
vn 0.5843 0.5126 -0.6291
vn -0.0000 1.0000 -0.0001
vn 0.0850 0.9957 -0.0369
vn 0.0239 0.9988 -0.0416
vn 0.0267 0.9996 -0.0117
vn 0.0522 0.9984 -0.0227
vt 0.773157 0.471270
vt 0.765653 0.465825
vt 0.773401 0.464475
vt 0.673977 0.466681
vt 0.702438 0.461196
vt 0.703311 0.469394
vt 0.782877 0.470121
vt 0.783267 0.462953
vt 0.721733 0.463317
vt 0.722570 0.471044
vt 0.796213 0.468688
vt 0.796692 0.461038
vt 0.735294 0.465077
vt 0.735956 0.472378
vt 0.815310 0.466527
vt 0.815808 0.458408
vt 0.745508 0.466885
vt 0.745389 0.473970
vt 0.844271 0.462826
vt 0.844801 0.454196
vt 0.753330 0.477337
vt 0.753517 0.474822
vt 0.894693 0.455677
vt 0.895143 0.445121
vt 0.751574 0.477548
vt 0.751343 0.474965
vt 0.622557 0.461434
vt 0.519538 0.451365
vt 0.621623 0.450601
vt 0.994284 0.441555
vt 0.765634 0.472414
vt 0.758818 0.467242
vt 0.673051 0.457934
vt 0.990482 0.416852
vt 0.896590 0.433677
vt 0.759013 0.458730
vt 0.766153 0.457852
vt 0.670211 0.448347
vt 0.774385 0.456517
vt 0.699822 0.452214
vt 0.784744 0.454759
vt 0.719471 0.454688
vt 0.798601 0.452509
vt 0.733488 0.456609
vt 0.818037 0.449479
vt 0.743988 0.458096
vt 0.847215 0.444685
vt 0.752057 0.458744
vt 0.752664 0.466985
vt 0.522430 0.425281
vt 0.619682 0.438885
vt 0.801910 0.442318
vt 0.821925 0.438989
vt 0.741834 0.447846
vt 0.851291 0.433634
vt 0.750940 0.448607
vt 0.898835 0.421115
vt 0.758949 0.448629
vt 0.530325 0.405051
vt 0.616940 0.426049
vt 0.982306 0.397884
vt 0.767003 0.447913
vt 0.665663 0.437239
vt 0.776122 0.446606
vt 0.695508 0.441694
vt 0.787313 0.444753
vt 0.715769 0.444419
vt 0.730538 0.446411
vt 0.659821 0.423949
vt 0.768199 0.435064
vt 0.778614 0.433844
vt 0.689687 0.428851
vt 0.790972 0.432045
vt 0.710692 0.431686
vt 0.806530 0.429622
vt 0.726426 0.433608
vt 0.827257 0.426162
vt 0.738885 0.434938
vt 0.856608 0.420411
vt 0.749333 0.435647
vt 0.901582 0.407256
vt 0.758765 0.435686
vt 0.538220 0.389910
vt 0.613700 0.411903
vt 0.974403 0.383684
vt 0.735212 0.418319
vt 0.833483 0.410232
vt 0.862485 0.404515
vt 0.747307 0.418854
vt 0.904419 0.392050
vt 0.758504 0.418853
vt 0.544750 0.377669
vt 0.610386 0.396392
vt 0.967931 0.372132
vt 0.769690 0.418326
vt 0.781738 0.417290
vt 0.682901 0.412891
vt 0.795527 0.415723
vt 0.704514 0.415589
vt 0.812163 0.413545
vt 0.721322 0.417244
vt 0.771267 0.396984
vt 0.785063 0.396221
vt 0.653373 0.407944
vt 0.676011 0.393212
vt 0.800333 0.395047
vt 0.697954 0.395307
vt 0.818091 0.393313
vt 0.715881 0.396519
vt 0.839753 0.390638
vt 0.731250 0.397202
vt 0.867931 0.385790
vt 0.745097 0.397479
vt 0.906901 0.375680
vt 0.758189 0.397399
vt 0.549946 0.367299
vt 0.607461 0.379696
vt 0.962792 0.362283
vt 0.647339 0.389043
vt 0.844708 0.367287
vt 0.872025 0.364435
vt 0.743184 0.371592
vt 0.908658 0.358644
vt 0.757849 0.371435
vt 0.554076 0.358450
vt 0.605312 0.362326
vt 0.958705 0.353832
vt 0.772499 0.371139
vt 0.642677 0.367429
vt 0.787739 0.370679
vt 0.670414 0.369677
vt 0.804219 0.369992
vt 0.692588 0.370810
vt 0.822790 0.368952
vt 0.711318 0.371361
vt 0.727893 0.371585
vt 0.667819 0.343612
vt 0.788696 0.342107
vt 0.805703 0.341916
vt 0.690107 0.343342
vt 0.824655 0.341718
vt 0.709198 0.343105
vt 0.846726 0.341509
vt 0.726291 0.342889
vt 0.873834 0.341278
vt 0.742193 0.342685
vt 0.909543 0.341015
vt 0.757524 0.342489
vt 0.555320 0.350231
vt 0.604087 0.344354
vt 0.957424 0.345918
vt 0.772840 0.342297
vt 0.640367 0.343937
vt 0.727269 0.314162
vt 0.742570 0.313757
vt 0.908451 0.323382
vt 0.757252 0.313528
vt 0.555220 0.339546
vt 0.604919 0.326366
vt 0.957407 0.335549
vt 0.771922 0.313446
vt 0.642146 0.320405
vt 0.787188 0.313533
vt 0.669823 0.317499
vt 0.803700 0.313845
vt 0.691970 0.315828
vt 0.822313 0.314494
vt 0.710691 0.314810
vt 0.844287 0.315742
vt 0.871686 0.318126
vt 0.799329 0.288802
vt 0.674873 0.293850
vt 0.696772 0.291220
vt 0.817160 0.290159
vt 0.714684 0.289556
vt 0.838923 0.292417
vt 0.730057 0.288471
vt 0.867257 0.296778
vt 0.743923 0.287813
vt 0.906485 0.306320
vt 0.757045 0.287521
vt 0.553845 0.331368
vt 0.606682 0.308975
vt 0.958696 0.327608
vt 0.770160 0.287574
vt 0.784002 0.287985
vt 0.646308 0.298705
vt 0.903790 0.289901
vt 0.745660 0.266368
vt 0.756900 0.266008
vt 0.549585 0.322635
vt 0.609224 0.292254
vt 0.962811 0.319094
vt 0.768135 0.266188
vt 0.651892 0.279690
vt 0.780242 0.266896
vt 0.681298 0.274027
vt 0.794104 0.268136
vt 0.702857 0.270799
vt 0.810832 0.269961
vt 0.719645 0.268719
vt 0.832284 0.272859
vt 0.733538 0.267266
vt 0.861490 0.278061
vt 0.804869 0.253908
vt 0.708653 0.254581
vt 0.724360 0.252264
vt 0.825736 0.256961
vt 0.736819 0.250582
vt 0.855314 0.262170
vt 0.747308 0.249513
vt 0.900736 0.274626
vt 0.756802 0.249098
vt 0.544245 0.312437
vt 0.612167 0.276719
vt 0.968001 0.309136
vt 0.766293 0.249374
vt 0.657944 0.263561
vt 0.776771 0.250295
vt 0.687698 0.257927
vt 0.789208 0.251807
vt 0.537547 0.300447
vt 0.615049 0.262556
vt 0.974547 0.297403
vt 0.897773 0.260679
vt 0.764848 0.236394
vt 0.663444 0.250158
vt 0.774023 0.237443
vt 0.693199 0.244972
vt 0.785288 0.239060
vt 0.713422 0.241771
vt 0.799982 0.241212
vt 0.728155 0.239431
vt 0.820129 0.244150
vt 0.739439 0.237671
vt 0.849726 0.248946
vt 0.748626 0.236504
vt 0.756740 0.236037
vt 0.716862 0.231475
vt 0.730832 0.229292
vt 0.816004 0.233652
vt 0.741264 0.227570
vt 0.845406 0.237877
vt 0.749539 0.226312
vt 0.895312 0.248011
vt 0.756702 0.225714
vt 0.529415 0.285670
vt 0.617448 0.249714
vt 0.982530 0.282902
vt 0.763855 0.226221
vt 0.667694 0.238962
vt 0.772111 0.227380
vt 0.697240 0.234376
vt 0.782519 0.228977
vt 0.796451 0.230991
vt 0.763299 0.217824
vt 0.619056 0.238009
vt 0.670264 0.229324
vt 0.771001 0.219202
vt 0.699608 0.225352
vt 0.780876 0.220682
vt 0.718891 0.222850
vt 0.794346 0.222411
vt 0.732402 0.220964
vt 0.813561 0.224688
vt 0.742310 0.219369
vt 0.842771 0.228323
vt 0.750046 0.217902
vt 0.893651 0.236442
vt 0.756689 0.216742
vt 0.521107 0.265914
vt 0.990713 0.263458
vt 0.812857 0.216507
vt 0.732904 0.213691
vt 0.742648 0.212345
vt 0.842036 0.219617
vt 0.750192 0.210527
vt 0.892990 0.225743
vt 0.756711 0.206862
vt 0.517490 0.240256
vt 0.619666 0.227207
vt 0.994284 0.238144
vt 0.763116 0.210453
vt 0.670932 0.220566
vt 0.770604 0.212186
vt 0.700238 0.217139
vt 0.780305 0.213422
vt 0.719496 0.215117
vt 0.793668 0.214698
vt 0.669254 0.212141
vt 0.763330 0.204974
vt 0.771046 0.205807
vt 0.698839 0.209179
vt 0.780995 0.206462
vt 0.718427 0.207612
vt 0.794657 0.207194
vt 0.732137 0.206733
vt 0.814176 0.208556
vt 0.742126 0.205968
vt 0.843635 0.211217
vt 0.749880 0.205048
vt 0.893697 0.215598
vt 0.756622 0.204081
vt 0.522664 0.216590
vt 0.618904 0.216986
vt 0.989187 0.214739
vt 0.740621 0.198857
vt 0.817482 0.200223
vt 0.847317 0.202587
vt 0.749075 0.198578
vt 0.895653 0.205565
vt 0.756558 0.198329
vt 0.532281 0.197907
vt 0.616887 0.206896
vt 0.979654 0.196232
vt 0.764027 0.198500
vt 0.665482 0.203506
vt 0.772453 0.198687
vt 0.695439 0.200856
vt 0.783076 0.198813
vt 0.715618 0.199583
vt 0.797373 0.199152
vt 0.729963 0.199096
vt 0.765217 0.189718
vt 0.774870 0.189598
vt 0.689852 0.191424
vt 0.786627 0.189485
vt 0.710911 0.190150
vt 0.801970 0.189694
vt 0.726299 0.189789
vt 0.822961 0.190768
vt 0.738089 0.189782
vt 0.853093 0.193139
vt 0.747762 0.189804
vt 0.898881 0.195519
vt 0.756494 0.189764
vt 0.542165 0.187294
vt 0.613590 0.196808
vt 0.969849 0.185708
vt 0.659603 0.194067
vt 0.830777 0.179433
vt 0.860890 0.182382
vt 0.745838 0.177519
vt 0.903347 0.185419
vt 0.756420 0.177499
vt 0.549142 0.181447
vt 0.609048 0.186680
vt 0.962921 0.179905
vt 0.766996 0.177421
vt 0.651690 0.183326
vt 0.778468 0.177308
vt 0.681907 0.180122
vt 0.791930 0.177332
vt 0.704033 0.178361
vt 0.808714 0.177870
vt 0.720858 0.177667
vt 0.734348 0.177515
vt 0.783502 0.160404
vt 0.799275 0.161099
vt 0.694698 0.163183
vt 0.817888 0.162650
vt 0.713345 0.161470
vt 0.840987 0.165458
vt 0.729141 0.160638
vt 0.870561 0.170014
vt 0.743152 0.160262
vt 0.908948 0.175350
vt 0.756331 0.160120
vt 0.553569 0.177823
vt 0.603367 0.176594
vt 0.958522 0.176306
vt 0.769505 0.160149
vt 0.641890 0.170977
vt 0.671547 0.166185
vt 0.881904 0.156014
vt 0.915541 0.165552
vt 0.756223 0.135823
vt 0.556446 0.175460
vt 0.596691 0.166792
vt 0.955662 0.173961
vt 0.772894 0.136134
vt 0.630407 0.157000
vt 0.790223 0.137257
vt 0.658718 0.149144
vt 0.808908 0.139410
vt 0.682630 0.143547
vt 0.829767 0.142971
vt 0.703512 0.139821
vt 0.853645 0.148378
vt 0.722212 0.137521
vt 0.739549 0.136263
vt 0.667890 0.118754
vt 0.821107 0.110984
vt 0.844293 0.118139
vt 0.691081 0.111431
vt 0.868781 0.127964
vt 0.713301 0.106463
vt 0.894879 0.140765
vt 0.734869 0.103570
vt 0.922974 0.156354
vt 0.756097 0.102576
vt 0.558365 0.173904
vt 0.589175 0.157599
vt 0.953753 0.172416
vt 0.777324 0.103426
vt 0.617286 0.141777
vt 0.798890 0.106172
vt 0.643394 0.128767
vt 0.755957 0.058319
vt 0.559549 0.172750
vt 0.580995 0.149299
vt 0.952573 0.171271
vt 0.931073 0.148038
vt 0.783045 0.060103
vt 0.602507 0.125872
vt 0.809904 0.065613
vt 0.625645 0.105388
vt 0.836256 0.074858
vt 0.650128 0.088494
vt 0.861822 0.087844
vt 0.675677 0.075333
vt 0.886331 0.104550
vt 0.702017 0.065924
vt 0.909507 0.124829
vt 0.728871 0.060257
vt 0.842535 0.606496
vt 0.849214 0.563377
vt 0.867457 0.592875
vt 0.683182 0.611151
vt 0.674035 0.568216
vt 0.697338 0.574763
vt 0.873193 0.552950
vt 0.891227 0.575635
vt 0.709673 0.619634
vt 0.719583 0.578992
vt 0.898674 0.539561
vt 0.913586 0.554927
vt 0.736528 0.624378
vt 0.741100 0.581177
vt 0.926048 0.523380
vt 0.934285 0.531385
vt 0.763470 0.625416
vt 0.762207 0.581486
vt 0.586473 0.540550
vt 0.564335 0.517855
vt 0.594363 0.532010
vt 0.954919 0.507822
vt 0.783246 0.579974
vt 0.790275 0.622773
vt 0.608678 0.563218
vt 0.622899 0.546891
vt 0.804556 0.576585
vt 0.816720 0.616464
vt 0.632400 0.582879
vt 0.649328 0.559025
vt 0.826442 0.571145
vt 0.657332 0.598900
vt 0.563106 0.516744
vt 0.601562 0.522598
vt 0.956045 0.506665
vt 0.918450 0.514487
vt 0.777846 0.547625
vt 0.635497 0.531302
vt 0.795016 0.545978
vt 0.663955 0.538255
vt 0.813503 0.543287
vt 0.687932 0.543094
vt 0.834101 0.539160
vt 0.708817 0.546157
vt 0.857630 0.533140
vt 0.727474 0.547860
vt 0.885418 0.524818
vt 0.744734 0.548560
vt 0.761304 0.548462
vt 0.699351 0.523207
vt 0.717944 0.524359
vt 0.844613 0.516539
vt 0.733660 0.524701
vt 0.873811 0.511256
vt 0.747580 0.524618
vt 0.911671 0.504981
vt 0.760663 0.524311
vt 0.561125 0.515257
vt 0.607905 0.512601
vt 0.957875 0.505099
vt 0.773741 0.523842
vt 0.646510 0.517013
vt 0.787642 0.523150
vt 0.676215 0.520901
vt 0.803302 0.521998
vt 0.821757 0.519941
vt 0.770696 0.506694
vt 0.613247 0.502347
vt 0.655903 0.504404
vt 0.782114 0.506432
vt 0.686123 0.506727
vt 0.795522 0.506022
vt 0.708203 0.507863
vt 0.812217 0.505042
vt 0.724944 0.508082
vt 0.834105 0.502929
vt 0.738333 0.507827
vt 0.863906 0.499253
vt 0.749718 0.507421
vt 0.905872 0.495183
vt 0.760200 0.507017
vt 0.558150 0.512999
vt 0.960614 0.502725
vt 0.826039 0.491860
vt 0.730021 0.495955
vt 0.741700 0.495633
vt 0.855900 0.488790
vt 0.751233 0.495228
vt 0.901202 0.485328
vt 0.759839 0.494770
vt 0.553565 0.509535
vt 0.617454 0.492079
vt 0.964821 0.499089
vt 0.768495 0.494405
vt 0.663469 0.493459
vt 0.778133 0.494206
vt 0.693712 0.495262
vt 0.789883 0.494008
vt 0.714720 0.495985
vt 0.805179 0.493427
vt 0.775415 0.485058
vt 0.669050 0.483873
vt 0.699008 0.485732
vt 0.786065 0.484726
vt 0.719152 0.486528
vt 0.800339 0.484096
vt 0.733439 0.486722
vt 0.820340 0.482591
vt 0.744020 0.486753
vt 0.849930 0.479569
vt 0.752220 0.486682
vt 0.897769 0.475500
vt 0.759493 0.486065
vt 0.546325 0.503931
vt 0.620421 0.481881
vt 0.971445 0.493243
vt 0.766947 0.485461
vt 0.846061 0.471106
vt 0.745577 0.480016
vt 0.752746 0.481005
vt 0.895607 0.465657
vt 0.758984 0.479599
vt 0.535973 0.493623
vt 0.622115 0.471710
vt 0.980779 0.482733
vt 0.765947 0.478549
vt 0.672554 0.475147
vt 0.773776 0.477778
vt 0.702154 0.477363
vt 0.783767 0.477072
vt 0.721732 0.478517
vt 0.797409 0.476131
vt 0.735438 0.479213
vt 0.816830 0.474388
vt 0.751697 0.480454
vt 0.753103 0.478266
vt 0.751764 0.478267
vt 0.525594 0.475140
vt 0.989703 0.464455
vt 0.752545 0.469864
vt 0.749409 0.472301
vt 0.747787 0.469911
vt 0.747573 0.474909
vt 0.749369 0.475861
vt 0.757203 0.474828
vt 0.755303 0.478516
vt 0.755494 0.475785
vt 0.752564 0.480171
vt 0.756885 0.478803
vt 0.752443 0.475574
vt 0.751343 0.474966
vt 0.752484 0.472331
vt 0.752373 0.479842
vt 0.749373 0.478519
vt 0.753517 0.474821
vt 0.755349 0.472220
vt 0.747740 0.478943
vt 0.756825 0.469970
vt 0.759281 0.473862
vt 0.455725 0.090470
vt 0.404413 0.113446
vt 0.416740 0.069031
vt 0.495391 0.111787
vt 0.442758 0.132177
vt 0.392139 0.153980
vt 0.481203 0.153959
vt 0.429290 0.172278
vt 0.424766 0.015485
vt 0.377377 0.042131
vt 0.394132 0.006722
vt 0.468683 0.035002
vt 0.515362 0.064575
vt 0.550111 0.091414
vt 0.543231 0.133213
vt 0.526991 0.183595
vt 0.465044 0.194254
vt 0.501823 0.227578
vt 0.448249 0.235724
vt 0.413789 0.214829
vt 0.377110 0.196103
vt 0.342740 0.181366
vt 0.345871 0.141193
vt 0.358003 0.092081
vt 0.393878 0.262504
vt 0.326108 0.289462
vt 0.353537 0.240759
vt 0.431496 0.284149
vt 0.369224 0.312617
vt 0.340979 0.359366
vt 0.301874 0.338920
vt 0.377634 0.379448
vt 0.312412 0.214875
vt 0.476527 0.254860
vt 0.469746 0.301306
vt 0.408779 0.334732
vt 0.410716 0.403780
vt 0.373640 0.431608
vt 0.346230 0.415177
vt 0.314054 0.398734
vt 0.280997 0.381709
vt 0.248869 0.365437
vt 0.257447 0.321205
vt 0.280683 0.265920
vt 0.261564 0.414847
vt 0.271671 0.457051
vt 0.243140 0.442092
vt 0.291429 0.430136
vt 0.301653 0.472126
vt 0.251626 0.483011
vt 0.221929 0.468948
vt 0.281320 0.498877
vt 0.229955 0.395530
vt 0.321830 0.444990
vt 0.357567 0.459047
vt 0.336828 0.488487
vt 0.314794 0.518738
vt 0.292737 0.548315
vt 0.259589 0.529617
vt 0.224498 0.512762
vt 0.193065 0.497731
vt 0.188720 0.456686
vt 0.171103 0.483890
vt 0.211012 0.426404
vt 0.153094 0.519882
vt 0.152184 0.573488
vt 0.114080 0.541664
vt 0.193006 0.545085
vt 0.209306 0.615431
vt 0.098536 0.585289
vt 0.133208 0.622892
vt 0.138591 0.501629
vt 0.235834 0.568759
vt 0.281795 0.591494
vt 0.216159 0.691638
vt 0.173851 0.658973
vt 0.183400 0.721143
vt 0.145122 0.705485
vt 0.103709 0.672159
vt 0.077308 0.633177
vt 0.063190 0.607511
vt 0.077815 0.572759
vt 0.093974 0.524585
vt 0.098382 0.310148
vt 0.123331 0.378786
vt 0.072585 0.350351
vt 0.192995 0.368929
vt 0.147676 0.338491
vt 0.051996 0.396435
vt 0.147795 0.445461
vt 0.099662 0.423610
vt 0.082095 0.255208
vt 0.053569 0.280479
vt 0.122683 0.269938
vt 0.220162 0.332195
vt 0.173983 0.297247
vt 0.171045 0.406006
vt 0.131488 0.480671
vt 0.078120 0.466981
vt 0.034789 0.432747
vt 0.006351 0.405521
vt 0.010021 0.368432
vt 0.025379 0.319317
vt 0.402571 0.473794
vt 0.427310 0.535515
vt 0.379831 0.508510
vt 0.496287 0.531673
vt 0.451584 0.497010
vt 0.398198 0.577506
vt 0.353814 0.545311
vt 0.473180 0.571012
vt 0.419338 0.437275
vt 0.520233 0.497230
vt 0.473359 0.460557
vt 0.550111 0.533086
vt 0.539672 0.568615
vt 0.516951 0.611951
vt 0.444142 0.611101
vt 0.453116 0.673047
vt 0.414831 0.653104
vt 0.365766 0.620654
vt 0.320744 0.582518
vt 0.446581 0.356423
vt 0.253831 0.644638
vt 0.483919 0.648973
vt 0.752227 0.481174
vt 0.751944 0.481612
vt 0.752256 0.489945
vt 0.752143 0.484057
vt 0.751801 0.484959
vt 0.752035 0.482763
vt 0.752252 0.482240
vt 0.752167 0.480956
s 1
usemtl マテリアル.003
f 478/1/1 15/2/2 16/3/3
f 475/4/4 9/5/5 1/6/6
f 6/7/7 16/3/3 17/8/8
f 1/6/6 10/9/9 476/10/10
f 479/11/11 17/8/8 18/12/12
f 476/10/10 11/13/13 2/14/14
f 480/15/15 18/12/12 19/16/16
f 2/14/14 12/17/17 477/18/18
f 481/19/19 19/16/16 20/20/20
f 624/21/21 634/22/22 627/22/23
f 482/23/24 20/20/20 21/24/25
f 622/25/26 631/26/27 630/25/28
f 474/27/29 82/28/30 7/29/31
f 308/30/32 482/23/24 21/24/25
f 5/31/33 14/32/34 15/2/2
f 474/27/29 8/33/35 475/4/4
f 308/34/32 21/24/25 36/35/36
f 15/2/2 29/36/37 30/37/38
f 7/29/31 645/38/39 643/29/40
f 16/3/3 30/37/38 31/39/41
f 8/33/35 24/40/42 9/5/5
f 17/8/8 31/39/41 32/41/43
f 9/5/5 25/42/44 10/9/9
f 18/12/12 32/41/43 33/43/45
f 10/9/9 26/44/46 11/13/13
f 19/16/16 33/43/45 34/45/47
f 11/13/13 27/46/48 12/17/17
f 20/20/20 34/45/47 35/47/49
f 12/17/17 28/48/50 13/49/51
f 21/24/25 35/47/49 36/35/36
f 13/49/51 29/36/37 14/32/34
f 7/29/31 82/50/30 22/51/52
f 34/45/47 48/52/53 49/53/54
f 26/44/46 42/54/55 27/46/48
f 35/47/49 49/53/54 50/55/56
f 27/46/48 43/56/57 28/48/50
f 36/35/36 50/55/56 51/57/58
f 28/48/50 44/58/59 29/36/37
f 22/51/52 82/59/30 37/60/60
f 308/61/32 36/35/36 51/57/58
f 30/37/38 44/58/59 45/62/61
f 22/51/52 38/63/62 23/38/63
f 31/39/41 45/62/61 46/64/64
f 23/38/63 39/65/65 24/40/42
f 32/41/43 46/64/64 47/66/66
f 24/40/42 40/67/67 25/42/44
f 33/43/45 47/66/66 48/52/53
f 25/42/44 41/68/68 26/44/46
f 37/60/60 53/69/69 38/63/62
f 46/64/64 60/70/70 61/71/71
f 38/63/62 54/72/72 39/65/65
f 47/66/66 61/71/71 62/73/73
f 39/65/65 55/74/74 40/67/67
f 48/52/53 62/73/73 63/75/75
f 40/67/67 56/76/76 41/68/68
f 49/53/54 63/75/75 64/77/77
f 41/68/68 57/78/78 42/54/55
f 50/55/56 64/77/77 65/79/79
f 42/54/55 58/80/80 43/56/57
f 51/57/58 65/79/79 66/81/81
f 43/56/57 59/82/82 44/58/59
f 37/60/60 82/83/30 52/84/83
f 308/85/32 51/57/58 66/81/81
f 45/62/61 59/82/82 60/70/70
f 56/76/76 72/86/84 57/78/78
f 65/79/79 79/87/85 80/88/86
f 57/78/78 73/89/87 58/80/80
f 66/81/81 80/88/86 81/90/88
f 58/80/80 74/91/89 59/82/82
f 52/84/83 82/92/30 67/93/90
f 308/94/32 66/81/81 81/90/88
f 60/70/70 74/91/89 75/95/91
s 0
f 645/38/39 649/29/92 643/29/40
s 1
f 61/71/71 75/95/91 76/96/93
f 53/69/69 69/97/94 54/72/72
f 62/73/73 76/96/93 77/98/95
f 54/72/72 70/99/96 55/74/74
f 63/75/75 77/98/95 78/100/97
f 55/74/74 71/101/98 56/76/76
f 64/77/77 78/100/97 79/87/85
f 76/96/93 91/102/99 92/103/100
f 68/104/101 85/105/102 69/97/94
f 77/98/95 92/103/100 93/106/103
f 69/97/94 86/107/104 70/99/96
f 78/100/97 93/106/103 94/108/105
f 70/99/96 87/109/106 71/101/98
f 79/87/85 94/108/105 95/110/107
f 71/101/98 88/111/108 72/86/84
f 80/88/86 95/110/107 96/112/109
f 72/86/84 89/113/110 73/89/87
f 81/90/88 96/112/109 97/114/111
f 73/89/87 90/115/112 74/91/89
f 67/93/90 82/116/30 83/117/113
f 308/118/32 81/90/88 97/114/111
f 75/95/91 90/115/112 91/102/99
f 67/93/90 84/119/114 68/104/101
f 96/112/109 110/120/115 111/121/116
f 88/111/108 104/122/117 89/113/110
f 97/114/111 111/121/116 112/123/118
f 89/113/110 105/124/119 90/115/112
f 83/117/113 82/125/30 98/126/120
f 308/127/32 97/114/111 112/123/118
f 91/102/99 105/124/119 106/128/121
f 83/117/113 99/129/122 84/119/114
f 92/103/100 106/128/121 107/130/123
f 84/119/114 100/131/124 85/105/102
f 93/106/103 107/130/123 108/132/125
f 85/105/102 101/133/126 86/107/104
f 94/108/105 108/132/125 109/134/127
f 86/107/104 102/135/128 87/109/106
f 95/110/107 109/134/127 110/120/115
f 87/109/106 103/136/129 88/111/108
f 99/129/122 115/137/130 100/131/124
f 108/132/125 122/138/131 123/139/132
f 100/131/124 116/140/133 101/133/126
f 109/134/127 123/139/132 124/141/134
f 101/133/126 117/142/135 102/135/128
f 110/120/115 124/141/134 125/143/136
f 102/135/128 118/144/137 103/136/129
f 111/121/116 125/143/136 126/145/138
f 103/136/129 119/146/139 104/122/117
f 112/123/118 126/145/138 127/147/140
f 104/122/117 120/148/141 105/124/119
f 98/126/120 82/149/30 113/150/142
f 308/151/32 112/123/118 127/147/140
f 106/128/121 120/148/141 121/152/143
f 98/126/120 114/153/144 99/129/122
f 107/130/123 121/152/143 122/138/131
f 119/146/139 133/154/145 134/155/146
f 126/145/138 142/156/147 127/147/140
f 120/148/141 134/155/146 135/157/148
f 113/150/142 82/158/30 128/159/149
f 308/160/32 127/147/140 142/156/147
f 120/148/141 136/161/150 121/152/143
f 114/153/144 128/159/149 129/162/151
f 121/152/143 137/163/152 122/138/131
f 115/137/130 129/162/151 130/164/153
f 122/138/131 138/165/154 123/139/132
f 116/140/133 130/164/153 131/166/155
f 123/139/132 139/167/156 124/141/134
f 117/142/135 131/166/155 132/168/157
f 124/141/134 140/169/158 125/143/136
f 118/144/137 132/168/157 133/154/145
f 125/143/136 141/170/159 126/145/138
f 137/163/152 153/171/160 138/165/154
f 131/166/155 145/172/161 146/173/162
f 138/165/154 154/174/163 139/167/156
f 132/168/157 146/173/162 147/175/164
f 139/167/156 155/176/165 140/169/158
f 133/154/145 147/175/164 148/177/166
f 140/169/158 156/178/167 141/170/159
f 134/155/146 148/177/166 149/179/168
f 141/170/159 157/180/169 142/156/147
f 135/157/148 149/179/168 150/181/170
f 128/159/149 82/182/30 143/183/171
f 308/184/32 142/156/147 157/180/169
f 135/157/148 151/185/172 136/161/150
f 129/162/151 655/183/173 657/162/174
f 136/161/150 152/186/175 137/163/152
f 130/164/153 144/187/176 145/172/161
f 156/178/167 172/188/177 157/180/169
f 150/181/170 164/189/178 165/190/179
f 143/183/171 82/191/30 158/192/180
f 308/193/32 157/180/169 172/188/177
f 150/181/170 166/194/181 151/185/172
f 144/187/176 158/192/180 159/195/182
f 151/185/172 167/196/183 152/186/175
f 145/172/161 159/195/182 160/197/184
f 152/186/175 168/198/185 153/171/160
f 146/173/162 160/197/184 161/199/186
f 153/171/160 169/200/187 154/174/163
f 147/175/164 161/199/186 162/201/188
f 154/174/163 170/202/189 155/176/165
f 148/177/166 162/201/188 163/203/190
f 155/176/165 171/204/191 156/178/167
f 149/179/168 163/203/190 164/189/178
f 168/198/185 184/205/192 169/200/187
f 162/201/188 176/206/193 177/207/194
f 169/200/187 185/208/195 170/202/189
f 163/203/190 177/207/194 178/209/196
f 170/202/189 186/210/197 171/204/191
f 164/189/178 178/209/196 179/211/198
f 171/204/191 187/212/199 172/188/177
f 165/190/179 179/211/198 180/213/200
f 158/192/180 82/214/30 173/215/201
f 308/216/32 172/188/177 187/212/199
f 165/190/179 181/217/202 166/194/181
f 159/195/182 173/215/201 174/218/203
f 166/194/181 182/219/204 167/196/183
f 160/197/184 174/218/203 175/220/205
f 167/196/183 183/221/206 168/198/185
f 161/199/186 175/220/205 176/206/193
f 173/215/201 82/222/30 188/223/207
f 308/224/32 187/212/199 202/225/208
f 180/213/200 196/226/209 181/217/202
f 174/218/203 188/223/207 189/227/210
f 181/217/202 197/228/211 182/219/204
f 175/220/205 189/227/210 190/229/212
f 182/219/204 198/230/213 183/221/206
f 176/206/193 190/229/212 191/231/214
f 183/221/206 199/232/215 184/205/192
f 177/207/194 191/231/214 192/233/216
f 184/205/192 200/234/217 185/208/195
f 178/209/196 192/233/216 193/235/218
f 185/208/195 201/236/219 186/210/197
f 179/211/198 193/235/218 194/237/220
f 186/210/197 202/225/208 187/212/199
f 180/213/200 194/237/220 195/238/221
f 192/233/216 206/239/222 207/240/223
f 199/232/215 215/241/224 200/234/217
f 193/235/218 207/240/223 208/242/225
f 200/234/217 216/243/226 201/236/219
f 194/237/220 208/242/225 209/244/227
f 201/236/219 217/245/228 202/225/208
f 195/238/221 209/244/227 210/246/229
f 188/223/207 82/247/30 203/248/230
f 308/249/32 202/225/208 217/245/228
f 195/238/221 211/250/231 196/226/209
f 189/227/210 203/248/230 204/251/232
f 196/226/209 212/252/233 197/228/211
f 190/229/212 204/251/232 205/253/234
f 197/228/211 213/254/235 198/230/213
f 191/231/214 205/253/234 206/239/222
f 198/230/213 214/255/236 199/232/215
f 210/246/229 226/256/237 211/250/231
f 204/251/232 218/257/238 219/258/239
f 211/250/231 227/259/240 212/252/233
f 205/253/234 219/258/239 220/260/241
f 212/252/233 228/261/242 213/254/235
f 206/239/222 220/260/241 221/262/243
f 213/254/235 229/263/244 214/255/236
f 207/240/223 221/262/243 222/264/245
f 214/255/236 230/265/246 215/241/224
f 208/242/225 222/264/245 223/266/247
f 215/241/224 231/267/248 216/243/226
f 209/244/227 223/266/247 224/268/249
f 216/243/226 232/269/250 217/245/228
f 210/246/229 224/268/249 225/270/251
f 203/248/230 82/271/30 218/257/238
f 308/272/32 217/245/228 232/269/250
f 229/263/244 245/273/252 230/265/246
f 223/266/247 237/274/253 238/275/254
f 230/265/246 246/276/255 231/267/248
f 224/268/249 238/275/254 239/277/256
f 231/267/248 247/278/257 232/269/250
f 225/270/251 239/277/256 240/279/258
f 218/257/238 82/280/30 233/281/259
f 308/282/32 232/269/250 247/278/257
f 225/270/251 241/283/260 226/256/237
f 219/258/239 233/281/259 234/284/261
f 226/256/237 242/285/262 227/259/240
f 220/260/241 234/284/261 235/286/263
f 227/259/240 243/287/264 228/261/242
f 221/262/243 235/286/263 236/288/265
f 228/261/242 244/289/266 229/263/244
f 222/264/245 236/288/265 237/274/253
f 233/281/259 249/290/267 234/284/261
f 242/285/262 256/291/268 257/292/269
f 234/284/261 250/293/270 235/286/263
f 243/287/264 257/292/269 258/294/271
f 235/286/263 251/295/272 236/288/265
f 244/289/266 258/294/271 259/296/273
f 236/288/265 252/297/274 237/274/253
f 245/273/252 259/296/273 260/298/275
f 237/274/253 253/299/276 238/275/254
f 246/276/255 260/298/275 261/300/277
f 238/275/254 254/301/278 239/277/256
f 247/278/257 261/300/277 262/302/279
f 239/277/256 255/303/280 240/279/258
f 233/281/259 82/304/30 248/305/281
f 308/306/32 247/278/257 262/302/279
f 241/283/260 255/303/280 256/291/268
f 252/297/274 268/307/282 253/299/276
f 261/300/277 275/308/283 276/309/284
f 253/299/276 269/310/285 254/301/278
f 262/302/279 276/309/284 277/311/286
f 254/301/278 270/312/287 255/303/280
f 248/305/281 82/313/30 263/314/288
f 308/315/32 262/302/279 277/311/286
f 256/291/268 270/312/287 271/316/289
f 248/305/281 264/317/290 249/290/267
f 257/292/269 271/316/289 272/318/291
f 249/290/267 265/319/292 250/293/270
f 258/294/271 272/318/291 273/320/293
f 250/293/270 266/321/294 251/295/272
f 259/296/273 273/320/293 274/322/295
f 251/295/272 267/323/296 252/297/274
f 260/298/275 274/322/295 275/308/283
f 272/318/291 286/324/297 287/325/298
f 264/317/290 280/326/299 265/319/292
f 273/320/293 287/325/298 288/327/300
f 265/319/292 281/328/301 266/321/294
f 274/322/295 288/327/300 289/329/302
f 266/321/294 282/330/303 267/323/296
f 275/308/283 289/329/302 290/331/304
f 267/323/296 283/332/305 268/307/282
f 276/309/284 290/331/304 291/333/306
f 268/307/282 284/334/307 269/310/285
f 277/311/286 291/333/306 292/335/308
f 269/310/285 285/336/309 270/312/287
f 263/314/288 82/337/30 278/338/310
f 308/339/32 277/311/286 292/335/308
f 271/316/289 285/336/309 286/324/297
f 263/314/288 279/340/311 264/317/290
f 291/333/306 305/341/312 306/342/313
f 283/332/305 299/343/314 284/334/307
f 292/335/308 306/342/313 307/344/315
f 284/334/307 300/345/316 285/336/309
f 278/338/310 82/346/30 293/347/317
f 308/348/32 292/335/308 307/344/315
f 286/324/297 300/345/316 301/349/318
f 278/338/310 294/350/319 279/340/311
f 287/325/298 301/349/318 302/351/320
f 279/340/311 295/352/321 280/326/299
f 288/327/300 302/351/320 303/353/322
f 280/326/299 296/354/323 281/328/301
f 289/329/302 303/353/322 304/355/324
f 281/328/301 297/356/325 282/330/303
f 290/331/304 304/355/324 305/341/312
f 282/330/303 298/357/326 283/332/305
f 303/353/322 318/358/327 319/359/328
f 295/352/321 312/360/329 296/354/323
f 304/355/324 319/359/328 320/361/330
f 296/354/323 313/362/331 297/356/325
f 305/341/312 320/361/330 321/363/332
f 297/356/325 314/364/333 298/357/326
f 306/342/313 321/363/332 322/365/334
f 298/357/326 315/366/335 299/343/314
f 307/344/315 322/365/334 323/367/336
f 299/343/314 316/368/337 300/345/316
f 293/347/317 82/369/30 309/370/338
f 308/371/32 307/344/315 323/367/336
f 301/349/318 316/368/337 317/372/339
f 293/347/317 310/373/340 294/350/319
f 302/351/320 317/372/339 318/358/327
f 294/350/319 311/374/341 295/352/321
f 323/367/336 337/375/342 338/376/343
f 315/366/335 331/377/344 316/368/337
f 309/370/338 82/378/30 324/379/345
f 308/380/32 323/367/336 338/376/343
f 317/372/339 331/377/344 332/381/346
f 309/370/338 325/382/347 310/373/340
f 318/358/327 332/381/346 333/383/348
f 310/373/340 326/384/349 311/374/341
f 319/359/328 333/383/348 334/385/350
f 311/374/341 327/386/351 312/360/329
f 320/361/330 334/385/350 335/387/352
f 312/360/329 328/388/353 313/362/331
f 321/363/332 335/387/352 336/389/354
f 313/362/331 329/390/355 314/364/333
f 322/365/334 336/389/354 337/375/342
f 314/364/333 330/391/356 315/366/335
f 326/384/349 342/392/357 327/386/351
f 335/387/352 349/393/358 350/394/359
f 327/386/351 343/395/360 328/388/353
f 336/389/354 350/394/359 351/396/361
f 328/388/353 344/397/362 329/390/355
f 337/375/342 351/396/361 352/398/363
f 329/390/355 345/399/364 330/391/356
f 338/376/343 352/398/363 353/400/365
f 330/391/356 346/401/366 331/377/344
f 324/379/345 82/402/30 339/403/367
f 308/404/32 338/376/343 353/400/365
f 332/381/346 346/401/366 347/405/368
f 340/406/369 652/379/370 324/379/345
f 333/383/348 347/405/368 348/407/371
f 325/382/347 341/408/372 326/384/349
f 334/385/350 348/407/371 349/393/358
f 345/399/364 361/409/373 346/401/366
f 339/403/367 82/410/30 354/411/374
f 308/412/32 353/400/365 368/413/375
f 347/405/368 361/409/373 362/414/376
f 339/403/367 355/415/377 340/406/369
f 348/407/371 362/414/376 363/416/378
f 340/406/369 356/417/379 341/408/372
f 349/393/358 363/416/378 364/418/380
f 341/408/372 357/419/381 342/392/357
f 350/394/359 364/418/380 365/420/382
f 342/392/357 358/421/383 343/395/360
f 351/396/361 365/420/382 366/422/384
f 343/395/360 359/423/385 344/397/362
f 352/398/363 366/422/384 367/424/386
f 344/397/362 360/425/387 345/399/364
f 353/400/365 367/424/386 368/413/375
f 364/426/380 380/427/388 365/428/382
f 358/429/383 372/430/389 373/431/390
f 365/428/382 381/432/391 366/433/384
f 359/434/385 373/431/390 374/435/392
f 366/433/384 382/436/393 367/437/386
f 360/438/387 374/435/392 375/439/394
f 367/437/386 383/440/395 368/441/375
f 361/442/373 375/439/394 376/443/396
f 354/444/374 82/445/30 369/446/397
f 308/447/32 368/441/375 383/440/395
f 361/442/373 377/448/398 362/449/376
f 355/450/377 369/446/397 370/451/399
f 362/449/376 378/452/400 363/453/378
f 356/454/379 370/451/399 371/455/401
f 363/453/378 379/456/402 364/426/380
f 357/457/381 371/455/401 372/430/389
f 369/446/397 82/458/30 384/459/403
f 308/460/32 383/440/395 398/461/404
f 376/443/396 392/462/405 377/448/398
f 370/451/399 384/459/403 385/463/406
f 377/448/398 393/464/407 378/452/400
f 371/455/401 385/463/406 386/465/408
f 378/452/400 394/466/409 379/456/402
f 372/430/389 386/465/408 387/467/410
f 379/456/402 395/468/411 380/427/388
f 373/431/390 387/467/410 388/469/412
f 380/427/388 396/470/413 381/432/391
f 374/435/392 388/469/412 389/471/414
f 381/432/391 397/472/415 382/436/393
f 375/439/394 389/471/414 390/473/416
f 382/436/393 398/461/404 383/440/395
f 376/443/396 390/473/416 391/474/417
f 388/469/412 402/475/418 403/476/419
f 395/468/411 411/477/420 396/470/413
f 389/471/414 403/476/419 404/478/421
f 396/470/413 412/479/422 397/472/415
f 390/473/416 404/478/421 405/480/423
f 397/472/415 413/481/424 398/461/404
f 391/474/417 405/480/423 406/482/425
f 384/459/403 82/483/30 399/484/426
f 308/485/32 398/461/404 413/481/424
f 391/474/417 407/486/427 392/462/405
f 385/463/406 399/484/426 400/487/428
f 392/462/405 408/488/429 393/464/407
f 386/465/408 400/487/428 401/489/430
f 393/464/407 409/490/431 394/466/409
f 387/467/410 401/489/430 402/475/418
f 394/466/409 410/491/432 395/468/411
f 406/482/425 422/492/433 407/486/427
f 400/487/428 414/493/434 415/494/435
f 407/486/427 423/495/436 408/488/429
f 401/489/430 415/494/435 416/496/437
f 408/488/429 424/497/438 409/490/431
f 402/475/418 416/496/437 417/498/439
f 409/490/431 425/499/440 410/491/432
f 403/476/419 417/498/439 418/500/441
f 410/491/432 426/501/442 411/477/420
f 404/478/421 418/500/441 419/502/443
f 411/477/420 427/503/444 412/479/422
f 405/480/423 419/502/443 420/504/445
f 412/479/422 428/505/446 413/481/424
f 406/482/425 420/504/445 421/506/447
f 399/484/426 82/507/30 414/493/434
f 308/508/32 413/481/424 428/505/446
f 425/499/440 441/509/448 426/501/442
f 419/502/443 433/510/449 434/511/450
f 426/501/442 442/512/451 427/503/444
f 420/504/445 434/511/450 435/513/452
f 427/503/444 443/514/453 428/505/446
f 421/506/447 435/513/452 436/515/454
f 414/493/434 82/516/30 429/517/455
f 308/518/32 428/505/446 443/514/453
f 421/506/447 437/519/456 422/492/433
f 415/494/435 429/517/455 430/520/457
f 422/492/433 438/521/458 423/495/436
f 416/496/437 430/520/457 431/522/459
f 423/495/436 439/523/460 424/497/438
f 417/498/439 431/522/459 432/524/461
f 424/497/438 440/525/462 425/499/440
f 418/500/441 432/524/461 433/510/449
f 437/519/456 453/526/463 438/521/458
f 431/522/459 445/527/464 446/528/465
f 438/521/458 454/529/466 439/523/460
f 432/524/461 446/528/465 447/530/467
f 439/523/460 455/531/468 440/525/462
f 433/510/449 447/530/467 448/532/469
f 440/525/462 456/533/470 441/509/448
f 434/511/450 448/532/469 449/534/471
f 441/509/448 457/535/472 442/512/451
f 435/513/452 449/534/471 450/536/473
f 442/512/451 458/537/474 443/514/453
f 436/515/454 450/536/473 451/538/475
f 429/517/455 82/539/30 444/540/476
f 308/541/32 443/514/453 458/537/474
f 436/515/454 452/542/477 437/519/456
f 430/520/457 444/540/476 445/527/464
f 456/533/470 472/543/478 457/535/472
f 450/536/473 464/544/479 465/545/480
f 457/535/472 473/546/481 458/537/474
f 451/538/475 465/545/480 466/547/482
f 444/540/476 82/548/30 459/549/483
f 308/550/32 458/537/474 473/546/481
f 451/538/475 467/551/484 452/542/477
f 445/527/464 459/549/483 460/552/485
f 452/542/477 468/553/486 453/526/463
f 446/528/465 460/552/485 461/554/487
f 453/526/463 469/555/488 454/529/466
f 447/530/467 461/554/487 462/556/489
f 454/529/466 470/557/490 455/531/468
f 448/532/469 462/556/489 463/558/491
f 455/531/468 471/559/492 456/533/470
f 449/534/471 463/558/491 464/544/479
f 461/554/487 475/4/4 1/6/6
f 468/553/486 6/7/7 469/555/488
f 462/556/489 1/6/6 476/10/10
f 469/555/488 479/11/11 470/557/490
f 463/558/491 476/10/10 2/14/14
f 470/557/490 480/15/15 471/559/492
f 464/544/479 2/14/14 477/18/18
f 471/559/492 481/19/19 472/543/478
f 625/560/493 636/561/494 623/561/495
f 472/543/478 482/23/24 473/546/481
f 626/562/496 632/560/497 625/560/493
f 459/549/483 82/563/30 474/27/29
f 308/564/32 473/546/481 482/23/24
f 466/547/482 5/31/33 467/551/484
f 460/552/485 474/27/29 475/4/4
f 467/551/484 478/1/1 468/553/486
f 501/565/498 483/566/499 503/567/500
f 504/568/501 483/566/499 484/569/502
f 505/570/503 486/571/504 485/572/505
f 498/573/506 486/571/504 502/574/507
f 620/575/508 634/22/22 635/575/509
f 621/576/510 635/575/509 631/26/27
f 623/561/495 628/21/511 624/21/21
f 626/562/496 630/25/28 633/562/512
f 487/577/513 605/576/514 483/566/499
f 484/569/502 605/576/514 606/25/515
f 485/572/505 607/561/516 608/21/517
f 490/578/518 607/561/516 486/571/504
f 484/569/502 610/562/519 489/579/520
f 490/578/518 610/562/519 609/560/521
f 485/572/505 611/580/522 488/581/523
f 487/577/513 611/580/522 604/575/524
f 504/568/501 489/579/520 499/582/525
f 498/573/506 489/579/520 490/578/518
f 505/570/503 488/581/523 500/583/526
f 501/565/498 488/581/523 487/577/513
f 13/49/51 500/583/526 501/565/498
f 4/584/527 500/583/526 14/32/34
f 465/545/480 499/582/525 498/573/506
f 477/18/18 499/582/525 464/544/479
f 465/545/480 502/574/507 466/547/482
f 4/584/527 502/574/507 505/570/503
f 477/18/18 503/567/500 504/568/501
f 13/49/51 503/567/500 12/17/17
f 551/585/528 553/586/529 550/587/530
f 552/588/531 554/589/532 551/585/528
f 554/589/532 556/590/533 553/586/529
f 555/591/534 557/592/535 554/589/532
f 517/593/536 516/594/537 506/595/538
f 518/596/539 550/587/530 517/593/536
f 519/597/540 551/585/528 518/596/539
f 507/598/541 552/588/531 519/597/540
f 520/599/542 555/591/534 552/588/531
f 521/600/543 558/601/544 555/591/534
f 522/602/545 523/603/546 558/601/544
f 558/601/544 524/604/547 557/592/535
f 557/592/535 525/605/548 556/590/533
f 556/590/533 508/606/549 514/607/550
f 553/586/529 514/607/550 515/608/551
f 550/587/530 515/608/551 516/594/537
f 560/609/552 562/610/553 559/611/554
f 561/612/555 563/613/556 560/609/552
f 562/610/553 566/614/557 565/615/558
f 563/613/556 567/616/559 566/614/557
f 508/606/549 559/611/554 528/617/560
f 524/604/547 559/611/554 525/605/548
f 523/603/546 560/609/552 524/604/547
f 509/618/561 561/612/555 523/603/546
f 529/619/562 564/620/563 561/612/555
f 564/620/563 531/621/564 567/616/559
f 567/616/559 513/622/565 532/623/566
f 566/614/557 532/623/566 533/624/567
f 565/615/558 533/624/567 534/625/568
f 565/615/558 512/626/569 526/627/570
f 562/610/553 526/627/570 527/628/571
f 528/617/560 562/610/553 527/628/571
f 568/629/572 572/630/573 571/631/574
f 569/632/575 573/633/576 572/630/573
f 571/631/574 575/634/577 574/635/578
f 572/630/573 576/636/579 575/634/577
f 512/626/569 568/629/572 537/637/580
f 534/625/568 569/632/575 568/629/572
f 533/624/567 570/638/581 569/632/575
f 532/623/566 538/639/582 570/638/581
f 570/638/581 539/640/583 573/633/576
f 573/633/576 540/641/584 576/636/579
f 576/636/579 511/642/585 541/643/586
f 575/634/577 541/643/586 542/644/587
f 574/635/578 542/644/587 543/645/588
f 535/646/589 543/645/588 510/647/590
f 536/648/591 574/635/578 535/646/589
f 537/637/580 571/631/574 536/648/591
f 577/649/592 581/650/593 580/651/594
f 578/652/595 582/653/596 581/650/593
f 581/650/593 583/654/597 580/651/594
f 582/653/596 584/655/598 581/650/593
f 510/647/590 577/649/592 546/656/599
f 543/645/588 578/652/595 577/649/592
f 542/644/587 579/657/600 578/652/595
f 511/642/585 579/657/600 541/643/586
f 547/658/601 637/657/602 579/657/600
f 549/659/603 640/653/604 582/653/596
f 585/660/605 507/661/541 519/662/540
f 585/660/605 518/663/539 584/655/598
f 584/655/598 517/664/536 583/654/597
f 583/654/597 506/665/538 544/666/606
f 545/667/607 583/654/597 544/666/606
f 577/649/592 545/667/607 546/656/599
f 586/668/608 590/669/609 589/670/610
f 588/671/611 590/669/609 587/672/612
f 590/669/609 592/673/613 589/670/610
f 590/669/609 594/674/614 593/675/615
f 508/676/549 586/668/608 514/677/550
f 528/678/560 587/672/612 586/668/608
f 526/679/570 587/672/612 527/680/571
f 512/626/569 588/671/611 526/679/570
f 537/637/580 591/681/616 588/671/611
f 591/681/616 535/646/589 594/674/614
f 594/674/614 510/647/590 546/682/599
f 593/675/615 546/682/599 545/683/607
f 593/675/615 544/684/606 592/673/613
f 592/673/613 506/685/538 516/686/537
f 589/670/610 516/686/537 515/687/551
f 514/677/550 589/670/610 515/687/551
f 595/688/617 599/689/618 598/690/619
f 597/691/620 599/689/618 596/692/621
f 598/690/619 602/693/622 601/694/623
f 600/695/624 602/693/622 599/689/618
f 513/622/565 595/688/617 538/639/582
f 531/696/564 596/692/621 595/688/617
f 529/697/562 596/692/621 530/698/625
f 509/699/561 597/691/620 529/697/562
f 522/700/545 600/695/624 597/691/620
f 521/701/543 603/702/626 600/695/624
f 603/702/626 507/703/541 549/704/603
f 602/693/622 549/704/603 548/705/627
f 602/693/622 547/706/601 601/694/623
f 601/694/623 511/642/585 540/641/584
f 539/640/583 601/694/623 540/641/584
f 538/639/582 598/690/619 539/640/583
f 478/1/1 5/31/33 15/2/2
f 475/4/4 8/33/35 9/5/5
f 6/7/7 478/1/1 16/3/3
f 1/6/6 9/5/5 10/9/9
f 479/11/11 6/7/7 17/8/8
f 476/10/10 10/9/9 11/13/13
f 480/15/15 479/11/11 18/12/12
f 2/14/14 11/13/13 12/17/17
f 481/19/19 480/15/15 19/16/16
f 482/23/24 481/19/19 20/20/20
f 5/31/33 4/584/527 14/32/34
f 474/27/29 7/29/31 8/33/35
f 15/2/2 14/32/34 29/36/37
f 7/29/31 22/51/52 23/38/63
f 16/3/3 15/2/2 30/37/38
f 8/33/35 23/38/63 24/40/42
f 17/8/8 16/3/3 31/39/41
f 9/5/5 24/40/42 25/42/44
f 18/12/12 17/8/8 32/41/43
f 10/9/9 25/42/44 26/44/46
f 19/16/16 18/12/12 33/43/45
f 11/13/13 26/44/46 27/46/48
f 20/20/20 19/16/16 34/45/47
f 12/17/17 27/46/48 28/48/50
f 21/24/25 20/20/20 35/47/49
f 13/49/51 28/48/50 29/36/37
f 34/45/47 33/43/45 48/52/53
f 26/44/46 41/68/68 42/54/55
f 35/47/49 34/45/47 49/53/54
f 27/46/48 42/54/55 43/56/57
f 36/35/36 35/47/49 50/55/56
f 28/48/50 43/56/57 44/58/59
f 30/37/38 29/36/37 44/58/59
f 22/51/52 37/60/60 38/63/62
f 31/39/41 30/37/38 45/62/61
f 23/38/63 38/63/62 39/65/65
f 32/41/43 31/39/41 46/64/64
f 24/40/42 39/65/65 40/67/67
f 33/43/45 32/41/43 47/66/66
f 25/42/44 40/67/67 41/68/68
f 37/60/60 52/84/83 53/69/69
f 46/64/64 45/62/61 60/70/70
f 38/63/62 53/69/69 54/72/72
f 47/66/66 46/64/64 61/71/71
f 39/65/65 54/72/72 55/74/74
f 48/52/53 47/66/66 62/73/73
f 40/67/67 55/74/74 56/76/76
f 49/53/54 48/52/53 63/75/75
f 41/68/68 56/76/76 57/78/78
f 50/55/56 49/53/54 64/77/77
f 42/54/55 57/78/78 58/80/80
f 51/57/58 50/55/56 65/79/79
f 43/56/57 58/80/80 59/82/82
f 45/62/61 44/58/59 59/82/82
f 56/76/76 71/101/98 72/86/84
f 65/79/79 64/77/77 79/87/85
f 57/78/78 72/86/84 73/89/87
f 66/81/81 65/79/79 80/88/86
f 58/80/80 73/89/87 74/91/89
f 60/70/70 59/82/82 74/91/89
f 52/84/83 67/93/90 68/104/101
f 61/71/71 60/70/70 75/95/91
f 53/69/69 68/104/101 69/97/94
f 62/73/73 61/71/71 76/96/93
f 54/72/72 69/97/94 70/99/96
f 63/75/75 62/73/73 77/98/95
f 55/74/74 70/99/96 71/101/98
f 64/77/77 63/75/75 78/100/97
f 76/96/93 75/95/91 91/102/99
f 68/104/101 84/119/114 85/105/102
f 77/98/95 76/96/93 92/103/100
f 69/97/94 85/105/102 86/107/104
f 78/100/97 77/98/95 93/106/103
f 70/99/96 86/107/104 87/109/106
f 79/87/85 78/100/97 94/108/105
f 71/101/98 87/109/106 88/111/108
f 80/88/86 79/87/85 95/110/107
f 72/86/84 88/111/108 89/113/110
f 81/90/88 80/88/86 96/112/109
f 73/89/87 89/113/110 90/115/112
f 75/95/91 74/91/89 90/115/112
f 67/93/90 83/117/113 84/119/114
f 96/112/109 95/110/107 110/120/115
f 88/111/108 103/136/129 104/122/117
f 97/114/111 96/112/109 111/121/116
f 89/113/110 104/122/117 105/124/119
f 91/102/99 90/115/112 105/124/119
f 83/117/113 98/126/120 99/129/122
f 92/103/100 91/102/99 106/128/121
f 84/119/114 99/129/122 100/131/124
f 93/106/103 92/103/100 107/130/123
f 85/105/102 100/131/124 101/133/126
f 94/108/105 93/106/103 108/132/125
f 86/107/104 101/133/126 102/135/128
f 95/110/107 94/108/105 109/134/127
f 87/109/106 102/135/128 103/136/129
f 99/129/122 114/153/144 115/137/130
f 108/132/125 107/130/123 122/138/131
f 100/131/124 115/137/130 116/140/133
f 109/134/127 108/132/125 123/139/132
f 101/133/126 116/140/133 117/142/135
f 110/120/115 109/134/127 124/141/134
f 102/135/128 117/142/135 118/144/137
f 111/121/116 110/120/115 125/143/136
f 103/136/129 118/144/137 119/146/139
f 112/123/118 111/121/116 126/145/138
f 104/122/117 119/146/139 120/148/141
f 106/128/121 105/124/119 120/148/141
f 98/126/120 113/150/142 114/153/144
f 107/130/123 106/128/121 121/152/143
f 119/146/139 118/144/137 133/154/145
f 126/145/138 141/170/159 142/156/147
f 120/148/141 119/146/139 134/155/146
f 120/148/141 135/157/148 136/161/150
f 114/153/144 113/150/142 128/159/149
f 121/152/143 136/161/150 137/163/152
f 115/137/130 114/153/144 129/162/151
f 122/138/131 137/163/152 138/165/154
f 116/140/133 115/137/130 130/164/153
f 123/139/132 138/165/154 139/167/156
f 117/142/135 116/140/133 131/166/155
f 124/141/134 139/167/156 140/169/158
f 118/144/137 117/142/135 132/168/157
f 125/143/136 140/169/158 141/170/159
f 137/163/152 152/186/175 153/171/160
f 131/166/155 130/164/153 145/172/161
f 138/165/154 153/171/160 154/174/163
f 132/168/157 131/166/155 146/173/162
f 139/167/156 154/174/163 155/176/165
f 133/154/145 132/168/157 147/175/164
f 140/169/158 155/176/165 156/178/167
f 134/155/146 133/154/145 148/177/166
f 141/170/159 156/178/167 157/180/169
f 135/157/148 134/155/146 149/179/168
f 135/157/148 150/181/170 151/185/172
f 129/162/151 128/159/149 143/183/171
f 136/161/150 151/185/172 152/186/175
f 130/164/153 129/162/151 144/187/176
f 156/178/167 171/204/191 172/188/177
f 150/181/170 149/179/168 164/189/178
f 150/181/170 165/190/179 166/194/181
f 144/187/176 143/183/171 158/192/180
f 151/185/172 166/194/181 167/196/183
f 145/172/161 144/187/176 159/195/182
f 152/186/175 167/196/183 168/198/185
f 146/173/162 145/172/161 160/197/184
f 153/171/160 168/198/185 169/200/187
f 147/175/164 146/173/162 161/199/186
f 154/174/163 169/200/187 170/202/189
f 148/177/166 147/175/164 162/201/188
f 155/176/165 170/202/189 171/204/191
f 149/179/168 148/177/166 163/203/190
f 168/198/185 183/221/206 184/205/192
f 162/201/188 161/199/186 176/206/193
f 169/200/187 184/205/192 185/208/195
f 163/203/190 162/201/188 177/207/194
f 170/202/189 185/208/195 186/210/197
f 164/189/178 163/203/190 178/209/196
f 171/204/191 186/210/197 187/212/199
f 165/190/179 164/189/178 179/211/198
f 165/190/179 180/213/200 181/217/202
f 159/195/182 158/192/180 173/215/201
f 166/194/181 181/217/202 182/219/204
f 160/197/184 159/195/182 174/218/203
f 167/196/183 182/219/204 183/221/206
f 161/199/186 160/197/184 175/220/205
f 180/213/200 195/238/221 196/226/209
f 174/218/203 173/215/201 188/223/207
f 181/217/202 196/226/209 197/228/211
f 175/220/205 174/218/203 189/227/210
f 182/219/204 197/228/211 198/230/213
f 176/206/193 175/220/205 190/229/212
f 183/221/206 198/230/213 199/232/215
f 177/207/194 176/206/193 191/231/214
f 184/205/192 199/232/215 200/234/217
f 178/209/196 177/207/194 192/233/216
f 185/208/195 200/234/217 201/236/219
f 179/211/198 178/209/196 193/235/218
f 186/210/197 201/236/219 202/225/208
f 180/213/200 179/211/198 194/237/220
f 192/233/216 191/231/214 206/239/222
f 199/232/215 214/255/236 215/241/224
f 193/235/218 192/233/216 207/240/223
f 200/234/217 215/241/224 216/243/226
f 194/237/220 193/235/218 208/242/225
f 201/236/219 216/243/226 217/245/228
f 195/238/221 194/237/220 209/244/227
f 195/238/221 210/246/229 211/250/231
f 189/227/210 188/223/207 203/248/230
f 196/226/209 211/250/231 212/252/233
f 190/229/212 189/227/210 204/251/232
f 197/228/211 212/252/233 213/254/235
f 191/231/214 190/229/212 205/253/234
f 198/230/213 213/254/235 214/255/236
f 210/246/229 225/270/251 226/256/237
f 204/251/232 203/248/230 218/257/238
f 211/250/231 226/256/237 227/259/240
f 205/253/234 204/251/232 219/258/239
f 212/252/233 227/259/240 228/261/242
f 206/239/222 205/253/234 220/260/241
f 213/254/235 228/261/242 229/263/244
f 207/240/223 206/239/222 221/262/243
f 214/255/236 229/263/244 230/265/246
f 208/242/225 207/240/223 222/264/245
f 215/241/224 230/265/246 231/267/248
f 209/244/227 208/242/225 223/266/247
f 216/243/226 231/267/248 232/269/250
f 210/246/229 209/244/227 224/268/249
f 229/263/244 244/289/266 245/273/252
f 223/266/247 222/264/245 237/274/253
f 230/265/246 245/273/252 246/276/255
f 224/268/249 223/266/247 238/275/254
f 231/267/248 246/276/255 247/278/257
f 225/270/251 224/268/249 239/277/256
f 225/270/251 240/279/258 241/283/260
f 219/258/239 218/257/238 233/281/259
f 226/256/237 241/283/260 242/285/262
f 220/260/241 219/258/239 234/284/261
f 227/259/240 242/285/262 243/287/264
f 221/262/243 220/260/241 235/286/263
f 228/261/242 243/287/264 244/289/266
f 222/264/245 221/262/243 236/288/265
f 233/281/259 248/305/281 249/290/267
f 242/285/262 241/283/260 256/291/268
f 234/284/261 249/290/267 250/293/270
f 243/287/264 242/285/262 257/292/269
f 235/286/263 250/293/270 251/295/272
f 244/289/266 243/287/264 258/294/271
f 236/288/265 251/295/272 252/297/274
f 245/273/252 244/289/266 259/296/273
f 237/274/253 252/297/274 253/299/276
f 246/276/255 245/273/252 260/298/275
f 238/275/254 253/299/276 254/301/278
f 247/278/257 246/276/255 261/300/277
f 239/277/256 254/301/278 255/303/280
f 241/283/260 240/279/258 255/303/280
f 252/297/274 267/323/296 268/307/282
f 261/300/277 260/298/275 275/308/283
f 253/299/276 268/307/282 269/310/285
f 262/302/279 261/300/277 276/309/284
f 254/301/278 269/310/285 270/312/287
f 256/291/268 255/303/280 270/312/287
f 248/305/281 263/314/288 264/317/290
f 257/292/269 256/291/268 271/316/289
f 249/290/267 264/317/290 265/319/292
f 258/294/271 257/292/269 272/318/291
f 250/293/270 265/319/292 266/321/294
f 259/296/273 258/294/271 273/320/293
f 251/295/272 266/321/294 267/323/296
f 260/298/275 259/296/273 274/322/295
f 272/318/291 271/316/289 286/324/297
f 264/317/290 279/340/311 280/326/299
f 273/320/293 272/318/291 287/325/298
f 265/319/292 280/326/299 281/328/301
f 274/322/295 273/320/293 288/327/300
f 266/321/294 281/328/301 282/330/303
f 275/308/283 274/322/295 289/329/302
f 267/323/296 282/330/303 283/332/305
f 276/309/284 275/308/283 290/331/304
f 268/307/282 283/332/305 284/334/307
f 277/311/286 276/309/284 291/333/306
f 269/310/285 284/334/307 285/336/309
f 271/316/289 270/312/287 285/336/309
f 263/314/288 278/338/310 279/340/311
f 291/333/306 290/331/304 305/341/312
f 283/332/305 298/357/326 299/343/314
f 292/335/308 291/333/306 306/342/313
f 284/334/307 299/343/314 300/345/316
f 286/324/297 285/336/309 300/345/316
f 278/338/310 293/347/317 294/350/319
f 287/325/298 286/324/297 301/349/318
f 279/340/311 294/350/319 295/352/321
f 288/327/300 287/325/298 302/351/320
f 280/326/299 295/352/321 296/354/323
f 289/329/302 288/327/300 303/353/322
f 281/328/301 296/354/323 297/356/325
f 290/331/304 289/329/302 304/355/324
f 282/330/303 297/356/325 298/357/326
f 303/353/322 302/351/320 318/358/327
f 295/352/321 311/374/341 312/360/329
f 304/355/324 303/353/322 319/359/328
f 296/354/323 312/360/329 313/362/331
f 305/341/312 304/355/324 320/361/330
f 297/356/325 313/362/331 314/364/333
f 306/342/313 305/341/312 321/363/332
f 298/357/326 314/364/333 315/366/335
f 307/344/315 306/342/313 322/365/334
f 299/343/314 315/366/335 316/368/337
f 301/349/318 300/345/316 316/368/337
f 293/347/317 309/370/338 310/373/340
f 302/351/320 301/349/318 317/372/339
f 294/350/319 310/373/340 311/374/341
f 323/367/336 322/365/334 337/375/342
f 315/366/335 330/391/356 331/377/344
f 317/372/339 316/368/337 331/377/344
f 309/370/338 324/379/345 325/382/347
f 318/358/327 317/372/339 332/381/346
f 310/373/340 325/382/347 326/384/349
f 319/359/328 318/358/327 333/383/348
f 311/374/341 326/384/349 327/386/351
f 320/361/330 319/359/328 334/385/350
f 312/360/329 327/386/351 328/388/353
f 321/363/332 320/361/330 335/387/352
f 313/362/331 328/388/353 329/390/355
f 322/365/334 321/363/332 336/389/354
f 314/364/333 329/390/355 330/391/356
f 326/384/349 341/408/372 342/392/357
f 335/387/352 334/385/350 349/393/358
f 327/386/351 342/392/357 343/395/360
f 336/389/354 335/387/352 350/394/359
f 328/388/353 343/395/360 344/397/362
f 337/375/342 336/389/354 351/396/361
f 329/390/355 344/397/362 345/399/364
f 338/376/343 337/375/342 352/398/363
f 330/391/356 345/399/364 346/401/366
f 332/381/346 331/377/344 346/401/366
f 324/379/345 339/403/367 340/406/369
f 333/383/348 332/381/346 347/405/368
f 325/382/347 340/406/369 341/408/372
f 334/385/350 333/383/348 348/407/371
f 345/399/364 360/425/387 361/409/373
f 347/405/368 346/401/366 361/409/373
f 339/403/367 354/411/374 355/415/377
f 348/407/371 347/405/368 362/414/376
f 340/406/369 355/415/377 356/417/379
f 349/393/358 348/407/371 363/416/378
f 341/408/372 356/417/379 357/419/381
f 350/394/359 349/393/358 364/418/380
f 342/392/357 357/419/381 358/421/383
f 351/396/361 350/394/359 365/420/382
f 343/395/360 358/421/383 359/423/385
f 352/398/363 351/396/361 366/422/384
f 344/397/362 359/423/385 360/425/387
f 353/400/365 352/398/363 367/424/386
f 364/426/380 379/456/402 380/427/388
f 358/429/383 357/457/381 372/430/389
f 365/428/382 380/427/388 381/432/391
f 359/434/385 358/429/383 373/431/390
f 366/433/384 381/432/391 382/436/393
f 360/438/387 359/434/385 374/435/392
f 367/437/386 382/436/393 383/440/395
f 361/442/373 360/438/387 375/439/394
f 361/442/373 376/443/396 377/448/398
f 355/450/377 354/444/374 369/446/397
f 362/449/376 377/448/398 378/452/400
f 356/454/379 355/450/377 370/451/399
f 363/453/378 378/452/400 379/456/402
f 357/457/381 356/454/379 371/455/401
f 376/443/396 391/474/417 392/462/405
f 370/451/399 369/446/397 384/459/403
f 377/448/398 392/462/405 393/464/407
f 371/455/401 370/451/399 385/463/406
f 378/452/400 393/464/407 394/466/409
f 372/430/389 371/455/401 386/465/408
f 379/456/402 394/466/409 395/468/411
f 373/431/390 372/430/389 387/467/410
f 380/427/388 395/468/411 396/470/413
f 374/435/392 373/431/390 388/469/412
f 381/432/391 396/470/413 397/472/415
f 375/439/394 374/435/392 389/471/414
f 382/436/393 397/472/415 398/461/404
f 376/443/396 375/439/394 390/473/416
f 388/469/412 387/467/410 402/475/418
f 395/468/411 410/491/432 411/477/420
f 389/471/414 388/469/412 403/476/419
f 396/470/413 411/477/420 412/479/422
f 390/473/416 389/471/414 404/478/421
f 397/472/415 412/479/422 413/481/424
f 391/474/417 390/473/416 405/480/423
f 391/474/417 406/482/425 407/486/427
f 385/463/406 384/459/403 399/484/426
f 392/462/405 407/486/427 408/488/429
f 386/465/408 385/463/406 400/487/428
f 393/464/407 408/488/429 409/490/431
f 387/467/410 386/465/408 401/489/430
f 394/466/409 409/490/431 410/491/432
f 406/482/425 421/506/447 422/492/433
f 400/487/428 399/484/426 414/493/434
f 407/486/427 422/492/433 423/495/436
f 401/489/430 400/487/428 415/494/435
f 408/488/429 423/495/436 424/497/438
f 402/475/418 401/489/430 416/496/437
f 409/490/431 424/497/438 425/499/440
f 403/476/419 402/475/418 417/498/439
f 410/491/432 425/499/440 426/501/442
f 404/478/421 403/476/419 418/500/441
f 411/477/420 426/501/442 427/503/444
f 405/480/423 404/478/421 419/502/443
f 412/479/422 427/503/444 428/505/446
f 406/482/425 405/480/423 420/504/445
f 425/499/440 440/525/462 441/509/448
f 419/502/443 418/500/441 433/510/449
f 426/501/442 441/509/448 442/512/451
f 420/504/445 419/502/443 434/511/450
f 427/503/444 442/512/451 443/514/453
f 421/506/447 420/504/445 435/513/452
f 421/506/447 436/515/454 437/519/456
f 415/494/435 414/493/434 429/517/455
f 422/492/433 437/519/456 438/521/458
f 416/496/437 415/494/435 430/520/457
f 423/495/436 438/521/458 439/523/460
f 417/498/439 416/496/437 431/522/459
f 424/497/438 439/523/460 440/525/462
f 418/500/441 417/498/439 432/524/461
f 437/519/456 452/542/477 453/526/463
f 431/522/459 430/520/457 445/527/464
f 438/521/458 453/526/463 454/529/466
f 432/524/461 431/522/459 446/528/465
f 439/523/460 454/529/466 455/531/468
f 433/510/449 432/524/461 447/530/467
f 440/525/462 455/531/468 456/533/470
f 434/511/450 433/510/449 448/532/469
f 441/509/448 456/533/470 457/535/472
f 435/513/452 434/511/450 449/534/471
f 442/512/451 457/535/472 458/537/474
f 436/515/454 435/513/452 450/536/473
f 436/515/454 451/538/475 452/542/477
f 430/520/457 429/517/455 444/540/476
f 456/533/470 471/559/492 472/543/478
f 450/536/473 449/534/471 464/544/479
f 457/535/472 472/543/478 473/546/481
f 451/538/475 450/536/473 465/545/480
f 451/538/475 466/547/482 467/551/484
f 445/527/464 444/540/476 459/549/483
f 452/542/477 467/551/484 468/553/486
f 446/528/465 445/527/464 460/552/485
f 453/526/463 468/553/486 469/555/488
f 447/530/467 446/528/465 461/554/487
f 454/529/466 469/555/488 470/557/490
f 448/532/469 447/530/467 462/556/489
f 455/531/468 470/557/490 471/559/492
f 449/534/471 448/532/469 463/558/491
f 461/554/487 460/552/485 475/4/4
f 468/553/486 478/1/1 6/7/7
f 462/556/489 461/554/487 1/6/6
f 469/555/488 6/7/7 479/11/11
f 463/558/491 462/556/489 476/10/10
f 470/557/490 479/11/11 480/15/15
f 464/544/479 463/558/491 2/14/14
f 471/559/492 480/15/15 481/19/19
f 472/543/478 481/19/19 482/23/24
f 466/547/482 4/584/527 5/31/33
f 460/552/485 459/549/483 474/27/29
f 467/551/484 5/31/33 478/1/1
f 501/565/498 487/577/513 483/566/499
f 504/568/501 503/567/500 483/566/499
f 505/570/503 502/574/507 486/571/504
f 498/573/506 490/578/518 486/571/504
f 487/577/513 604/575/524 605/576/514
f 484/569/502 483/566/499 605/576/514
f 485/572/505 486/571/504 607/561/516
f 490/578/518 609/560/521 607/561/516
f 484/569/502 606/25/515 610/562/519
f 490/578/518 489/579/520 610/562/519
f 485/572/505 608/21/517 611/580/522
f 487/577/513 488/581/523 611/580/522
f 504/568/501 484/569/502 489/579/520
f 498/573/506 499/582/525 489/579/520
f 505/570/503 485/572/505 488/581/523
f 501/565/498 500/583/526 488/581/523
f 13/49/51 14/32/34 500/583/526
f 4/584/527 505/570/503 500/583/526
f 465/545/480 464/544/479 499/582/525
f 477/18/18 504/568/501 499/582/525
f 465/545/480 498/573/506 502/574/507
f 4/584/527 466/547/482 502/574/507
f 477/18/18 12/17/17 503/567/500
f 13/49/51 501/565/498 503/567/500
f 551/585/528 554/589/532 553/586/529
f 552/588/531 555/591/534 554/589/532
f 554/589/532 557/592/535 556/590/533
f 555/591/534 558/601/544 557/592/535
f 517/593/536 550/587/530 516/594/537
f 518/596/539 551/585/528 550/587/530
f 519/597/540 552/588/531 551/585/528
f 507/598/541 520/599/542 552/588/531
f 520/599/542 521/600/543 555/591/534
f 521/600/543 522/602/545 558/601/544
f 522/602/545 509/618/561 523/603/546
f 558/601/544 523/603/546 524/604/547
f 557/592/535 524/604/547 525/605/548
f 556/590/533 525/605/548 508/606/549
f 553/586/529 556/590/533 514/607/550
f 550/587/530 553/586/529 515/608/551
f 560/609/552 563/613/556 562/610/553
f 561/612/555 564/620/563 563/613/556
f 562/610/553 563/613/556 566/614/557
f 563/613/556 564/620/563 567/616/559
f 508/606/549 525/605/548 559/611/554
f 524/604/547 560/609/552 559/611/554
f 523/603/546 561/612/555 560/609/552
f 509/618/561 529/619/562 561/612/555
f 529/619/562 530/707/625 564/620/563
f 564/620/563 530/707/625 531/621/564
f 567/616/559 531/621/564 513/622/565
f 566/614/557 567/616/559 532/623/566
f 565/615/558 566/614/557 533/624/567
f 565/615/558 534/625/568 512/626/569
f 562/610/553 565/615/558 526/627/570
f 528/617/560 559/611/554 562/610/553
f 568/629/572 569/632/575 572/630/573
f 569/632/575 570/638/581 573/633/576
f 571/631/574 572/630/573 575/634/577
f 572/630/573 573/633/576 576/636/579
f 512/626/569 534/625/568 568/629/572
f 534/625/568 533/624/567 569/632/575
f 533/624/567 532/623/566 570/638/581
f 532/623/566 513/622/565 538/639/582
f 570/638/581 538/639/582 539/640/583
f 573/633/576 539/640/583 540/641/584
f 576/636/579 540/641/584 511/642/585
f 575/634/577 576/636/579 541/643/586
f 574/635/578 575/634/577 542/644/587
f 535/646/589 574/635/578 543/645/588
f 536/648/591 571/631/574 574/635/578
f 537/637/580 568/629/572 571/631/574
f 577/649/592 578/652/595 581/650/593
f 578/652/595 579/657/600 582/653/596
f 581/650/593 584/655/598 583/654/597
f 582/653/596 585/660/605 584/655/598
f 510/647/590 543/645/588 577/649/592
f 543/645/588 542/644/587 578/652/595
f 542/644/587 541/643/586 579/657/600
f 511/642/585 547/658/601 579/657/600
f 547/658/601 548/708/627 582/653/596
f 582/653/596 548/708/627 549/659/603
f 585/660/605 549/659/603 507/661/541
f 585/660/605 519/662/540 518/663/539
f 584/655/598 518/663/539 517/664/536
f 583/654/597 517/664/536 506/665/538
f 545/667/607 580/651/594 583/654/597
f 577/649/592 580/651/594 545/667/607
f 586/668/608 587/672/612 590/669/609
f 588/671/611 591/681/616 590/669/609
f 590/669/609 593/675/615 592/673/613
f 590/669/609 591/681/616 594/674/614
f 508/676/549 528/678/560 586/668/608
f 528/678/560 527/680/571 587/672/612
f 526/679/570 588/671/611 587/672/612
f 512/626/569 537/637/580 588/671/611
f 537/637/580 536/648/591 591/681/616
f 591/681/616 536/648/591 535/646/589
f 594/674/614 535/646/589 510/647/590
f 593/675/615 594/674/614 546/682/599
f 593/675/615 545/683/607 544/684/606
f 592/673/613 544/684/606 506/685/538
f 589/670/610 592/673/613 516/686/537
f 514/677/550 586/668/608 589/670/610
f 595/688/617 596/692/621 599/689/618
f 597/691/620 600/695/624 599/689/618
f 598/690/619 599/689/618 602/693/622
f 600/695/624 603/702/626 602/693/622
f 513/622/565 531/696/564 595/688/617
f 531/696/564 530/698/625 596/692/621
f 529/697/562 597/691/620 596/692/621
f 509/699/561 522/700/545 597/691/620
f 522/700/545 521/701/543 600/695/624
f 521/701/543 520/709/542 603/702/626
f 603/702/626 520/709/542 507/703/541
f 602/693/622 603/702/626 549/704/603
f 602/693/622 548/705/627 547/706/601
f 601/694/623 547/706/601 511/642/585
f 539/640/583 598/690/619 601/694/623
f 538/639/582 595/688/617 598/690/619
s 0
f 497/576/628 604/575/92 495/575/628
f 493/25/629 605/576/92 497/576/30
f 3/21/629 607/561/92 496/561/30
f 496/561/30 609/560/92 491/560/630
f 492/562/30 606/25/92 493/25/629
f 491/560/629 610/562/92 492/562/30
f 494/22/30 608/21/92 3/21/629
f 495/575/628 611/580/92 494/22/30
f 613/576/628 495/575/258 612/575/628
f 614/25/629 497/576/92 613/576/30
f 616/21/629 496/561/92 615/561/30
f 615/561/30 491/560/258 617/560/630
f 618/562/30 493/25/258 614/25/629
f 617/560/629 492/562/92 618/562/30
f 619/22/30 3/21/258 616/21/629
f 612/575/628 494/22/258 619/22/30
f 621/576/510 612/575/258 620/575/631
f 622/25/26 613/576/92 621/576/510
f 624/21/21 615/561/92 623/561/495
f 623/561/632 617/560/258 625/560/633
f 626/562/634 614/25/258 622/25/26
f 625/560/635 618/562/92 626/562/496
f 627/22/636 616/21/258 624/21/637
f 620/575/638 619/22/258 627/22/23
s 1
f 635/575/509 634/22/22 629/710/639
f 634/22/22 628/21/511 629/711/639
f 632/560/497 633/562/512 629/712/639
f 633/562/512 630/25/28 629/713/639
f 636/561/494 632/560/497 629/714/639
f 628/21/511 636/561/494 629/715/639
f 630/25/28 631/26/27 629/716/639
f 631/26/27 635/575/509 629/717/639
f 639/658/640 638/653/641 637/657/602
f 579/657/600 638/653/641 582/653/596
f 547/658/601 638/653/641 639/658/640
f 640/653/604 642/659/642 641/660/643
f 549/659/603 641/660/643 642/659/642
f 585/660/605 640/653/604 641/660/643
s 0
f 68/104/644 646/84/92 52/84/83
s 1
f 23/38/63 644/33/645 645/38/39
f 7/29/31 644/33/645 8/33/35
f 646/84/646 648/104/647 647/69/648
f 649/29/649 651/38/650 650/33/651
s 0
f 643/29/40 650/33/92 644/33/652
f 53/69/653 648/104/92 68/104/644
f 644/33/654 651/38/92 645/38/655
f 52/84/656 647/69/92 53/69/657
s 1
f 652/379/370 654/406/658 653/382/659
f 340/406/369 653/382/659 654/406/658
f 324/379/345 653/382/659 325/382/347
f 657/162/174 655/183/173 656/187/660
f 129/162/151 656/187/660 144/187/176
f 143/183/171 656/187/660 655/183/173
f 624/21/21 628/21/511 634/22/22
f 622/25/26 621/576/510 631/26/27
f 7/29/31 23/38/63 645/38/39
s 0
f 645/38/258 651/38/661 649/29/649
s 1
f 129/162/151 143/183/171 655/183/173
f 340/406/369 654/406/658 652/379/370
f 625/560/493 632/560/497 636/561/494
f 626/562/496 633/562/512 632/560/497
f 620/575/508 627/22/23 634/22/22
f 621/576/510 620/575/508 635/575/509
f 623/561/495 636/561/494 628/21/511
f 626/562/496 622/25/26 630/25/28
f 547/658/601 639/658/640 637/657/602
f 549/659/603 642/659/642 640/653/604
s 0
f 497/576/258 605/576/662 604/575/524
f 493/25/258 606/25/515 605/576/514
f 3/21/92 608/21/663 607/561/516
f 496/561/258 607/561/664 609/560/665
f 492/562/92 610/562/666 606/25/515
f 491/560/258 609/560/665 610/562/666
f 494/22/92 611/580/522 608/21/663
f 495/575/258 604/575/667 611/580/668
f 613/576/258 497/576/30 495/575/669
f 614/25/258 493/25/629 497/576/30
f 616/21/92 3/21/669 496/561/30
f 615/561/258 496/561/30 491/560/628
f 618/562/92 492/562/30 493/25/629
f 617/560/258 491/560/30 492/562/630
f 619/22/92 494/22/30 3/21/629
f 612/575/258 495/575/30 494/22/30
f 621/576/258 613/576/30 612/575/669
f 622/25/258 614/25/629 613/576/30
f 624/21/92 616/21/669 615/561/30
f 623/561/92 615/561/30 617/560/628
f 626/562/258 618/562/30 614/25/629
f 625/560/258 617/560/30 618/562/630
f 627/22/92 619/22/30 616/21/629
f 620/575/92 612/575/30 619/22/30
s 1
f 579/657/600 637/657/602 638/653/641
f 547/658/601 582/653/596 638/653/641
f 549/659/603 585/660/605 641/660/643
f 585/660/605 582/653/596 640/653/604
s 0
f 68/104/92 648/104/647 646/84/646
s 1
f 23/38/63 8/33/35 644/33/645
f 7/29/31 643/29/40 644/33/645
s 0
f 643/29/258 649/29/649 650/33/651
f 53/69/92 647/69/648 648/104/670
f 644/33/92 650/33/671 651/38/650
f 52/84/92 646/84/672 647/69/673
s 1
f 340/406/369 325/382/347 653/382/659
f 324/379/345 652/379/370 653/382/659
f 129/162/151 657/162/174 656/187/660
f 143/183/171 144/187/176 656/187/660
