# Blender 4.4.1
# www.blender.org
mtllib clearFont.mtl
o テキスト.001
v -4.211767 0.764804 -0.350160
v -4.211767 -1.885026 -0.350160
v -4.737012 -1.885026 -0.350160
v -4.737012 -0.498144 -0.350160
v -4.742795 -0.386659 -0.350160
v -4.759663 -0.280030 -0.350160
v -4.786901 -0.179180 -0.350160
v -4.823789 -0.085030 -0.350160
v -4.869612 0.001496 -0.350160
v -4.923653 0.079478 -0.350160
v -4.985193 0.147992 -0.350160
v -5.053515 0.206116 -0.350160
v -5.127904 0.252930 -0.350160
v -5.207641 0.287510 -0.350160
v -5.292009 0.308934 -0.350160
v -5.380289 0.316280 -0.350160
v -5.412919 0.314101 -0.350160
v -5.448540 0.307701 -0.350160
v -5.486702 0.297285 -0.350160
v -5.526956 0.283056 -0.350160
v -5.568848 0.265222 -0.350160
v -5.611927 0.243985 -0.350160
v -5.655746 0.219552 -0.350160
v -5.699852 0.192127 -0.350160
v -5.743793 0.161916 -0.350160
v -5.787119 0.129122 -0.350160
v -5.829380 0.093952 -0.350160
v -5.870124 0.056609 -0.350160
v -6.147501 0.511034 -0.350160
v -6.093264 0.560463 -0.350160
v -6.039660 0.605487 -0.350160
v -5.986590 0.646126 -0.350160
v -5.933950 0.682400 -0.350160
v -5.881639 0.714329 -0.350160
v -5.829553 0.741935 -0.350160
v -5.777589 0.765238 -0.350160
v -5.725646 0.784257 -0.350160
v -5.673620 0.799015 -0.350160
v -5.621409 0.809530 -0.350160
v -5.568913 0.815825 -0.350160
v -5.516026 0.817919 -0.350160
v -5.453933 0.813817 -0.350160
v -5.391574 0.801334 -0.350160
v -5.328927 0.780203 -0.350160
v -5.265973 0.750159 -0.350160
v -5.202690 0.710934 -0.350160
v -5.139061 0.662263 -0.350160
v -5.075062 0.603878 -0.350160
v -5.010674 0.535515 -0.350160
v -4.945876 0.456905 -0.350160
v -4.880648 0.367783 -0.350160
v -4.814967 0.267882 -0.350160
v -4.748816 0.156936 -0.350160
v -4.737012 0.156936 -0.350160
v -4.737012 0.764804 -0.350160
v -3.710129 -1.412896 -0.350160
v -3.680891 -1.434279 -0.350160
v -3.652287 -1.454126 -0.350160
v -3.624463 -1.472373 -0.350160
v -3.597561 -1.488961 -0.350160
v -3.571724 -1.503828 -0.350160
v -3.547096 -1.516912 -0.350160
v -3.523821 -1.528152 -0.350160
v -3.502042 -1.537486 -0.350160
v -3.481902 -1.544853 -0.350160
v -3.463545 -1.550191 -0.350160
v -3.447114 -1.553439 -0.350160
v -3.432754 -1.554535 -0.350160
v -3.417142 -1.553780 -0.350160
v -3.402781 -1.551448 -0.350160
v -3.389690 -1.547435 -0.350160
v -3.377891 -1.541639 -0.350160
v -3.367402 -1.533958 -0.350160
v -3.358246 -1.524289 -0.350160
v -3.350442 -1.512530 -0.350160
v -3.344011 -1.498579 -0.350160
v -3.338974 -1.482332 -0.350160
v -3.335350 -1.463688 -0.350160
v -3.333160 -1.442544 -0.350160
v -3.332425 -1.418798 -0.350160
v -3.332425 -0.055522 -0.350160
v -3.323753 0.088118 -0.350160
v -3.298463 0.218193 -0.350160
v -3.257640 0.334907 -0.350160
v -3.202370 0.438466 -0.350160
v -3.133739 0.529074 -0.350160
v -3.052835 0.606936 -0.350160
v -2.960741 0.672256 -0.350160
v -2.858545 0.725241 -0.350160
v -2.747333 0.766095 -0.350160
v -2.628190 0.795022 -0.350160
v -2.502204 0.812229 -0.350160
v -2.370461 0.817919 -0.350160
v -2.276520 0.815456 -0.350161
v -2.186472 0.808055 -0.350161
v -2.100277 0.795695 -0.350161
v -2.017893 0.778356 -0.350161
v -1.939281 0.756016 -0.350161
v -1.864397 0.728656 -0.350161
v -1.793201 0.696256 -0.350161
v -1.725654 0.658793 -0.350161
v -1.661713 0.616249 -0.350161
v -1.601337 0.568602 -0.350161
v -1.544487 0.515832 -0.350161
v -1.491117 0.457919 -0.350161
v -1.491117 -0.114538 -0.350161
v -1.555393 -0.042718 -0.350161
v -1.621227 0.022319 -0.350161
v -1.688454 0.080676 -0.350161
v -1.756909 0.132456 -0.350161
v -1.826431 0.177759 -0.350161
v -1.896854 0.216690 -0.350161
v -1.968016 0.249351 -0.350161
v -2.039750 0.275843 -0.350161
v -2.111896 0.296270 -0.350160
v -2.184285 0.310734 -0.350160
v -2.256758 0.319337 -0.350160
v -2.329149 0.322182 -0.350160
v -2.405500 0.319320 -0.350160
v -2.475214 0.310597 -0.350160
v -2.538287 0.295809 -0.350160
v -2.594721 0.274750 -0.350160
v -2.644516 0.247216 -0.350160
v -2.687672 0.213002 -0.350160
v -2.724189 0.171902 -0.350160
v -2.754066 0.123713 -0.350160
v -2.777303 0.068228 -0.350160
v -2.793901 0.005243 -0.350160
v -2.803861 -0.065447 -0.350160
v -2.807180 -0.144047 -0.350160
v -2.807180 -0.285686 -0.350160
v -2.340952 -0.450931 -0.350160
v -2.233924 -0.489623 -0.350160
v -2.126527 -0.529811 -0.350160
v -2.020605 -0.572744 -0.350160
v -1.918003 -0.619674 -0.350160
v -1.820564 -0.671849 -0.350160
v -1.730135 -0.730521 -0.350160
v -1.648557 -0.796938 -0.350160
v -1.577676 -0.872351 -0.350160
v -1.519336 -0.958010 -0.350160
v -1.475381 -1.055165 -0.350160
v -1.447655 -1.165066 -0.350160
v -1.438004 -1.288962 -0.350160
v -1.443338 -1.373641 -0.350160
v -1.459042 -1.455902 -0.350160
v -1.484664 -1.534802 -0.350160
v -1.519753 -1.609398 -0.350160
v -1.563857 -1.678749 -0.350160
v -1.616528 -1.741912 -0.350160
v -1.677313 -1.797943 -0.350160
v -1.745762 -1.845901 -0.350160
v -1.821424 -1.884842 -0.350160
v -1.903849 -1.913824 -0.350160
v -1.992585 -1.931905 -0.350160
v -2.087182 -1.938141 -0.350160
v -2.147668 -1.936293 -0.350160
v -2.208111 -1.930737 -0.350160
v -2.268474 -1.921450 -0.350160
v -2.328712 -1.908414 -0.350160
v -2.388787 -1.891608 -0.350160
v -2.448657 -1.871010 -0.350160
v -2.508282 -1.846601 -0.350160
v -2.567618 -1.818360 -0.350160
v -2.626628 -1.786266 -0.350160
v -2.685268 -1.750300 -0.350160
v -2.743499 -1.710440 -0.350160
v -2.801279 -1.666666 -0.350160
v -2.814697 -1.711680 -0.350160
v -2.831415 -1.752349 -0.350160
v -2.851535 -1.788756 -0.350160
v -2.875158 -1.820983 -0.350160
v -2.902389 -1.849111 -0.350160
v -2.933328 -1.873223 -0.350160
v -2.968079 -1.893401 -0.350160
v -3.006742 -1.909726 -0.350160
v -3.049424 -1.922280 -0.350160
v -3.096224 -1.931146 -0.350160
v -3.147245 -1.936406 -0.350160
v -3.202590 -1.938141 -0.350160
v -3.242668 -1.937120 -0.350160
v -3.280759 -1.933906 -0.350160
v -3.317579 -1.928274 -0.350160
v -3.353847 -1.919999 -0.350160
v -3.390277 -1.908855 -0.350160
v -3.427589 -1.894616 -0.350160
v -3.466499 -1.877058 -0.350160
v -3.507726 -1.855955 -0.350160
v -3.551985 -1.831082 -0.350160
v -3.599994 -1.802212 -0.350160
v -3.652470 -1.769121 -0.350160
v -3.710129 -1.731584 -0.350160
v -2.807180 -1.347978 -0.350160
v -2.771525 -1.380789 -0.350160
v -2.735377 -1.411284 -0.350160
v -2.698739 -1.439361 -0.350160
v -2.661608 -1.464918 -0.350160
v -2.623985 -1.487852 -0.350160
v -2.585871 -1.508060 -0.350160
v -2.547265 -1.525440 -0.350160
v -2.508167 -1.539890 -0.350160
v -2.468577 -1.551308 -0.350160
v -2.428495 -1.559590 -0.350160
v -2.387922 -1.564634 -0.350160
v -2.346854 -1.566338 -0.350160
v -2.293551 -1.563193 -0.350160
v -2.243056 -1.553961 -0.350160
v -2.195717 -1.538951 -0.350160
v -2.151881 -1.518470 -0.350160
v -2.111898 -1.492824 -0.350160
v -2.076116 -1.462322 -0.350160
v -2.044883 -1.427271 -0.350160
v -2.018547 -1.387978 -0.350160
v -1.997458 -1.344751 -0.350160
v -1.981962 -1.297896 -0.350160
v -1.972410 -1.247722 -0.350160
v -1.969150 -1.194536 -0.350160
v -1.977073 -1.119567 -0.350160
v -2.000078 -1.050684 -0.350160
v -2.037018 -0.987334 -0.350160
v -2.086744 -0.928963 -0.350160
v -2.148110 -0.875018 -0.350160
v -2.219969 -0.824947 -0.350160
v -2.301170 -0.778195 -0.350160
v -2.390569 -0.734209 -0.350160
v -2.487018 -0.692437 -0.350160
v -2.589367 -0.652324 -0.350160
v -2.696470 -0.613318 -0.350160
v -2.807180 -0.574865 -0.350160
v -1.042594 -1.117815 -0.350161
v -0.965982 -1.166237 -0.350161
v -0.889534 -1.211093 -0.350161
v -0.813169 -1.252261 -0.350161
v -0.736803 -1.289618 -0.350161
v -0.660355 -1.323040 -0.350161
v -0.583743 -1.352404 -0.350161
v -0.506886 -1.377589 -0.350161
v -0.429700 -1.398470 -0.350161
v -0.352104 -1.414925 -0.350161
v -0.274017 -1.426831 -0.350161
v -0.195356 -1.434064 -0.350161
v -0.116039 -1.436503 -0.350161
v 0.006536 -1.430857 -0.350161
v 0.120464 -1.413962 -0.350161
v 0.225702 -1.385878 -0.350161
v 0.322212 -1.346667 -0.350161
v 0.409951 -1.296390 -0.350161
v 0.488878 -1.235110 -0.350161
v 0.558953 -1.162887 -0.350161
v 0.620135 -1.079782 -0.350161
v 0.672382 -0.985858 -0.350161
v 0.715654 -0.881176 -0.350161
v 0.749909 -0.765797 -0.350161
v 0.775107 -0.639783 -0.350161
v -1.089807 -0.639783 -0.350161
v -1.080575 -0.405303 -0.350161
v -1.053331 -0.191642 -0.350161
v -1.008752 0.001281 -0.350161
v -0.947513 0.173548 -0.350161
v -0.870290 0.325242 -0.350161
v -0.777760 0.456444 -0.350161
v -0.670598 0.567236 -0.350161
v -0.549481 0.657700 -0.350161
v -0.415086 0.727919 -0.350161
v -0.268089 0.777973 -0.350161
v -0.109165 0.807946 -0.350161
v 0.061010 0.817919 -0.350161
v 0.239124 0.806771 -0.350161
v 0.406911 0.773984 -0.350161
v 0.563386 0.720541 -0.350161
v 0.707566 0.647427 -0.350161
v 0.838468 0.555624 -0.350161
v 0.955107 0.446116 -0.350161
v 1.056500 0.319887 -0.350161
v 1.141664 0.177920 -0.350161
v 1.209614 0.021199 -0.350161
v 1.259368 -0.149293 -0.350161
v 1.289942 -0.332571 -0.350161
v 1.300352 -0.527652 -0.350161
v 1.290816 -0.709134 -0.350161
v 1.262428 -0.886231 -0.350161
v 1.215516 -1.056770 -0.350161
v 1.150407 -1.218580 -0.350161
v 1.067429 -1.369488 -0.350161
v 0.966910 -1.507322 -0.350161
v 0.849178 -1.629911 -0.350161
v 0.714561 -1.735081 -0.350161
v 0.563386 -1.820662 -0.350161
v 0.395982 -1.884480 -0.350161
v 0.212677 -1.924363 -0.350161
v 0.013797 -1.938141 -0.350161
v -0.095123 -1.936044 -0.350161
v -0.198061 -1.929726 -0.350161
v -0.295669 -1.919145 -0.350161
v -0.388606 -1.904261 -0.350161
v -0.477527 -1.885033 -0.350161
v -0.563086 -1.861420 -0.350161
v -0.645941 -1.833380 -0.350161
v -0.726748 -1.800873 -0.350161
v -0.806159 -1.763858 -0.350161
v -0.884834 -1.722294 -0.350161
v -0.963427 -1.676140 -0.350161
v -1.042594 -1.625355 -0.350161
v 0.763304 -0.291587 -0.350161
v 0.742040 -0.190675 -0.350161
v 0.713687 -0.097571 -0.350161
v 0.678284 -0.012459 -0.350161
v 0.635873 0.064478 -0.350161
v 0.586494 0.133053 -0.350161
v 0.530190 0.193084 -0.350161
v 0.467000 0.244385 -0.350161
v 0.396966 0.286772 -0.350161
v 0.320128 0.320061 -0.350161
v 0.236529 0.344067 -0.350161
v 0.146208 0.358606 -0.350161
v 0.049207 0.363493 -0.350161
v -0.040752 0.358268 -0.350161
v -0.124563 0.342837 -0.350161
v -0.201981 0.317571 -0.350161
v -0.272759 0.282838 -0.350161
v -0.336653 0.239006 -0.350161
v -0.393414 0.186444 -0.350161
v -0.442800 0.125522 -0.350161
v -0.484562 0.056608 -0.350161
v -0.518455 -0.019928 -0.350161
v -0.544234 -0.103719 -0.350161
v -0.561652 -0.194395 -0.350161
v -0.570464 -0.291587 -0.350161
v 1.925924 2.139883 -0.350161
v 2.451169 2.139883 -0.350161
v 2.451169 -1.885026 -0.350161
v 1.925924 -1.885026 -0.350161
v 3.141659 1.862506 -0.350161
v 3.276239 1.917359 -0.350161
v 3.405839 1.966905 -0.350161
v 3.530890 2.011246 -0.350161
v 3.651822 2.050484 -0.350161
v 3.769065 2.084722 -0.350161
v 3.883050 2.114063 -0.350161
v 3.994208 2.138609 -0.350161
v 4.102968 2.158462 -0.350161
v 4.209761 2.173725 -0.350161
v 4.315017 2.184500 -0.350161
v 4.419166 2.190890 -0.350161
v 4.522639 2.192997 -0.350161
v 4.835094 2.174637 -0.350161
v 5.130807 2.120867 -0.350161
v 5.407791 2.033653 -0.350161
v 5.664057 1.914965 -0.350161
v 5.897619 1.766769 -0.350161
v 6.106488 1.591032 -0.350161
v 6.288677 1.389720 -0.350161
v 6.442198 1.164803 -0.350161
v 6.565063 0.918246 -0.350161
v 6.655285 0.652017 -0.350161
v 6.710876 0.368083 -0.350161
v 6.729847 0.068412 -0.350161
v 6.715968 -0.148353 -0.350161
v 6.673891 -0.373254 -0.350161
v 6.602962 -0.601146 -0.350161
v 6.502525 -0.826887 -0.350161
v 6.371925 -1.045332 -0.350161
v 6.210505 -1.251339 -0.350161
v 6.017609 -1.439764 -0.350161
v 5.792582 -1.605464 -0.350161
v 5.534768 -1.743295 -0.350161
v 5.243512 -1.848114 -0.350161
v 4.918158 -1.914777 -0.350161
v 4.558049 -1.938141 -0.350161
v 4.404265 -1.935118 -0.350161
v 4.258268 -1.926256 -0.350161
v 4.119484 -1.911860 -0.350161
v 3.987340 -1.892239 -0.350161
v 3.861261 -1.867700 -0.350161
v 3.740674 -1.838551 -0.350161
v 3.625005 -1.805098 -0.350161
v 3.513680 -1.767649 -0.350161
v 3.406125 -1.726512 -0.350161
v 3.301768 -1.681994 -0.350161
v 3.200033 -1.634402 -0.350161
v 3.100347 -1.584043 -0.350161
v 3.100347 -0.952569 -0.350161
v 3.214767 -1.023498 -0.350161
v 3.330620 -1.088689 -0.350161
v 3.447621 -1.148061 -0.350161
v 3.565483 -1.201530 -0.350161
v 3.683918 -1.249017 -0.350161
v 3.802641 -1.290437 -0.350161
v 3.921363 -1.325711 -0.350161
v 4.039799 -1.354754 -0.350161
v 4.157660 -1.377486 -0.350161
v 4.274662 -1.393825 -0.350161
v 4.390515 -1.403688 -0.350161
v 4.504934 -1.406995 -0.350161
v 4.740303 -1.394163 -0.350161
v 4.961655 -1.356476 -0.350161
v 5.167761 -1.295140 -0.350161
v 5.357391 -1.211367 -0.350161
v 5.529317 -1.106363 -0.350161
v 5.682309 -0.981340 -0.350161
v 5.815136 -0.837505 -0.350161
v 5.926570 -0.676067 -0.350161
v 6.015382 -0.498236 -0.350161
v 6.080341 -0.305221 -0.350161
v 6.120218 -0.098230 -0.350161
v 6.133783 0.121526 -0.350161
v 6.119781 0.337796 -0.350161
v 6.078811 0.543001 -0.350161
v 6.012431 0.735665 -0.350161
v 5.922199 0.914312 -0.350161
v 5.809672 1.077467 -0.350161
v 5.676407 1.223656 -0.350161
v 5.523962 1.351401 -0.350161
v 5.353894 1.459229 -0.350161
v 5.167761 1.545663 -0.350161
v 4.967119 1.609229 -0.350161
v 4.753527 1.648450 -0.350161
v 4.528541 1.661851 -0.350161
v 4.412780 1.659129 -0.350161
v 4.298350 1.650895 -0.350161
v 4.184864 1.637046 -0.350161
v 4.071930 1.617480 -0.350161
v 3.959161 1.592094 -0.350161
v 3.846166 1.560786 -0.350161
v 3.732556 1.523453 -0.350161
v 3.617943 1.479994 -0.350161
v 3.501935 1.430305 -0.350161
v 3.384145 1.374284 -0.350161
v 3.264183 1.311828 -0.350161
v 3.141659 1.242836 -0.350161
v -4.211767 0.764804 0.328385
v -4.211767 -1.885026 0.328385
v -4.737012 -1.885026 0.328385
v -4.737012 -0.498144 0.328385
v -4.742795 -0.386659 0.328385
v -4.759663 -0.280030 0.328385
v -4.786901 -0.179180 0.328385
v -4.823789 -0.085030 0.328385
v -4.869612 0.001496 0.328385
v -4.923653 0.079478 0.328385
v -4.985193 0.147992 0.328385
v -5.053515 0.206116 0.328385
v -5.127904 0.252930 0.328385
v -5.207641 0.287510 0.328385
v -5.292009 0.308934 0.328385
v -5.380289 0.316280 0.328385
v -5.412919 0.314101 0.328385
v -5.448540 0.307701 0.328385
v -5.486702 0.297285 0.328385
v -5.526956 0.283056 0.328385
v -5.568848 0.265222 0.328385
v -5.611927 0.243985 0.328385
v -5.655746 0.219552 0.328385
v -5.699852 0.192127 0.328385
v -5.743793 0.161916 0.328385
v -5.787119 0.129122 0.328385
v -5.829380 0.093952 0.328385
v -5.870124 0.056609 0.328385
v -6.147501 0.511034 0.328385
v -6.093264 0.560463 0.328385
v -6.039660 0.605487 0.328385
v -5.986590 0.646126 0.328385
v -5.933950 0.682400 0.328385
v -5.881639 0.714329 0.328385
v -5.829553 0.741935 0.328385
v -5.777589 0.765238 0.328385
v -5.725646 0.784257 0.328385
v -5.673620 0.799015 0.328385
v -5.621409 0.809530 0.328385
v -5.568913 0.815825 0.328385
v -5.516026 0.817919 0.328385
v -5.453933 0.813817 0.328385
v -5.391574 0.801334 0.328385
v -5.328927 0.780203 0.328385
v -5.265973 0.750159 0.328385
v -5.202690 0.710934 0.328385
v -5.139061 0.662263 0.328385
v -5.075062 0.603878 0.328385
v -5.010674 0.535515 0.328385
v -4.945876 0.456905 0.328385
v -4.880648 0.367783 0.328385
v -4.814967 0.267882 0.328385
v -4.748816 0.156936 0.328385
v -4.737012 0.156936 0.328385
v -4.737012 0.764804 0.328385
v -3.710129 -1.412896 0.328385
v -3.680891 -1.434279 0.328385
v -3.652287 -1.454126 0.328385
v -3.624463 -1.472373 0.328385
v -3.597561 -1.488961 0.328385
v -3.571724 -1.503828 0.328385
v -3.547096 -1.516912 0.328385
v -3.523821 -1.528152 0.328385
v -3.502042 -1.537486 0.328385
v -3.481902 -1.544853 0.328385
v -3.463545 -1.550191 0.328385
v -3.447114 -1.553439 0.328385
v -3.432754 -1.554535 0.328385
v -3.417142 -1.553780 0.328385
v -3.402781 -1.551448 0.328385
v -3.389690 -1.547435 0.328385
v -3.377891 -1.541639 0.328385
v -3.367402 -1.533958 0.328385
v -3.358246 -1.524289 0.328385
v -3.350442 -1.512530 0.328385
v -3.344011 -1.498579 0.328385
v -3.338974 -1.482332 0.328385
v -3.335350 -1.463688 0.328385
v -3.333160 -1.442544 0.328385
v -3.332425 -1.418798 0.328385
v -3.332425 -0.055522 0.328385
v -3.323753 0.088118 0.328385
v -3.298463 0.218193 0.328385
v -3.257640 0.334907 0.328385
v -3.202370 0.438466 0.328385
v -3.133739 0.529074 0.328385
v -3.052835 0.606936 0.328385
v -2.960741 0.672256 0.328385
v -2.858545 0.725241 0.328385
v -2.747333 0.766095 0.328385
v -2.628190 0.795022 0.328385
v -2.502204 0.812229 0.328385
v -2.370461 0.817919 0.328385
v -2.276520 0.815456 0.328385
v -2.186472 0.808055 0.328385
v -2.100277 0.795695 0.328385
v -2.017893 0.778356 0.328385
v -1.939281 0.756016 0.328385
v -1.864397 0.728656 0.328385
v -1.793201 0.696256 0.328385
v -1.725654 0.658793 0.328385
v -1.661713 0.616249 0.328385
v -1.601337 0.568602 0.328385
v -1.544487 0.515832 0.328385
v -1.491117 0.457919 0.328385
v -1.491117 -0.114538 0.328385
v -1.555393 -0.042718 0.328385
v -1.621227 0.022319 0.328385
v -1.688454 0.080676 0.328385
v -1.756909 0.132456 0.328385
v -1.826431 0.177759 0.328385
v -1.896854 0.216690 0.328385
v -1.968016 0.249351 0.328385
v -2.039750 0.275843 0.328385
v -2.111896 0.296270 0.328385
v -2.184285 0.310734 0.328385
v -2.256758 0.319337 0.328385
v -2.329149 0.322182 0.328385
v -2.405500 0.319320 0.328385
v -2.475214 0.310597 0.328385
v -2.538287 0.295809 0.328385
v -2.594721 0.274750 0.328385
v -2.644516 0.247216 0.328385
v -2.687672 0.213002 0.328385
v -2.724189 0.171902 0.328385
v -2.754066 0.123713 0.328385
v -2.777303 0.068228 0.328385
v -2.793901 0.005243 0.328385
v -2.803861 -0.065447 0.328385
v -2.807180 -0.144047 0.328385
v -2.807180 -0.285686 0.328385
v -2.340952 -0.450931 0.328385
v -2.233924 -0.489623 0.328385
v -2.126527 -0.529811 0.328385
v -2.020605 -0.572744 0.328385
v -1.918003 -0.619674 0.328385
v -1.820564 -0.671849 0.328385
v -1.730135 -0.730521 0.328385
v -1.648557 -0.796938 0.328385
v -1.577676 -0.872351 0.328385
v -1.519336 -0.958010 0.328385
v -1.475381 -1.055165 0.328385
v -1.447655 -1.165066 0.328385
v -1.438004 -1.288962 0.328385
v -1.443338 -1.373641 0.328385
v -1.459042 -1.455902 0.328385
v -1.484664 -1.534802 0.328385
v -1.519753 -1.609398 0.328385
v -1.563857 -1.678749 0.328385
v -1.616528 -1.741912 0.328385
v -1.677313 -1.797943 0.328385
v -1.745762 -1.845901 0.328385
v -1.821424 -1.884842 0.328385
v -1.903849 -1.913824 0.328385
v -1.992585 -1.931905 0.328385
v -2.087182 -1.938141 0.328385
v -2.147668 -1.936293 0.328385
v -2.208111 -1.930736 0.328385
v -2.268474 -1.921450 0.328385
v -2.328712 -1.908414 0.328385
v -2.388787 -1.891607 0.328385
v -2.448657 -1.871010 0.328385
v -2.508282 -1.846601 0.328385
v -2.567618 -1.818360 0.328385
v -2.626628 -1.786266 0.328385
v -2.685268 -1.750300 0.328385
v -2.743499 -1.710440 0.328385
v -2.801279 -1.666666 0.328385
v -2.814697 -1.711680 0.328385
v -2.831415 -1.752349 0.328385
v -2.851535 -1.788756 0.328385
v -2.875158 -1.820983 0.328385
v -2.902389 -1.849111 0.328385
v -2.933328 -1.873223 0.328385
v -2.968079 -1.893401 0.328385
v -3.006742 -1.909726 0.328385
v -3.049424 -1.922280 0.328385
v -3.096224 -1.931146 0.328385
v -3.147245 -1.936406 0.328385
v -3.202590 -1.938141 0.328385
v -3.242668 -1.937120 0.328385
v -3.280759 -1.933906 0.328385
v -3.317579 -1.928274 0.328385
v -3.353847 -1.919999 0.328385
v -3.390277 -1.908855 0.328385
v -3.427589 -1.894616 0.328385
v -3.466499 -1.877058 0.328385
v -3.507726 -1.855955 0.328385
v -3.551985 -1.831082 0.328385
v -3.599994 -1.802212 0.328385
v -3.652470 -1.769121 0.328385
v -3.710129 -1.731584 0.328385
v -2.807180 -1.347978 0.328385
v -2.771525 -1.380789 0.328385
v -2.735377 -1.411284 0.328385
v -2.698739 -1.439361 0.328385
v -2.661608 -1.464918 0.328385
v -2.623985 -1.487852 0.328385
v -2.585871 -1.508060 0.328385
v -2.547265 -1.525440 0.328385
v -2.508167 -1.539890 0.328385
v -2.468577 -1.551308 0.328385
v -2.428495 -1.559590 0.328385
v -2.387922 -1.564634 0.328385
v -2.346854 -1.566338 0.328385
v -2.293551 -1.563193 0.328385
v -2.243056 -1.553961 0.328385
v -2.195717 -1.538951 0.328385
v -2.151881 -1.518470 0.328385
v -2.111898 -1.492824 0.328385
v -2.076116 -1.462322 0.328385
v -2.044883 -1.427271 0.328385
v -2.018547 -1.387978 0.328385
v -1.997458 -1.344751 0.328385
v -1.981962 -1.297896 0.328385
v -1.972410 -1.247722 0.328385
v -1.969150 -1.194536 0.328385
v -1.977073 -1.119567 0.328385
v -2.000078 -1.050684 0.328385
v -2.037018 -0.987334 0.328385
v -2.086744 -0.928963 0.328385
v -2.148110 -0.875018 0.328385
v -2.219969 -0.824947 0.328385
v -2.301170 -0.778195 0.328385
v -2.390569 -0.734209 0.328385
v -2.487018 -0.692437 0.328385
v -2.589367 -0.652324 0.328385
v -2.696470 -0.613318 0.328385
v -2.807180 -0.574865 0.328385
v -1.042594 -1.117815 0.328385
v -0.965982 -1.166237 0.328385
v -0.889534 -1.211093 0.328385
v -0.813169 -1.252261 0.328385
v -0.736803 -1.289618 0.328385
v -0.660355 -1.323040 0.328385
v -0.583743 -1.352404 0.328385
v -0.506886 -1.377589 0.328385
v -0.429700 -1.398470 0.328385
v -0.352104 -1.414925 0.328385
v -0.274017 -1.426831 0.328385
v -0.195356 -1.434064 0.328385
v -0.116039 -1.436503 0.328385
v 0.006536 -1.430857 0.328385
v 0.120464 -1.413962 0.328385
v 0.225702 -1.385878 0.328385
v 0.322212 -1.346667 0.328385
v 0.409951 -1.296390 0.328385
v 0.488878 -1.235110 0.328385
v 0.558953 -1.162887 0.328385
v 0.620135 -1.079782 0.328385
v 0.672382 -0.985858 0.328385
v 0.715654 -0.881176 0.328385
v 0.749909 -0.765797 0.328385
v 0.775107 -0.639783 0.328385
v -1.089807 -0.639783 0.328385
v -1.080575 -0.405303 0.328385
v -1.053331 -0.191642 0.328385
v -1.008752 0.001281 0.328385
v -0.947513 0.173548 0.328385
v -0.870290 0.325242 0.328385
v -0.777760 0.456444 0.328385
v -0.670598 0.567236 0.328385
v -0.549481 0.657700 0.328385
v -0.415086 0.727919 0.328385
v -0.268089 0.777973 0.328385
v -0.109165 0.807946 0.328385
v 0.061010 0.817919 0.328385
v 0.239124 0.806771 0.328385
v 0.406911 0.773984 0.328385
v 0.563386 0.720541 0.328385
v 0.707566 0.647427 0.328385
v 0.838468 0.555624 0.328385
v 0.955107 0.446116 0.328385
v 1.056500 0.319887 0.328385
v 1.141664 0.177920 0.328385
v 1.209614 0.021199 0.328385
v 1.259368 -0.149293 0.328385
v 1.289942 -0.332571 0.328385
v 1.300352 -0.527652 0.328385
v 1.290816 -0.709134 0.328385
v 1.262428 -0.886231 0.328385
v 1.215516 -1.056770 0.328385
v 1.150407 -1.218580 0.328385
v 1.067429 -1.369488 0.328385
v 0.966910 -1.507322 0.328385
v 0.849178 -1.629911 0.328385
v 0.714561 -1.735081 0.328385
v 0.563386 -1.820662 0.328385
v 0.395982 -1.884480 0.328385
v 0.212677 -1.924363 0.328385
v 0.013797 -1.938141 0.328385
v -0.095123 -1.936044 0.328385
v -0.198061 -1.929726 0.328385
v -0.295669 -1.919145 0.328385
v -0.388606 -1.904261 0.328385
v -0.477527 -1.885033 0.328385
v -0.563086 -1.861420 0.328385
v -0.645941 -1.833380 0.328385
v -0.726748 -1.800873 0.328385
v -0.806159 -1.763858 0.328385
v -0.884834 -1.722294 0.328385
v -0.963427 -1.676140 0.328385
v -1.042594 -1.625355 0.328385
v 0.763304 -0.291587 0.328385
v 0.742040 -0.190675 0.328385
v 0.713687 -0.097571 0.328385
v 0.678284 -0.012459 0.328385
v 0.635873 0.064478 0.328385
v 0.586494 0.133053 0.328385
v 0.530190 0.193084 0.328385
v 0.467000 0.244385 0.328385
v 0.396966 0.286772 0.328385
v 0.320128 0.320061 0.328385
v 0.236529 0.344067 0.328385
v 0.146208 0.358606 0.328385
v 0.049207 0.363493 0.328385
v -0.040752 0.358268 0.328385
v -0.124563 0.342837 0.328385
v -0.201981 0.317571 0.328385
v -0.272759 0.282838 0.328385
v -0.336653 0.239006 0.328385
v -0.393414 0.186444 0.328385
v -0.442800 0.125522 0.328385
v -0.484562 0.056608 0.328385
v -0.518455 -0.019928 0.328385
v -0.544234 -0.103719 0.328385
v -0.561652 -0.194395 0.328385
v -0.570464 -0.291587 0.328385
v 1.925924 2.139883 0.328385
v 2.451169 2.139883 0.328385
v 2.451169 -1.885026 0.328385
v 1.925924 -1.885026 0.328385
v 3.141659 1.862506 0.328385
v 3.276239 1.917359 0.328385
v 3.405839 1.966905 0.328384
v 3.530890 2.011246 0.328384
v 3.651822 2.050484 0.328384
v 3.769065 2.084722 0.328384
v 3.883050 2.114063 0.328384
v 3.994208 2.138609 0.328384
v 4.102968 2.158462 0.328384
v 4.209761 2.173725 0.328384
v 4.315017 2.184500 0.328384
v 4.419166 2.190890 0.328384
v 4.522639 2.192997 0.328384
v 4.835094 2.174637 0.328384
v 5.130807 2.120867 0.328384
v 5.407791 2.033653 0.328384
v 5.664057 1.914965 0.328384
v 5.897619 1.766769 0.328384
v 6.106488 1.591032 0.328384
v 6.288677 1.389720 0.328384
v 6.442198 1.164803 0.328384
v 6.565063 0.918246 0.328384
v 6.655285 0.652017 0.328384
v 6.710876 0.368083 0.328384
v 6.729847 0.068412 0.328384
v 6.715968 -0.148353 0.328384
v 6.673891 -0.373254 0.328384
v 6.602962 -0.601146 0.328384
v 6.502525 -0.826887 0.328384
v 6.371925 -1.045332 0.328384
v 6.210505 -1.251339 0.328384
v 6.017609 -1.439764 0.328384
v 5.792582 -1.605464 0.328384
v 5.534768 -1.743295 0.328384
v 5.243512 -1.848114 0.328385
v 4.918158 -1.914777 0.328385
v 4.558049 -1.938141 0.328385
v 4.404265 -1.935118 0.328385
v 4.258268 -1.926256 0.328385
v 4.119484 -1.911860 0.328385
v 3.987340 -1.892239 0.328385
v 3.861261 -1.867700 0.328385
v 3.740674 -1.838551 0.328385
v 3.625005 -1.805098 0.328385
v 3.513680 -1.767649 0.328385
v 3.406125 -1.726512 0.328385
v 3.301768 -1.681994 0.328385
v 3.200033 -1.634402 0.328385
v 3.100347 -1.584043 0.328385
v 3.100347 -0.952569 0.328385
v 3.214767 -1.023498 0.328385
v 3.330620 -1.088689 0.328385
v 3.447621 -1.148061 0.328385
v 3.565483 -1.201530 0.328385
v 3.683918 -1.249017 0.328385
v 3.802641 -1.290437 0.328385
v 3.921363 -1.325711 0.328385
v 4.039799 -1.354754 0.328385
v 4.157660 -1.377486 0.328385
v 4.274662 -1.393825 0.328385
v 4.390515 -1.403688 0.328385
v 4.504934 -1.406995 0.328385
v 4.740303 -1.394163 0.328385
v 4.961655 -1.356476 0.328385
v 5.167761 -1.295140 0.328384
v 5.357391 -1.211367 0.328384
v 5.529317 -1.106363 0.328384
v 5.682309 -0.981340 0.328384
v 5.815136 -0.837505 0.328384
v 5.926570 -0.676067 0.328384
v 6.015382 -0.498236 0.328384
v 6.080341 -0.305221 0.328384
v 6.120218 -0.098230 0.328384
v 6.133783 0.121526 0.328384
v 6.119781 0.337796 0.328384
v 6.078811 0.543001 0.328384
v 6.012431 0.735665 0.328384
v 5.922199 0.914312 0.328384
v 5.809672 1.077467 0.328384
v 5.676407 1.223656 0.328384
v 5.523962 1.351401 0.328384
v 5.353894 1.459229 0.328384
v 5.167761 1.545663 0.328384
v 4.967119 1.609229 0.328384
v 4.753527 1.648450 0.328384
v 4.528541 1.661851 0.328384
v 4.412780 1.659129 0.328384
v 4.298350 1.650895 0.328384
v 4.184864 1.637046 0.328384
v 4.071930 1.617480 0.328384
v 3.959161 1.592094 0.328384
v 3.846166 1.560786 0.328384
v 3.732556 1.523453 0.328384
v 3.617943 1.479994 0.328385
v 3.501935 1.430305 0.328385
v 3.384145 1.374284 0.328385
v 3.264183 1.311828 0.328385
v 3.141659 1.242836 0.328385
vn -0.0000 -0.0000 -1.0000
vn -0.0000 0.0001 -1.0000
vn -0.0000 -0.0000 1.0000
vn -0.0000 0.0001 1.0000
vn -0.0000 -0.0001 1.0000
vn 0.4926 -0.8702 -0.0000
vn -0.2778 -0.9606 -0.0000
vn -0.2694 -0.9630 -0.0000
vn 0.4159 0.9094 -0.0000
vn -0.2729 0.9620 -0.0000
vn 0.3890 -0.9212 -0.0000
vn -0.2350 -0.9720 -0.0000
vn -0.4225 -0.9064 -0.0000
vn -0.3438 0.9390 -0.0000
vn 0.2007 -0.9796 -0.0000
vn -0.3281 -0.9446 -0.0000
vn 0.4307 0.9025 -0.0000
vn -0.3732 -0.9277 -0.0000
vn -0.3565 -0.9343 -0.0000
vn 1.0000 -0.0000 -0.0000
vn 0.3562 -0.9344 -0.0000
vn -0.1910 -0.9816 -0.0000
vn -0.2115 -0.9774 -0.0000
vn -0.4092 0.9125 -0.0000
vn -0.3422 -0.9396 -0.0000
vn -0.1469 -0.9892 -0.0000
vn -0.3206 -0.9472 -0.0000
vn -0.2925 -0.9563 -0.0000
vn 0.4721 0.8816 -0.0000
vn 0.2822 -0.9594 -0.0000
vn -0.0000 1.0000 -0.0000
vn -0.1032 -0.9947 -0.0000
vn -0.2660 -0.9640 -0.0000
vn 0.0647 -0.9979 -0.0000
vn 0.2126 -0.9771 -0.0000
vn 0.1997 -0.9799 -0.0000
vn -0.3649 -0.9310 -0.0000
vn -1.0000 -0.0000 -0.0000
vn 0.5443 0.8389 -0.0000
vn 0.5268 0.8500 -0.0000
vn -0.0197 -0.9998 -0.0000
vn -0.0606 -0.9982 -0.0000
vn -0.2114 -0.9774 -0.0000
vn -0.2225 -0.9749 -0.0000
vn -0.3974 -0.9176 -0.0000
vn -0.4683 0.8836 -0.0000
vn -0.1581 -0.9874 -0.0000
vn -0.1521 -0.9884 -0.0000
vn 0.6314 0.7755 -0.0000
vn 0.1861 -0.9825 -0.0000
vn -0.5210 0.8536 -0.0000
vn -0.1078 -0.9942 -0.0000
vn 0.6076 0.7943 -0.0000
vn 0.0691 -0.9976 -0.0000
vn -0.4415 -0.8973 -0.0000
vn -0.1512 -0.9885 -0.0000
vn -0.0193 -0.9998 -0.0000
vn -0.4990 -0.8666 -0.0000
vn -0.5674 0.8234 -0.0000
vn -0.0613 -0.9981 -0.0000
vn -0.0915 -0.9958 -0.0000
vn 0.7287 0.6849 -0.0000
vn 0.6740 0.7388 -0.0000
vn 0.1025 -0.9947 -0.0000
vn 0.0658 -0.9978 -0.0000
vn -0.5717 -0.8205 -0.0000
vn -0.6080 0.7940 -0.0000
vn -0.0000 -1.0000 -0.0000
vn -0.0305 -0.9995 -0.0000
vn 0.8265 0.5629 -0.0000
vn -0.6432 0.7657 -0.0000
vn 0.0587 0.9983 -0.0000
vn -0.0841 -0.9965 -0.0000
vn 0.7280 0.6856 -0.0000
vn 0.0313 -0.9995 -0.0000
vn -0.6602 -0.7511 -0.0000
vn -0.0204 0.9998 -0.0000
vn -0.0255 -0.9997 -0.0000
vn 0.0625 0.9980 -0.0000
vn -0.7612 -0.6485 -0.0000
vn -0.6736 0.7391 -0.0000
vn -0.0612 0.9981 -0.0000
vn 0.9111 0.4122 -0.0000
vn 0.7716 0.6361 -0.0000
vn -0.0585 0.9983 -0.0000
vn -0.1018 0.9948 -0.0000
vn 0.1789 0.9839 -0.0000
vn -0.1853 0.9827 -0.0000
vn -0.8639 -0.5037 -0.0000
vn 0.1918 0.9814 -0.0000
vn 0.3333 -0.9428 -0.0000
vn -0.9485 -0.3168 -0.0000
vn -0.1415 0.9899 -0.0000
vn 0.9696 0.2446 -0.0000
vn 0.3917 -0.9201 -0.0000
vn -0.3223 0.9466 -0.0000
vn -0.1796 0.9837 -0.0000
vn 0.3232 0.9463 -0.0000
vn 0.4422 -0.8969 -0.0000
vn -0.9945 -0.1051 -0.0000
vn -0.2156 0.9765 -0.0000
vn 0.9970 0.0777 -0.0000
vn 0.4870 -0.8734 -0.0000
vn 0.3003 0.9538 -0.0000
vn -0.4631 0.8863 -0.0000
vn 0.4523 0.8919 -0.0000
vn 0.5280 -0.8492 -0.0000
vn -0.9981 0.0612 -0.0000
vn -0.2493 0.9684 -0.0000
vn 0.5666 -0.8240 -0.0000
vn -0.5984 0.8012 -0.0000
vn -0.9824 0.1870 -0.0000
vn -0.2803 0.9599 -0.0000
vn 0.5742 0.8187 -0.0000
vn 0.9980 -0.0629 -0.0000
vn 0.6035 -0.7974 -0.0000
vn -0.3086 0.9512 -0.0000
vn 0.6397 -0.7686 -0.0000
vn 0.4203 0.9074 -0.0000
vn -0.7188 0.6952 -0.0000
vn -0.9494 0.3140 -0.0000
vn 0.6845 0.7290 -0.0000
vn 0.6757 -0.7372 -0.0000
vn -0.8987 0.4385 -0.0000
vn -0.8536 -0.5210 -0.0000
vn -0.3342 0.9425 -0.0000
vn 0.6771 0.7358 -0.0000
vn 0.8070 0.5906 -0.0000
vn -0.8172 0.5763 -0.0000
vn -0.3571 0.9341 -0.0000
vn 0.7796 0.6262 -0.0000
vn 0.9823 -0.1875 -0.0000
vn 0.1768 -0.9842 -0.0000
vn -0.3774 0.9260 -0.0000
vn 0.6448 0.7643 -0.0000
vn 0.5358 0.8444 -0.0000
vn 0.2633 -0.9647 -0.0000
vn 0.8356 0.5494 -0.0000
vn -0.0503 -0.9987 -0.0000
vn -0.8307 0.5568 -0.0000
vn 0.0580 -0.9983 -0.0000
vn 0.6083 0.7937 -0.0000
vn 0.1211 -0.9926 -0.0000
vn -0.0829 -0.9966 -0.0000
vn 0.5903 0.8072 -0.0000
vn 0.1707 -0.9853 -0.0000
vn -0.1589 -0.9873 -0.0000
vn 0.0666 -0.9978 -0.0000
vn 0.1811 -0.9835 -0.0000
vn 0.2196 -0.9756 -0.0000
vn -0.2461 -0.9692 -0.0000
vn -0.9995 0.0309 -0.0000
vn 0.2670 -0.9637 -0.0000
vn -0.2760 -0.9612 -0.0000
vn -0.3979 -0.9174 -0.0000
vn 0.3103 -0.9507 -0.0000
vn -0.7466 0.6653 -0.0000
vn 0.8589 0.5121 -0.0000
vn 0.3122 -0.9500 -0.0000
vn 0.5701 0.8216 -0.0000
vn 0.3545 -0.9350 -0.0000
vn -0.8912 0.4537 -0.0000
vn 0.5670 0.8237 -0.0000
vn -0.5326 -0.8464 -0.0000
vn 0.3937 -0.9192 -0.0000
vn -0.3975 -0.9176 -0.0000
vn -0.6480 -0.7617 -0.0000
vn 0.8575 0.5144 -0.0000
vn -0.9947 0.1030 -0.0000
vn 0.4295 -0.9031 -0.0000
vn 0.5484 0.8362 -0.0000
vn 0.4405 -0.8977 -0.0000
vn 0.4618 -0.8870 -0.0000
vn 0.9511 -0.3089 -0.0000
vn -0.9311 -0.3648 -0.0000
vn 0.4907 -0.8714 -0.0000
vn -0.5178 -0.8555 -0.0000
vn 0.5657 -0.8246 -0.0000
vn -0.6487 0.7610 -0.0000
vn -0.8837 -0.4680 -0.0000
vn 0.6438 0.7652 -0.0000
vn -0.9816 0.1908 -0.0000
vn -0.8219 -0.5696 -0.0000
vn -0.6303 -0.7764 -0.0000
vn 0.5205 0.8539 -0.0000
vn 0.0235 -0.9997 -0.0000
vn 0.6794 -0.7337 -0.0000
vn -0.7440 -0.6682 -0.0000
vn 0.5248 0.8512 -0.0000
vn 0.0718 -0.9974 -0.0000
vn -0.9654 -0.2607 -0.0000
vn -0.7294 -0.6841 -0.0000
vn -0.0595 -0.9982 -0.0000
vn 0.7768 -0.6297 -0.0000
vn -0.9551 0.2961 -0.0000
vn -0.9877 -0.1562 -0.0000
vn 0.4684 0.8835 -0.0000
vn -0.1806 -0.9836 -0.0000
vn 0.9175 0.3978 -0.0000
vn -0.9987 -0.0518 -0.0000
vn 0.4988 0.8667 -0.0000
vn -0.3020 -0.9533 -0.0000
vn 0.7414 0.6710 -0.0000
vn -0.9422 0.3350 -0.0000
vn 0.0262 0.9997 -0.0000
vn -0.5399 0.8417 -0.0000
vn -0.8115 -0.5843 -0.0000
vn -0.0431 0.9991 -0.0000
vn -0.4212 -0.9070 -0.0000
vn 0.8552 -0.5183 -0.0000
vn -0.9082 0.4186 -0.0000
vn 0.0819 0.9966 -0.0000
vn 0.4692 0.8831 -0.0000
vn -0.5355 -0.8446 -0.0000
vn 0.8259 0.5638 -0.0000
vn -0.8758 -0.4828 -0.0000
vn 0.4105 0.9119 -0.0000
vn -0.1353 0.9908 -0.0000
vn 0.9144 -0.4049 -0.0000
vn 0.1419 0.9899 -0.0000
vn -0.6423 -0.7665 -0.0000
vn 0.9600 0.2801 -0.0000
vn -0.8332 0.5530 -0.0000
vn 0.2060 0.9786 -0.0000
vn 0.4349 0.9005 -0.0000
vn -0.7390 -0.6737 -0.0000
vn 0.8950 0.4460 -0.0000
vn -0.9743 0.2251 -0.0000
vn -0.2359 0.9718 -0.0000
vn -0.4233 0.9060 -0.0000
vn 0.2734 0.9619 -0.0000
vn -0.9233 -0.3841 -0.0000
vn -0.8232 -0.5678 -0.0000
vn 0.9558 -0.2941 -0.0000
vn -0.7261 0.6876 -0.0000
vn 0.9471 0.3210 -0.0000
vn 0.3467 0.9380 -0.0000
vn -0.3448 0.9387 -0.0000
vn 0.3432 0.9393 -0.0000
vn -0.9566 -0.2913 -0.0000
vn 0.3939 0.9191 -0.0000
vn -0.8926 -0.4508 -0.0000
vn 0.9820 -0.1886 -0.0000
vn 0.4142 0.9102 -0.0000
vn -0.9455 -0.3257 -0.0000
vn 0.9864 0.1645 -0.0000
vn -0.5908 0.8068 -0.0000
vn 0.9814 0.1921 -0.0000
vn 0.9049 -0.4256 -0.0000
vn -0.4603 0.8878 -0.0000
vn 0.4850 0.8745 -0.0000
vn -0.9785 -0.2062 -0.0000
vn 0.3435 0.9391 -0.0000
vn -0.9806 -0.1958 -0.0000
vn 0.9980 0.0632 -0.0000
vn -0.9920 0.1265 -0.0000
vn -0.5785 0.8157 -0.0000
vn 0.9959 -0.0903 -0.0000
vn -0.3022 0.9532 -0.0000
vn 0.5540 0.8325 -0.0000
vn 0.2771 0.9608 -0.0000
vn -0.9979 -0.0646 -0.0000
vn 0.6195 0.7850 -0.0000
vn -0.9981 0.0616 -0.0000
vn -0.4409 0.8976 -0.0000
vn 0.9980 -0.0639 -0.0000
vn 0.9986 0.0533 -0.0000
vn 0.2792 0.9602 -0.0000
vn -0.6934 0.7205 -0.0000
vn 0.6803 0.7329 -0.0000
vn -0.9819 0.1892 -0.0000
vn -0.9992 0.0393 -0.0000
vn -0.2931 0.9561 -0.0000
vn 0.9829 -0.1839 -0.0000
vn 0.9986 -0.0525 -0.0000
vn 0.1939 0.9810 -0.0000
vn -0.7971 0.6038 -0.0000
vn 0.7354 0.6777 -0.0000
vn 0.2024 0.9793 -0.0000
vn -0.9478 0.3190 -0.0000
vn 0.9548 -0.2972 -0.0000
vn -0.7452 -0.6669 -0.0000
vn -0.9806 0.1961 -0.0000
vn -0.1603 0.9871 -0.0000
vn 0.9874 -0.1583 -0.0000
vn 0.0761 0.9971 -0.0000
vn -0.7028 -0.7114 -0.0000
vn -0.8946 0.4468 -0.0000
vn 0.9136 -0.4065 -0.0000
vn -0.6555 -0.7552 -0.0000
vn -0.9586 0.2846 -0.0000
vn -0.0483 0.9988 -0.0000
vn -0.6033 -0.7975 -0.0000
vn -0.8230 0.5681 -0.0000
vn -0.9242 0.3820 -0.0000
vn -0.1798 0.9837 -0.0000
vn 0.8583 -0.5131 -0.0000
vn 0.9642 -0.2652 -0.0000
vn -0.5460 -0.8378 -0.0000
vn 0.1234 0.9924 -0.0000
vn -0.4838 -0.8752 -0.0000
vn -0.7347 0.6784 -0.0000
vn -0.8739 0.4861 -0.0000
vn 0.5269 0.8499 -0.0000
vn 0.9277 -0.3733 -0.0000
vn -0.0589 0.9983 -0.0000
vn -0.4171 -0.9088 -0.0000
vn 0.0415 0.9991 -0.0000
vn -0.3464 -0.9381 -0.0000
vn -0.8053 0.5929 -0.0000
vn -0.6328 0.7743 -0.0000
vn 0.5343 0.8453 -0.0000
vn -0.2724 -0.9622 -0.0000
vn 0.4904 0.8715 -0.0000
vn 0.8438 -0.5366 -0.0000
vn -0.1959 -0.9806 -0.0000
vn 0.7871 -0.6168 -0.0000
vn -0.7177 0.6964 -0.0000
vn 0.4525 0.8918 -0.0000
vn 0.5061 0.8625 -0.0000
vn -0.6039 -0.7971 -0.0000
vn -0.1179 -0.9930 -0.0000
vn 0.9583 -0.2857 -0.0000
vn 0.4745 0.8802 -0.0000
vn -0.0393 -0.9992 -0.0000
vn -0.5212 0.8534 -0.0000
vn 0.7680 -0.6404 -0.0000
vn 0.4131 0.9107 -0.0000
vn 0.8763 -0.4818 -0.0000
vn -0.8822 0.4708 -0.0000
vn 0.3721 0.9282 -0.0000
vn -0.5649 -0.8252 -0.0000
vn 0.0375 -0.9993 -0.0000
vn -0.6133 0.7899 -0.0000
vn 0.9249 -0.3802 -0.0000
vn 0.4394 0.8983 -0.0000
vn -0.4041 0.9147 -0.0000
vn -0.9439 0.3302 -0.0000
vn 0.3294 0.9442 -0.0000
vn 0.4006 0.9163 -0.0000
vn -0.5456 -0.8381 -0.0000
vn 0.1242 -0.9923 -0.0000
vn 0.6778 -0.7353 -0.0000
vn 0.6988 -0.7153 -0.0000
vn 0.2283 -0.9736 -0.0000
vn -0.4972 0.8676 -0.0000
vn 0.2848 0.9586 -0.0000
vn 0.3579 0.9338 -0.0000
vn -0.5228 -0.8524 -0.0000
vn 0.3496 -0.9369 -0.0000
vn 0.8752 -0.4837 -0.0000
vn 0.4839 -0.8751 -0.0000
vn -0.2852 0.9585 -0.0000
vn -0.3764 0.9265 -0.0000
vn 0.2382 0.9712 -0.0000
vn 0.3114 0.9503 -0.0000
vn -0.5334 -0.8459 -0.0000
vn 0.6213 -0.7836 -0.0000
vn 0.1894 0.9819 -0.0000
vn 0.8080 -0.5892 -0.0000
vn -0.4778 -0.8785 -0.0000
vn 0.8065 -0.5912 -0.0000
vn -0.9816 0.1909 -0.0000
vn 0.2611 0.9653 -0.0000
vn 0.7476 -0.6642 -0.0000
vn -0.1678 0.9858 -0.0000
vn 0.5738 -0.8190 -0.0000
vn 0.1383 0.9904 -0.0000
vn 0.8499 -0.5269 -0.0000
vn -0.2578 0.9662 -0.0000
vn 0.0848 0.9964 -0.0000
vn 0.2074 0.9782 -0.0000
vn -0.5153 -0.8570 -0.0000
vn 0.9224 -0.3863 -0.0000
vn -0.4298 -0.9029 -0.0000
vn -0.0544 0.9985 -0.0000
vn -0.1467 0.9892 -0.0000
vn 0.7185 -0.6955 -0.0000
vn -0.9982 0.0603 -0.0000
vn 0.0289 0.9996 -0.0000
vn 0.1507 0.9886 -0.0000
vn 0.9670 -0.2548 -0.0000
vn 0.0916 0.9958 -0.0000
vn -0.4899 -0.8718 -0.0000
vn 0.9902 -0.1395 -0.0000
vn 0.5929 -0.8052 -0.0000
vn 0.4576 -0.8891 -0.0000
vn -0.0460 0.9989 -0.0000
vn -0.4509 -0.8926 -0.0000
vn 0.0307 0.9995 -0.0000
vn -0.3789 -0.9255 -0.0000
vn 0.9991 -0.0422 -0.0000
vn 0.4715 -0.8819 -0.0000
vn 0.6147 -0.7888 -0.0000
vn 0.0659 0.9978 -0.0000
vn 0.7212 -0.6927 -0.0000
vn -0.4237 -0.9058 -0.0000
vn -0.4557 -0.8902 -0.0000
vn 0.3341 0.9425 -0.0000
vn -0.0396 0.9992 -0.0000
vn -0.3924 -0.9198 -0.0000
vn -0.5399 -0.8417 -0.0000
vn -0.3253 -0.9456 -0.0000
vn -0.1190 0.9929 -0.0000
vn 0.6156 -0.7880 -0.0000
vn 0.5021 -0.8648 -0.0000
vn 0.1963 0.9805 -0.0000
vn -0.3572 -0.9340 -0.0000
vn 0.3400 0.9404 -0.0000
vn 0.3386 -0.9409 -0.0000
vn -0.5064 -0.8623 -0.0000
vn -0.4113 -0.9115 -0.0000
vn 0.3505 0.9366 -0.0000
vn -0.1974 0.9803 -0.0000
vn 0.3317 -0.9434 -0.0000
vn 0.3196 0.9476 -0.0000
vn -0.3188 -0.9478 -0.0000
vn -0.4671 -0.8842 -0.0000
vn 0.3756 0.9268 -0.0000
vn -0.1520 -0.9884 -0.0000
vn -0.0192 -0.9998 -0.0000
vn 0.5249 0.8512 -0.0000
vn 0.4987 0.8668 -0.0000
vn 0.4348 0.9005 -0.0000
vn -0.3023 0.9532 -0.0000
vn -0.4408 0.8976 -0.0000
vn 0.2023 0.9793 -0.0000
vn 0.4576 -0.8892 -0.0000
vt 0.759259 0.000000
vt 0.722222 0.000000
vt 0.740741 0.000000
vt 0.703704 0.000000
vt 0.777778 0.000000
vt 0.685185 0.000000
vt 0.796296 0.000000
vt 0.666667 0.000000
vt 0.648148 0.000000
vt 0.814815 0.000000
vt 0.629630 0.000000
vt 0.018519 0.000000
vt 1.000000 0.000000
vt 0.000000 0.000000
vt 0.981481 0.000000
vt 0.833333 0.000000
vt 0.611111 0.000000
vt 0.592593 0.000000
vt 0.851852 0.000000
vt 0.574074 0.000000
vt 0.870370 0.000000
vt 0.555556 0.000000
vt 0.537037 0.000000
vt 0.888889 0.000000
vt 0.518519 0.000000
vt 0.907407 0.000000
vt 0.333333 0.000000
vt 0.351852 0.000000
vt 0.370370 0.000000
vt 0.388889 0.000000
vt 0.407407 0.000000
vt 0.425926 0.000000
vt 0.444444 0.000000
vt 0.462963 0.000000
vt 0.481481 0.000000
vt 0.500000 0.000000
vt 0.925926 0.000000
vt 0.296296 0.000000
vt 0.314815 0.000000
vt 0.944444 0.000000
vt 0.259259 0.000000
vt 0.277778 0.000000
vt 0.240741 0.000000
vt 0.222222 0.000000
vt 0.962963 0.000000
vt 0.203704 0.000000
vt 0.185185 0.000000
vt 0.111111 0.000000
vt 0.129630 0.000000
vt 0.148148 0.000000
vt 0.166667 0.000000
vt 0.092593 0.000000
vt 0.074074 0.000000
vt 0.055556 0.000000
vt 0.037037 0.000000
vt 0.219653 0.000000
vt 0.208092 0.000000
vt 0.213873 0.000000
vt 0.225434 0.000000
vt 0.202312 0.000000
vt 0.231214 0.000000
vt 0.236994 0.000000
vt 0.196532 0.000000
vt 0.242775 0.000000
vt 0.190751 0.000000
vt 0.248555 0.000000
vt 0.254335 0.000000
vt 0.184971 0.000000
vt 0.260116 0.000000
vt 0.179191 0.000000
vt 0.265896 0.000000
vt 0.271676 0.000000
vt 0.173410 0.000000
vt 0.277457 0.000000
vt 0.167630 0.000000
vt 0.283237 0.000000
vt 0.289017 0.000000
vt 0.294798 0.000000
vt 0.300578 0.000000
vt 0.306358 0.000000
vt 0.312139 0.000000
vt 0.317919 0.000000
vt 0.323699 0.000000
vt 0.329480 0.000000
vt 0.335260 0.000000
vt 0.341040 0.000000
vt 0.346821 0.000000
vt 0.352601 0.000000
vt 0.358382 0.000000
vt 0.161850 0.000000
vt 0.364162 0.000000
vt 0.156069 0.000000
vt 0.369942 0.000000
vt 0.375723 0.000000
vt 0.381503 0.000000
vt 0.387283 0.000000
vt 0.393064 0.000000
vt 0.150289 0.000000
vt 0.398844 0.000000
vt 0.404624 0.000000
vt 0.410405 0.000000
vt 0.144509 0.000000
vt 0.416185 0.000000
vt 0.421965 0.000000
vt 0.138728 0.000000
vt 0.427746 0.000000
vt 0.433526 0.000000
vt 0.439306 0.000000
vt 0.445087 0.000000
vt 0.450867 0.000000
vt 0.456647 0.000000
vt 0.462428 0.000000
vt 0.994220 0.000000
vt 0.791907 0.000000
vt 0.988439 0.000000
vt 0.468208 0.000000
vt 0.982659 0.000000
vt 0.473988 0.000000
vt 0.976879 0.000000
vt 0.479769 0.000000
vt 0.971098 0.000000
vt 0.965318 0.000000
vt 0.485549 0.000000
vt 0.959538 0.000000
vt 0.491329 0.000000
vt 0.953757 0.000000
vt 0.947977 0.000000
vt 0.497110 0.000000
vt 0.942197 0.000000
vt 0.936416 0.000000
vt 0.502890 0.000000
vt 0.930636 0.000000
vt 0.508671 0.000000
vt 0.924855 0.000000
vt 0.919075 0.000000
vt 0.514451 0.000000
vt 0.913295 0.000000
vt 0.907514 0.000000
vt 0.797688 0.000000
vt 0.520231 0.000000
vt 0.803468 0.000000
vt 0.901734 0.000000
vt 0.809249 0.000000
vt 0.005780 0.000000
vt 0.786127 0.000000
vt 0.132948 0.000000
vt 0.895954 0.000000
vt 0.011561 0.000000
vt 0.815029 0.000000
vt 0.127168 0.000000
vt 0.017341 0.000000
vt 0.526012 0.000000
vt 0.890173 0.000000
vt 0.121387 0.000000
vt 0.820809 0.000000
vt 0.023121 0.000000
vt 0.115607 0.000000
vt 0.826590 0.000000
vt 0.028902 0.000000
vt 0.884393 0.000000
vt 0.109827 0.000000
vt 0.034682 0.000000
vt 0.832370 0.000000
vt 0.104046 0.000000
vt 0.040462 0.000000
vt 0.878613 0.000000
vt 0.098266 0.000000
vt 0.838150 0.000000
vt 0.046243 0.000000
vt 0.092486 0.000000
vt 0.531792 0.000000
vt 0.052023 0.000000
vt 0.872832 0.000000
vt 0.843931 0.000000
vt 0.086705 0.000000
vt 0.057803 0.000000
vt 0.080925 0.000000
vt 0.063584 0.000000
vt 0.849711 0.000000
vt 0.075145 0.000000
vt 0.069364 0.000000
vt 0.867052 0.000000
vt 0.855491 0.000000
vt 0.861272 0.000000
vt 0.647399 0.000000
vt 0.537572 0.000000
vt 0.641618 0.000000
vt 0.653179 0.000000
vt 0.543353 0.000000
vt 0.635838 0.000000
vt 0.658960 0.000000
vt 0.780347 0.000000
vt 0.549133 0.000000
vt 0.630058 0.000000
vt 0.664740 0.000000
vt 0.774566 0.000000
vt 0.624277 0.000000
vt 0.670520 0.000000
vt 0.554913 0.000000
vt 0.768786 0.000000
vt 0.618497 0.000000
vt 0.676301 0.000000
vt 0.763006 0.000000
vt 0.560694 0.000000
vt 0.612717 0.000000
vt 0.682081 0.000000
vt 0.757225 0.000000
vt 0.606936 0.000000
vt 0.687861 0.000000
vt 0.751445 0.000000
vt 0.566474 0.000000
vt 0.601156 0.000000
vt 0.693642 0.000000
vt 0.745665 0.000000
vt 0.595376 0.000000
vt 0.739884 0.000000
vt 0.699422 0.000000
vt 0.572254 0.000000
vt 0.734104 0.000000
vt 0.589595 0.000000
vt 0.705202 0.000000
vt 0.728324 0.000000
vt 0.583815 0.000000
vt 0.710983 0.000000
vt 0.578035 0.000000
vt 0.722543 0.000000
vt 0.716763 0.000000
vt 0.387755 0.000000
vt 0.367347 0.000000
vt 0.377551 0.000000
vt 0.357143 0.000000
vt 0.397959 0.000000
vt 0.346939 0.000000
vt 0.408163 0.000000
vt 0.336735 0.000000
vt 0.418367 0.000000
vt 0.326531 0.000000
vt 0.428571 0.000000
vt 0.316327 0.000000
vt 0.438776 0.000000
vt 0.306122 0.000000
vt 0.448980 0.000000
vt 0.877551 0.000000
vt 0.867347 0.000000
vt 0.887755 0.000000
vt 0.857143 0.000000
vt 0.897959 0.000000
vt 0.846939 0.000000
vt 0.908163 0.000000
vt 0.295918 0.000000
vt 0.836735 0.000000
vt 0.459184 0.000000
vt 0.918367 0.000000
vt 0.826531 0.000000
vt 0.928571 0.000000
vt 0.816327 0.000000
vt 0.938776 0.000000
vt 0.806122 0.000000
vt 0.948980 0.000000
vt 0.469388 0.000000
vt 0.285714 0.000000
vt 0.795918 0.000000
vt 0.959184 0.000000
vt 0.785714 0.000000
vt 0.969388 0.000000
vt 0.479592 0.000000
vt 0.275510 0.000000
vt 0.775510 0.000000
vt 0.979592 0.000000
vt 0.765306 0.000000
vt 0.989796 0.000000
vt 0.489796 0.000000
vt 0.755102 0.000000
vt 0.265306 0.000000
vt 0.255102 0.000000
vt 0.510204 0.000000
vt 0.244898 0.000000
vt 0.234694 0.000000
vt 0.520408 0.000000
vt 0.224490 0.000000
vt 0.214286 0.000000
vt 0.530612 0.000000
vt 0.204082 0.000000
vt 0.540816 0.000000
vt 0.193878 0.000000
vt 0.010204 0.000000
vt 0.744898 0.000000
vt 0.183673 0.000000
vt 0.020408 0.000000
vt 0.030612 0.000000
vt 0.551020 0.000000
vt 0.173469 0.000000
vt 0.040816 0.000000
vt 0.051020 0.000000
vt 0.163265 0.000000
vt 0.061224 0.000000
vt 0.153061 0.000000
vt 0.071429 0.000000
vt 0.561224 0.000000
vt 0.081633 0.000000
vt 0.142857 0.000000
vt 0.091837 0.000000
vt 0.132653 0.000000
vt 0.102041 0.000000
vt 0.112245 0.000000
vt 0.122449 0.000000
vt 0.571429 0.000000
vt 0.734694 0.000000
vt 0.581633 0.000000
vt 0.724490 0.000000
vt 0.714286 0.000000
vt 0.591837 0.000000
vt 0.704082 0.000000
vt 0.693878 0.000000
vt 0.602041 0.000000
vt 0.683673 0.000000
vt 0.673469 0.000000
vt 0.612245 0.000000
vt 0.663265 0.000000
vt 0.653061 0.000000
vt 0.642857 0.000000
vt 0.622449 0.000000
vt 0.632653 0.000000
vt 0.134021 0.000000
vt 0.113402 0.000000
vt 0.123711 0.000000
vt 0.103093 0.000000
vt 0.092784 0.000000
vt 0.144330 0.000000
vt 0.082474 0.000000
vt 0.072165 0.000000
vt 0.061856 0.000000
vt 0.154639 0.000000
vt 0.051546 0.000000
vt 0.041237 0.000000
vt 0.030928 0.000000
vt 0.164948 0.000000
vt 0.020619 0.000000
vt 0.010309 0.000000
vt 0.175258 0.000000
vt 0.896907 0.000000
vt 0.907216 0.000000
vt 0.917526 0.000000
vt 0.927835 0.000000
vt 0.938144 0.000000
vt 0.948454 0.000000
vt 0.958763 0.000000
vt 0.969072 0.000000
vt 0.979381 0.000000
vt 0.989691 0.000000
vt 0.185567 0.000000
vt 0.876289 0.000000
vt 0.886598 0.000000
vt 0.865979 0.000000
vt 0.855670 0.000000
vt 0.845361 0.000000
vt 0.195876 0.000000
vt 0.835052 0.000000
vt 0.824742 0.000000
vt 0.206186 0.000000
vt 0.814433 0.000000
vt 0.804124 0.000000
vt 0.216495 0.000000
vt 0.793814 0.000000
vt 0.226804 0.000000
vt 0.783505 0.000000
vt 0.773196 0.000000
vt 0.237113 0.000000
vt 0.762887 0.000000
vt 0.247423 0.000000
vt 0.752577 0.000000
vt 0.742268 0.000000
vt 0.257732 0.000000
vt 0.731959 0.000000
vt 0.268041 0.000000
vt 0.721649 0.000000
vt 0.278351 0.000000
vt 0.711340 0.000000
vt 0.288660 0.000000
vt 0.701031 0.000000
vt 0.298969 0.000000
vt 0.690722 0.000000
vt 0.515464 0.000000
vt 0.494845 0.000000
vt 0.505155 0.000000
vt 0.680412 0.000000
vt 0.525773 0.000000
vt 0.309278 0.000000
vt 0.536082 0.000000
vt 0.670103 0.000000
vt 0.546392 0.000000
vt 0.556701 0.000000
vt 0.659794 0.000000
vt 0.567010 0.000000
vt 0.319588 0.000000
vt 0.577320 0.000000
vt 0.649485 0.000000
vt 0.587629 0.000000
vt 0.597938 0.000000
vt 0.639175 0.000000
vt 0.608247 0.000000
vt 0.618557 0.000000
vt 0.628866 0.000000
vt 0.329897 0.000000
vt 0.484536 0.000000
vt 0.340206 0.000000
vt 0.474227 0.000000
vt 0.463918 0.000000
vt 0.453608 0.000000
vt 0.350515 0.000000
vt 0.443299 0.000000
vt 0.432990 0.000000
vt 0.422680 0.000000
vt 0.360825 0.000000
vt 0.412371 0.000000
vt 0.402062 0.000000
vt 0.391753 0.000000
vt 0.371134 0.000000
vt 0.381443 0.000000
s 0
f 42/1/1 40/2/1 41/3/1
f 42/1/1 39/4/1 40/2/1
f 43/5/1 39/4/1 42/1/1
f 43/5/1 38/6/1 39/4/1
f 44/7/1 38/6/1 43/5/1
f 44/7/1 37/8/1 38/6/1
f 44/7/1 36/9/1 37/8/1
f 45/10/1 36/9/1 44/7/1
f 45/10/1 35/11/1 36/9/1
f 2/12/1 55/13/1 1/14/1
f 2/12/1 54/15/1 55/13/1
f 46/16/1 35/11/1 45/10/1
f 46/16/1 34/17/1 35/11/1
f 46/16/1 33/18/1 34/17/1
f 47/19/1 33/18/1 46/16/1
f 47/19/1 32/20/1 33/18/1
f 48/21/1 32/20/1 47/19/1
f 48/21/1 31/22/1 32/20/1
f 48/21/1 30/23/1 31/22/1
f 49/24/1 30/23/1 48/21/1
f 49/24/1 29/25/1 30/23/1
f 50/26/1 29/25/1 49/24/1
f 50/26/1 19/27/1 29/25/1
f 19/27/1 20/28/1 29/25/1
f 20/28/1 21/29/1 29/25/1
f 21/29/1 22/30/1 29/25/1
f 22/30/1 23/31/1 29/25/1
f 23/31/1 24/32/1 29/25/1
f 24/32/1 25/33/1 29/25/1
f 25/33/1 26/34/1 29/25/1
f 26/34/1 27/35/1 29/25/1
f 27/35/1 28/36/1 29/25/1
f 51/37/1 17/38/1 50/26/1
f 17/38/1 18/39/1 50/26/1
f 18/39/1 19/27/1 50/26/1
f 52/40/1 15/41/1 51/37/1
f 15/41/1 16/42/1 51/37/1
f 16/42/1 17/38/1 51/37/1
f 52/40/1 14/43/1 15/41/1
f 52/40/1 13/44/1 14/43/1
f 53/45/1 13/44/1 52/40/1
f 53/45/1 12/46/1 13/44/1
f 53/45/1 11/47/1 12/46/1
f 2/12/1 53/45/1 54/15/1
f 2/12/1 7/48/1 53/45/1
f 7/48/1 8/49/1 53/45/1
f 8/49/1 9/50/1 53/45/1
f 9/50/1 10/51/1 53/45/1
f 10/51/1 11/47/1 53/45/1
f 2/12/1 6/52/1 7/48/1
f 2/12/1 5/53/1 6/52/1
f 2/12/1 4/54/1 5/53/1
f 2/12/1 3/55/1 4/54/1
f 94/56/1 92/57/1 93/58/1
f 95/59/1 92/57/1 94/56/1
f 95/59/1 91/60/1 92/57/1
f 96/61/1 91/60/1 95/59/1
f 97/62/1 91/60/1 96/61/1
f 97/62/1 90/63/1 91/60/1
f 98/64/1 90/63/1 97/62/1
f 98/64/1 89/65/1 90/63/1
f 99/66/1 89/65/1 98/64/1
f 100/67/1 89/65/1 99/66/1
f 100/67/1 88/68/1 89/65/1
f 101/69/1 88/68/1 100/67/1
f 101/69/1 87/70/1 88/68/1
f 102/71/1 87/70/1 101/69/1
f 103/72/1 87/70/1 102/71/1
f 103/72/1 86/73/1 87/70/1
f 104/74/1 86/73/1 103/72/1
f 104/74/1 85/75/1 86/73/1
f 105/76/1 85/75/1 104/74/1
f 106/77/1 107/78/1 105/76/1
f 107/78/1 108/79/1 105/76/1
f 108/79/1 109/80/1 105/76/1
f 109/80/1 110/81/1 105/76/1
f 110/81/1 111/82/1 105/76/1
f 111/82/1 112/83/1 105/76/1
f 112/83/1 113/84/1 105/76/1
f 113/84/1 114/85/1 105/76/1
f 114/85/1 115/86/1 105/76/1
f 115/86/1 116/87/1 105/76/1
f 116/87/1 85/75/1 105/76/1
f 116/87/1 117/88/1 85/75/1
f 117/88/1 118/89/1 85/75/1
f 118/89/1 84/90/1 85/75/1
f 118/89/1 119/91/1 84/90/1
f 119/91/1 83/92/1 84/90/1
f 120/93/1 83/92/1 119/91/1
f 121/94/1 83/92/1 120/93/1
f 122/95/1 83/92/1 121/94/1
f 123/96/1 83/92/1 122/95/1
f 124/97/1 83/92/1 123/96/1
f 124/97/1 82/98/1 83/92/1
f 125/99/1 82/98/1 124/97/1
f 126/100/1 82/98/1 125/99/1
f 127/101/1 82/98/1 126/100/1
f 127/101/1 81/102/1 82/98/1
f 128/103/1 81/102/1 127/101/1
f 129/104/1 81/102/1 128/103/1
f 129/104/1 80/105/1 81/102/1
f 130/106/1 80/105/1 129/104/1
f 131/107/1 80/105/1 130/106/1
f 132/108/1 229/13/1 131/107/1
f 229/13/1 80/105/1 131/107/1
f 133/109/1 229/13/1 132/108/1
f 134/110/1 229/13/1 133/109/1
f 135/111/1 229/13/1 134/110/1
f 136/112/1 229/13/1 135/111/1
f 136/112/1 228/113/1 229/13/1
f 193/114/1 80/105/1 229/13/1
f 136/112/1 227/115/1 228/113/1
f 137/116/1 227/115/1 136/112/1
f 137/116/1 226/117/1 227/115/1
f 138/118/1 226/117/1 137/116/1
f 138/118/1 225/119/1 226/117/1
f 139/120/1 225/119/1 138/118/1
f 139/120/1 224/121/1 225/119/1
f 139/120/1 223/122/1 224/121/1
f 140/123/1 223/122/1 139/120/1
f 140/123/1 222/124/1 223/122/1
f 141/125/1 222/124/1 140/123/1
f 141/125/1 221/126/1 222/124/1
f 141/125/1 220/127/1 221/126/1
f 142/128/1 220/127/1 141/125/1
f 142/128/1 219/129/1 220/127/1
f 142/128/1 218/130/1 219/129/1
f 143/131/1 218/130/1 142/128/1
f 143/131/1 217/132/1 218/130/1
f 144/133/1 217/132/1 143/131/1
f 144/133/1 216/134/1 217/132/1
f 144/133/1 215/135/1 216/134/1
f 145/136/1 215/135/1 144/133/1
f 145/136/1 214/137/1 215/135/1
f 145/136/1 213/138/1 214/137/1
f 194/139/1 80/105/1 193/114/1
f 146/140/1 213/138/1 145/136/1
f 195/141/1 80/105/1 194/139/1
f 146/140/1 212/142/1 213/138/1
f 196/143/1 80/105/1 195/141/1
f 57/144/1 192/145/1 56/14/1
f 196/143/1 79/146/1 80/105/1
f 146/140/1 211/147/1 212/142/1
f 58/148/1 192/145/1 57/144/1
f 197/149/1 79/146/1 196/143/1
f 197/149/1 78/150/1 79/146/1
f 59/151/1 192/145/1 58/148/1
f 147/152/1 211/147/1 146/140/1
f 147/152/1 210/153/1 211/147/1
f 197/149/1 77/154/1 78/150/1
f 198/155/1 77/154/1 197/149/1
f 60/156/1 192/145/1 59/151/1
f 198/155/1 76/157/1 77/154/1
f 199/158/1 76/157/1 198/155/1
f 61/159/1 192/145/1 60/156/1
f 147/152/1 209/160/1 210/153/1
f 199/158/1 75/161/1 76/157/1
f 62/162/1 192/145/1 61/159/1
f 200/163/1 75/161/1 199/158/1
f 200/163/1 74/164/1 75/161/1
f 63/165/1 192/145/1 62/162/1
f 147/152/1 208/166/1 209/160/1
f 200/163/1 73/167/1 74/164/1
f 201/168/1 73/167/1 200/163/1
f 64/169/1 192/145/1 63/165/1
f 201/168/1 72/170/1 73/167/1
f 148/171/1 208/166/1 147/152/1
f 65/172/1 192/145/1 64/169/1
f 148/171/1 207/173/1 208/166/1
f 202/174/1 72/170/1 201/168/1
f 202/174/1 71/175/1 72/170/1
f 66/176/1 192/145/1 65/172/1
f 202/174/1 70/177/1 71/175/1
f 67/178/1 192/145/1 66/176/1
f 203/179/1 70/177/1 202/174/1
f 203/179/1 69/180/1 70/177/1
f 68/181/1 192/145/1 67/178/1
f 203/179/1 68/181/1 69/180/1
f 148/171/1 206/182/1 207/173/1
f 203/179/1 192/145/1 68/181/1
f 204/183/1 192/145/1 203/179/1
f 148/171/1 205/184/1 206/182/1
f 205/184/1 192/145/1 204/183/1
f 148/171/1 168/185/1 205/184/1
f 168/185/1 192/145/1 205/184/1
f 149/186/1 168/185/1 148/171/1
f 149/186/1 167/187/1 168/185/1
f 169/188/1 192/145/1 168/185/1
f 150/189/1 167/187/1 149/186/1
f 150/189/1 166/190/1 167/187/1
f 170/191/1 192/145/1 169/188/1
f 170/191/1 191/192/1 192/145/1
f 151/193/1 166/190/1 150/189/1
f 151/193/1 165/194/1 166/190/1
f 171/195/1 191/192/1 170/191/1
f 171/195/1 190/196/1 191/192/1
f 151/193/1 164/197/1 165/194/1
f 172/198/1 190/196/1 171/195/1
f 152/199/1 164/197/1 151/193/1
f 172/198/1 189/200/1 190/196/1
f 152/199/1 163/201/1 164/197/1
f 173/202/1 189/200/1 172/198/1
f 173/202/1 188/203/1 189/200/1
f 153/204/1 163/201/1 152/199/1
f 153/204/1 162/205/1 163/201/1
f 174/206/1 188/203/1 173/202/1
f 174/206/1 187/207/1 188/203/1
f 153/204/1 161/208/1 162/205/1
f 175/209/1 187/207/1 174/206/1
f 175/209/1 186/210/1 187/207/1
f 154/211/1 161/208/1 153/204/1
f 154/211/1 160/212/1 161/208/1
f 176/213/1 186/210/1 175/209/1
f 176/213/1 185/214/1 186/210/1
f 154/211/1 159/215/1 160/212/1
f 176/213/1 184/216/1 185/214/1
f 177/217/1 184/216/1 176/213/1
f 155/218/1 159/215/1 154/211/1
f 177/217/1 183/219/1 184/216/1
f 155/218/1 158/220/1 159/215/1
f 178/221/1 183/219/1 177/217/1
f 178/221/1 182/222/1 183/219/1
f 155/218/1 157/223/1 158/220/1
f 179/224/1 182/222/1 178/221/1
f 156/225/1 157/223/1 155/218/1
f 179/224/1 181/226/1 182/222/1
f 180/227/1 181/226/1 179/224/1
f 268/228/1 266/229/1 267/230/1
f 268/228/1 265/231/1 266/229/1
f 269/232/1 265/231/1 268/228/1
f 269/232/1 264/233/1 265/231/1
f 270/234/1 264/233/1 269/232/1
f 270/234/1 263/235/1 264/233/1
f 271/236/1 263/235/1 270/234/1
f 271/236/1 262/237/1 263/235/1
f 272/238/1 262/237/1 271/236/1
f 272/238/1 261/239/1 262/237/1
f 273/240/1 261/239/1 272/238/1
f 273/240/1 260/241/1 261/239/1
f 274/242/1 316/243/1 273/240/1
f 316/243/1 260/241/1 273/240/1
f 274/242/2 315/244/2 316/243/2
f 317/245/1 260/241/1 316/243/1
f 274/242/1 314/246/1 315/244/1
f 318/247/1 260/241/1 317/245/1
f 274/242/1 313/248/1 314/246/1
f 319/249/1 260/241/1 318/247/1
f 319/249/1 259/250/1 260/241/1
f 274/242/1 312/251/1 313/248/1
f 275/252/1 312/251/1 274/242/1
f 320/253/1 259/250/1 319/249/1
f 275/252/1 311/254/1 312/251/1
f 321/255/1 259/250/1 320/253/1
f 275/252/1 310/256/1 311/254/1
f 322/257/1 259/250/1 321/255/1
f 275/252/1 309/258/1 310/256/1
f 323/259/1 259/250/1 322/257/1
f 276/260/1 309/258/1 275/252/1
f 323/259/1 258/261/1 259/250/1
f 276/260/1 308/262/1 309/258/1
f 324/263/1 258/261/1 323/259/1
f 276/260/1 307/264/1 308/262/1
f 325/265/1 258/261/1 324/263/1
f 277/266/1 307/264/1 276/260/1
f 325/265/1 257/267/1 258/261/1
f 277/266/1 306/268/1 307/264/1
f 326/269/1 257/267/1 325/265/1
f 277/266/1 305/270/1 306/268/1
f 327/271/1 257/267/1 326/269/1
f 278/272/1 305/270/1 277/266/1
f 278/272/1 304/273/1 305/270/1
f 327/271/1 256/274/1 257/267/1
f 328/13/1 256/274/1 327/271/1
f 278/272/1 328/13/1 304/273/1
f 278/272/1 256/274/1 328/13/1
f 279/36/1 256/274/1 278/272/1
f 279/36/1 255/275/1 256/274/1
f 280/276/1 254/277/1 279/36/1
f 254/277/1 255/275/1 279/36/1
f 280/276/1 253/278/1 254/277/1
f 281/279/1 253/278/1 280/276/1
f 281/279/1 252/280/1 253/278/1
f 281/279/1 251/281/1 252/280/1
f 282/282/1 251/281/1 281/279/1
f 282/282/1 250/283/1 251/281/1
f 283/284/1 250/283/1 282/282/1
f 283/284/1 249/285/1 250/283/1
f 231/286/1 303/287/1 230/14/1
f 283/284/1 248/288/1 249/285/1
f 232/289/1 303/287/1 231/286/1
f 233/290/1 303/287/1 232/289/1
f 284/291/1 248/288/1 283/284/1
f 284/291/1 247/292/1 248/288/1
f 234/293/1 303/287/1 233/290/1
f 235/294/1 303/287/1 234/293/1
f 284/291/1 246/295/1 247/292/1
f 236/296/1 303/287/1 235/294/1
f 284/291/1 245/297/1 246/295/1
f 237/298/1 303/287/1 236/296/1
f 285/299/1 245/297/1 284/291/1
f 238/300/1 303/287/1 237/298/1
f 285/299/1 244/301/1 245/297/1
f 239/302/1 303/287/1 238/300/1
f 285/299/1 243/303/1 244/301/1
f 240/304/1 303/287/1 239/302/1
f 241/305/1 303/287/1 240/304/1
f 285/299/1 242/306/1 243/303/1
f 242/306/1 303/287/1 241/305/1
f 285/299/1 303/287/1 242/306/1
f 286/307/1 303/287/1 285/299/1
f 286/307/1 302/308/1 303/287/1
f 287/309/1 302/308/1 286/307/1
f 287/309/1 301/310/1 302/308/1
f 287/309/1 300/311/1 301/310/1
f 288/312/1 300/311/1 287/309/1
f 288/312/1 299/313/1 300/311/1
f 288/312/1 298/314/1 299/313/1
f 289/315/1 298/314/1 288/312/1
f 289/315/1 297/316/1 298/314/1
f 289/315/1 296/317/1 297/316/1
f 290/318/1 296/317/1 289/315/1
f 290/318/1 295/319/1 296/317/1
f 290/318/1 294/320/1 295/319/1
f 290/318/1 293/321/1 294/320/1
f 291/322/1 293/321/1 290/318/1
f 291/322/1 292/323/1 293/321/1
f 331/8/1 329/14/1 330/27/1
f 331/8/1 332/13/1 329/14/1
f 346/324/1 344/325/1 345/326/1
f 346/324/1 343/327/1 344/325/1
f 346/324/1 342/328/1 343/327/1
f 347/329/1 342/328/1 346/324/1
f 347/329/1 341/330/1 342/328/1
f 347/329/1 340/331/1 341/330/1
f 347/329/1 339/332/1 340/331/1
f 348/333/1 339/332/1 347/329/1
f 348/333/1 338/334/1 339/332/1
f 348/333/1 337/335/1 338/334/1
f 348/333/1 336/336/1 337/335/1
f 349/337/1 336/336/1 348/333/1
f 349/337/1 335/338/1 336/336/1
f 349/337/1 334/339/1 335/338/1
f 349/337/1 333/14/1 334/339/1
f 350/340/1 333/14/1 349/337/1
f 350/340/1 420/341/1 333/14/1
f 420/341/1 421/342/1 333/14/1
f 421/342/1 422/343/1 333/14/1
f 422/343/1 423/344/1 333/14/1
f 423/344/1 424/345/1 333/14/1
f 424/345/1 425/346/1 333/14/1
f 425/346/1 426/347/1 333/14/1
f 426/347/1 427/348/1 333/14/1
f 427/348/1 428/349/1 333/14/1
f 428/349/1 429/350/1 333/14/1
f 429/350/1 430/13/1 333/14/1
f 351/351/1 418/352/1 350/340/1
f 418/352/1 419/353/1 350/340/1
f 419/353/1 420/341/1 350/340/1
f 351/351/1 417/354/1 418/352/1
f 351/351/1 416/355/1 417/354/1
f 351/351/1 415/356/1 416/355/1
f 352/357/1 415/356/1 351/351/1
f 352/357/1 414/358/1 415/356/1
f 352/357/1 413/359/1 414/358/1
f 353/360/1 413/359/1 352/357/1
f 353/360/1 412/361/1 413/359/1
f 353/360/1 411/362/1 412/361/1
f 354/363/1 411/362/1 353/360/1
f 354/363/1 410/364/1 411/362/1
f 355/365/1 410/364/1 354/363/1
f 355/365/1 409/366/1 410/364/1
f 355/365/1 408/367/1 409/366/1
f 356/368/1 408/367/1 355/365/1
f 356/368/1 407/369/1 408/367/1
f 357/370/1 407/369/1 356/368/1
f 357/370/1 406/371/1 407/369/1
f 357/370/1 405/372/1 406/371/1
f 358/373/1 405/372/1 357/370/1
f 358/373/1 404/374/1 405/372/1
f 359/375/1 404/374/1 358/373/1
f 359/375/1 403/376/1 404/374/1
f 360/377/1 403/376/1 359/375/1
f 360/377/1 402/378/1 403/376/1
f 361/379/1 402/378/1 360/377/1
f 361/379/1 401/380/1 402/378/1
f 362/381/1 401/380/1 361/379/1
f 362/381/1 400/382/1 401/380/1
f 383/383/1 381/384/1 382/385/1
f 362/381/1 399/386/1 400/382/1
f 384/387/1 381/384/1 383/383/1
f 363/388/1 399/386/1 362/381/1
f 385/389/1 381/384/1 384/387/1
f 363/388/1 398/390/1 399/386/1
f 386/391/1 381/384/1 385/389/1
f 387/392/1 381/384/1 386/391/1
f 363/388/1 397/393/1 398/390/1
f 388/394/1 381/384/1 387/392/1
f 364/395/1 397/393/1 363/388/1
f 389/396/1 381/384/1 388/394/1
f 364/395/1 396/397/1 397/393/1
f 390/398/1 381/384/1 389/396/1
f 391/399/1 381/384/1 390/398/1
f 364/395/1 395/400/1 396/397/1
f 392/401/1 381/384/1 391/399/1
f 393/402/1 381/384/1 392/401/1
f 364/395/1 394/403/1 395/400/1
f 394/403/1 381/384/1 393/402/1
f 364/395/1 381/384/1 394/403/1
f 365/404/1 381/384/1 364/395/1
f 365/404/1 380/405/1 381/384/1
f 366/406/1 380/405/1 365/404/1
f 366/406/1 379/407/1 380/405/1
f 366/406/1 378/408/1 379/407/1
f 366/406/1 377/409/1 378/408/1
f 367/410/1 377/409/1 366/406/1
f 367/410/1 376/411/1 377/409/1
f 367/410/1 375/412/1 376/411/1
f 367/410/1 374/413/1 375/412/1
f 368/414/1 374/413/1 367/410/1
f 368/414/1 373/415/1 374/413/1
f 368/414/1 372/416/1 373/415/1
f 368/414/1 371/417/1 372/416/1
f 369/418/1 371/417/1 368/414/1
f 369/418/1 370/419/1 371/417/1
f 472/1/3 471/3/3 470/2/3
f 472/1/3 470/2/3 469/4/3
f 473/5/3 472/1/3 469/4/3
f 473/5/3 469/4/3 468/6/3
f 474/7/3 473/5/3 468/6/3
f 474/7/3 468/6/3 467/8/3
f 474/7/3 467/8/3 466/9/3
f 475/10/3 474/7/3 466/9/3
f 475/10/3 466/9/3 465/11/3
f 432/12/3 431/14/3 485/13/3
f 432/12/3 485/13/3 484/15/3
f 476/16/3 475/10/3 465/11/3
f 476/16/3 465/11/3 464/17/3
f 476/16/3 464/17/3 463/18/3
f 477/19/3 476/16/3 463/18/3
f 477/19/3 463/18/3 462/20/3
f 478/21/3 477/19/3 462/20/3
f 478/21/3 462/20/3 461/22/3
f 478/21/3 461/22/3 460/23/3
f 479/24/3 478/21/3 460/23/3
f 479/24/3 460/23/3 459/25/3
f 480/26/3 479/24/3 459/25/3
f 480/26/3 459/25/3 449/27/3
f 449/27/3 459/25/3 450/28/3
f 450/28/3 459/25/3 451/29/3
f 451/29/3 459/25/3 452/30/3
f 452/30/3 459/25/3 453/31/3
f 453/31/3 459/25/3 454/32/3
f 454/32/3 459/25/3 455/33/3
f 455/33/3 459/25/3 456/34/3
f 456/34/3 459/25/3 457/35/3
f 457/35/3 459/25/3 458/36/3
f 481/37/3 480/26/3 447/38/3
f 447/38/3 480/26/3 448/39/3
f 448/39/4 480/26/4 449/27/4
f 482/40/3 481/37/3 445/41/3
f 445/41/3 481/37/3 446/42/3
f 446/42/3 481/37/3 447/38/3
f 482/40/3 445/41/3 444/43/3
f 482/40/3 444/43/3 443/44/3
f 483/45/3 482/40/3 443/44/3
f 483/45/3 443/44/3 442/46/3
f 483/45/3 442/46/3 441/47/3
f 432/12/3 484/15/3 483/45/3
f 432/12/3 483/45/3 437/48/3
f 437/48/3 483/45/3 438/49/3
f 438/49/3 483/45/3 439/50/3
f 439/50/3 483/45/3 440/51/3
f 440/51/3 483/45/3 441/47/3
f 432/12/3 437/48/3 436/52/3
f 432/12/3 436/52/3 435/53/3
f 432/12/3 435/53/3 434/54/3
f 432/12/3 434/54/3 433/55/3
f 524/56/3 523/58/3 522/57/3
f 525/59/3 524/56/3 522/57/3
f 525/59/3 522/57/3 521/60/3
f 526/61/3 525/59/3 521/60/3
f 527/62/3 526/61/3 521/60/3
f 527/62/3 521/60/3 520/63/3
f 528/64/3 527/62/3 520/63/3
f 528/64/3 520/63/3 519/65/3
f 529/66/3 528/64/3 519/65/3
f 530/67/3 529/66/3 519/65/3
f 530/67/3 519/65/3 518/68/3
f 531/69/3 530/67/3 518/68/3
f 531/69/3 518/68/3 517/70/3
f 532/71/3 531/69/3 517/70/3
f 533/72/3 532/71/3 517/70/3
f 533/72/3 517/70/3 516/73/3
f 534/74/3 533/72/3 516/73/3
f 534/74/3 516/73/3 515/75/3
f 535/76/3 534/74/3 515/75/3
f 536/77/3 535/76/3 537/78/3
f 537/78/3 535/76/3 538/79/3
f 538/79/3 535/76/3 539/80/3
f 539/80/3 535/76/3 540/81/3
f 540/81/3 535/76/3 541/82/3
f 541/82/3 535/76/3 542/83/3
f 542/83/3 535/76/3 543/84/3
f 543/84/3 535/76/3 544/85/3
f 544/85/3 535/76/3 545/86/3
f 545/86/3 535/76/3 546/87/3
f 546/87/3 535/76/3 515/75/3
f 546/87/3 515/75/3 547/88/3
f 547/88/3 515/75/3 548/89/3
f 548/89/3 515/75/3 514/90/3
f 548/89/3 514/90/3 549/91/3
f 549/91/3 514/90/3 513/92/3
f 550/93/3 549/91/3 513/92/3
f 551/94/3 550/93/3 513/92/3
f 552/95/3 551/94/3 513/92/3
f 553/96/3 552/95/3 513/92/3
f 554/97/3 553/96/3 513/92/3
f 554/97/3 513/92/3 512/98/3
f 555/99/3 554/97/3 512/98/3
f 556/100/3 555/99/3 512/98/3
f 557/101/3 556/100/3 512/98/3
f 557/101/3 512/98/3 511/102/3
f 558/103/3 557/101/3 511/102/3
f 559/104/3 558/103/3 511/102/3
f 559/104/3 511/102/3 510/105/3
f 560/106/3 559/104/3 510/105/3
f 561/107/3 560/106/3 510/105/3
f 562/108/3 561/107/3 659/13/3
f 659/13/3 561/107/3 510/105/3
f 563/109/3 562/108/3 659/13/3
f 564/110/3 563/109/3 659/13/3
f 565/111/3 564/110/3 659/13/3
f 566/112/3 565/111/3 659/13/3
f 566/112/3 659/13/3 658/113/3
f 623/114/3 659/13/3 510/105/3
f 566/112/3 658/113/3 657/115/3
f 567/116/3 566/112/3 657/115/3
f 567/116/3 657/115/3 656/117/3
f 568/118/3 567/116/3 656/117/3
f 568/118/3 656/117/3 655/119/3
f 569/120/3 568/118/3 655/119/3
f 569/120/3 655/119/3 654/121/3
f 569/120/3 654/121/3 653/122/3
f 570/123/3 569/120/3 653/122/3
f 570/123/3 653/122/3 652/124/3
f 571/125/3 570/123/3 652/124/3
f 571/125/3 652/124/3 651/126/3
f 571/125/3 651/126/3 650/127/3
f 572/128/3 571/125/3 650/127/3
f 572/128/3 650/127/3 649/129/3
f 572/128/3 649/129/3 648/130/3
f 573/131/3 572/128/3 648/130/3
f 573/131/3 648/130/3 647/132/3
f 574/133/3 573/131/3 647/132/3
f 574/133/3 647/132/3 646/134/3
f 574/133/3 646/134/3 645/135/3
f 575/136/3 574/133/3 645/135/3
f 575/136/3 645/135/3 644/137/3
f 575/136/3 644/137/3 643/138/3
f 624/139/3 623/114/3 510/105/3
f 576/140/3 575/136/3 643/138/3
f 625/141/3 624/139/3 510/105/3
f 576/140/3 643/138/3 642/142/3
f 626/143/3 625/141/3 510/105/3
f 487/144/3 486/14/3 622/145/3
f 626/143/3 510/105/3 509/146/3
f 576/140/3 642/142/3 641/147/3
f 488/148/3 487/144/3 622/145/3
f 627/149/3 626/143/3 509/146/3
f 627/149/3 509/146/3 508/150/3
f 489/151/3 488/148/3 622/145/3
f 577/152/3 576/140/3 641/147/3
f 577/152/3 641/147/3 640/153/3
f 627/149/3 508/150/3 507/154/3
f 628/155/3 627/149/3 507/154/3
f 490/156/3 489/151/3 622/145/3
f 628/155/3 507/154/3 506/157/3
f 629/158/3 628/155/3 506/157/3
f 491/159/3 490/156/3 622/145/3
f 577/152/3 640/153/3 639/160/3
f 629/158/3 506/157/3 505/161/3
f 492/162/3 491/159/3 622/145/3
f 630/163/3 629/158/3 505/161/3
f 630/163/3 505/161/3 504/164/3
f 493/165/3 492/162/3 622/145/3
f 577/152/3 639/160/3 638/166/3
f 630/163/3 504/164/3 503/167/3
f 631/168/3 630/163/3 503/167/3
f 494/169/3 493/165/3 622/145/3
f 631/168/3 503/167/3 502/170/3
f 578/171/3 577/152/3 638/166/3
f 495/172/3 494/169/3 622/145/3
f 578/171/3 638/166/3 637/173/3
f 632/174/3 631/168/3 502/170/3
f 632/174/3 502/170/3 501/175/3
f 496/176/3 495/172/3 622/145/3
f 632/174/3 501/175/3 500/177/3
f 497/178/3 496/176/3 622/145/3
f 633/179/3 632/174/3 500/177/3
f 633/179/3 500/177/3 499/180/3
f 498/181/3 497/178/3 622/145/3
f 633/179/3 499/180/3 498/181/3
f 578/171/3 637/173/3 636/182/3
f 633/179/3 498/181/3 622/145/3
f 634/183/3 633/179/3 622/145/3
f 578/171/3 636/182/3 635/184/3
f 635/184/3 634/183/3 622/145/3
f 578/171/3 635/184/3 598/185/3
f 598/185/3 635/184/3 622/145/3
f 579/186/3 578/171/3 598/185/3
f 579/186/3 598/185/3 597/187/3
f 599/188/3 598/185/3 622/145/3
f 580/189/3 579/186/3 597/187/3
f 580/189/3 597/187/3 596/190/3
f 600/191/3 599/188/3 622/145/3
f 600/191/3 622/145/3 621/192/3
f 581/193/3 580/189/3 596/190/3
f 581/193/3 596/190/3 595/194/3
f 601/195/3 600/191/3 621/192/3
f 601/195/3 621/192/3 620/196/3
f 581/193/3 595/194/3 594/197/3
f 602/198/3 601/195/3 620/196/3
f 582/199/3 581/193/3 594/197/3
f 602/198/3 620/196/3 619/200/3
f 582/199/3 594/197/3 593/201/3
f 603/202/3 602/198/3 619/200/3
f 603/202/3 619/200/3 618/203/3
f 583/204/3 582/199/3 593/201/3
f 583/204/3 593/201/3 592/205/3
f 604/206/3 603/202/3 618/203/3
f 604/206/3 618/203/3 617/207/3
f 583/204/3 592/205/3 591/208/3
f 605/209/3 604/206/3 617/207/3
f 605/209/3 617/207/3 616/210/3
f 584/211/3 583/204/3 591/208/3
f 584/211/3 591/208/3 590/212/3
f 606/213/3 605/209/3 616/210/3
f 606/213/3 616/210/3 615/214/3
f 584/211/3 590/212/3 589/215/3
f 606/213/3 615/214/3 614/216/3
f 607/217/3 606/213/3 614/216/3
f 585/218/3 584/211/3 589/215/3
f 607/217/3 614/216/3 613/219/3
f 585/218/3 589/215/3 588/220/3
f 608/221/3 607/217/3 613/219/3
f 608/221/3 613/219/3 612/222/3
f 585/218/3 588/220/3 587/223/3
f 609/224/3 608/221/3 612/222/3
f 586/225/3 585/218/3 587/223/3
f 609/224/3 612/222/3 611/226/3
f 610/227/3 609/224/3 611/226/3
f 698/228/3 697/230/3 696/229/3
f 698/228/3 696/229/3 695/231/3
f 699/232/3 698/228/3 695/231/3
f 699/232/3 695/231/3 694/233/3
f 700/234/3 699/232/3 694/233/3
f 700/234/3 694/233/3 693/235/3
f 701/236/3 700/234/3 693/235/3
f 701/236/3 693/235/3 692/237/3
f 702/238/3 701/236/3 692/237/3
f 702/238/3 692/237/3 691/239/3
f 703/240/3 702/238/3 691/239/3
f 703/240/3 691/239/3 690/241/3
f 704/242/3 703/240/3 746/243/3
f 746/243/3 703/240/3 690/241/3
f 704/242/5 746/243/5 745/244/5
f 747/245/3 746/243/3 690/241/3
f 704/242/3 745/244/3 744/246/3
f 748/247/3 747/245/3 690/241/3
f 704/242/3 744/246/3 743/248/3
f 749/249/3 748/247/3 690/241/3
f 749/249/3 690/241/3 689/250/3
f 704/242/3 743/248/3 742/251/3
f 705/252/3 704/242/3 742/251/3
f 750/253/3 749/249/3 689/250/3
f 705/252/3 742/251/3 741/254/3
f 751/255/3 750/253/3 689/250/3
f 705/252/3 741/254/3 740/256/3
f 752/257/3 751/255/3 689/250/3
f 705/252/3 740/256/3 739/258/3
f 753/259/3 752/257/3 689/250/3
f 706/260/3 705/252/3 739/258/3
f 753/259/3 689/250/3 688/261/3
f 706/260/3 739/258/3 738/262/3
f 754/263/3 753/259/3 688/261/3
f 706/260/3 738/262/3 737/264/3
f 755/265/3 754/263/3 688/261/3
f 707/266/3 706/260/3 737/264/3
f 755/265/3 688/261/3 687/267/3
f 707/266/3 737/264/3 736/268/3
f 756/269/3 755/265/3 687/267/3
f 707/266/3 736/268/3 735/270/3
f 757/271/3 756/269/3 687/267/3
f 708/272/3 707/266/3 735/270/3
f 708/272/3 735/270/3 734/273/3
f 757/271/3 687/267/3 686/274/3
f 758/13/3 757/271/3 686/274/3
f 708/272/3 734/273/3 758/13/3
f 708/272/3 758/13/3 686/274/3
f 709/36/3 708/272/3 686/274/3
f 709/36/3 686/274/3 685/275/3
f 710/276/3 709/36/3 684/277/3
f 684/277/3 709/36/3 685/275/3
f 710/276/3 684/277/3 683/278/3
f 711/279/3 710/276/3 683/278/3
f 711/279/3 683/278/3 682/280/3
f 711/279/3 682/280/3 681/281/3
f 712/282/3 711/279/3 681/281/3
f 712/282/3 681/281/3 680/283/3
f 713/284/3 712/282/3 680/283/3
f 713/284/3 680/283/3 679/285/3
f 661/286/3 660/14/3 733/287/3
f 713/284/3 679/285/3 678/288/3
f 662/289/3 661/286/3 733/287/3
f 663/290/3 662/289/3 733/287/3
f 714/291/3 713/284/3 678/288/3
f 714/291/3 678/288/3 677/292/3
f 664/293/3 663/290/3 733/287/3
f 665/294/3 664/293/3 733/287/3
f 714/291/3 677/292/3 676/295/3
f 666/296/3 665/294/3 733/287/3
f 714/291/3 676/295/3 675/297/3
f 667/298/3 666/296/3 733/287/3
f 715/299/3 714/291/3 675/297/3
f 668/300/3 667/298/3 733/287/3
f 715/299/3 675/297/3 674/301/3
f 669/302/3 668/300/3 733/287/3
f 715/299/3 674/301/3 673/303/3
f 670/304/3 669/302/3 733/287/3
f 671/305/3 670/304/3 733/287/3
f 715/299/3 673/303/3 672/306/3
f 672/306/3 671/305/3 733/287/3
f 715/299/3 672/306/3 733/287/3
f 716/307/3 715/299/3 733/287/3
f 716/307/3 733/287/3 732/308/3
f 717/309/3 716/307/3 732/308/3
f 717/309/3 732/308/3 731/310/3
f 717/309/3 731/310/3 730/311/3
f 718/312/3 717/309/3 730/311/3
f 718/312/3 730/311/3 729/313/3
f 718/312/3 729/313/3 728/314/3
f 719/315/3 718/312/3 728/314/3
f 719/315/3 728/314/3 727/316/3
f 719/315/3 727/316/3 726/317/3
f 720/318/3 719/315/3 726/317/3
f 720/318/3 726/317/3 725/319/3
f 720/318/3 725/319/3 724/320/3
f 720/318/3 724/320/3 723/321/3
f 721/322/3 720/318/3 723/321/3
f 721/322/3 723/321/3 722/323/3
f 761/8/3 760/27/3 759/14/3
f 761/8/3 759/14/3 762/13/3
f 776/324/3 775/326/3 774/325/3
f 776/324/3 774/325/3 773/327/3
f 776/324/3 773/327/3 772/328/3
f 777/329/3 776/324/3 772/328/3
f 777/329/3 772/328/3 771/330/3
f 777/329/3 771/330/3 770/331/3
f 777/329/3 770/331/3 769/332/3
f 778/333/3 777/329/3 769/332/3
f 778/333/3 769/332/3 768/334/3
f 778/333/3 768/334/3 767/335/3
f 778/333/3 767/335/3 766/336/3
f 779/337/3 778/333/3 766/336/3
f 779/337/3 766/336/3 765/338/3
f 779/337/3 765/338/3 764/339/3
f 779/337/3 764/339/3 763/14/3
f 780/340/3 779/337/3 763/14/3
f 780/340/3 763/14/3 850/341/3
f 850/341/3 763/14/3 851/342/3
f 851/342/3 763/14/3 852/343/3
f 852/343/3 763/14/3 853/344/3
f 853/344/3 763/14/3 854/345/3
f 854/345/3 763/14/3 855/346/3
f 855/346/3 763/14/3 856/347/3
f 856/347/3 763/14/3 857/348/3
f 857/348/3 763/14/3 858/349/3
f 858/349/3 763/14/3 859/350/3
f 859/350/3 763/14/3 860/13/3
f 781/351/3 780/340/3 848/352/3
f 848/352/3 780/340/3 849/353/3
f 849/353/3 780/340/3 850/341/3
f 781/351/3 848/352/3 847/354/3
f 781/351/3 847/354/3 846/355/3
f 781/351/3 846/355/3 845/356/3
f 782/357/3 781/351/3 845/356/3
f 782/357/3 845/356/3 844/358/3
f 782/357/3 844/358/3 843/359/3
f 783/360/3 782/357/3 843/359/3
f 783/360/3 843/359/3 842/361/3
f 783/360/3 842/361/3 841/362/3
f 784/363/3 783/360/3 841/362/3
f 784/363/3 841/362/3 840/364/3
f 785/365/3 784/363/3 840/364/3
f 785/365/3 840/364/3 839/366/3
f 785/365/3 839/366/3 838/367/3
f 786/368/3 785/365/3 838/367/3
f 786/368/3 838/367/3 837/369/3
f 787/370/3 786/368/3 837/369/3
f 787/370/3 837/369/3 836/371/3
f 787/370/3 836/371/3 835/372/3
f 788/373/3 787/370/3 835/372/3
f 788/373/3 835/372/3 834/374/3
f 789/375/3 788/373/3 834/374/3
f 789/375/3 834/374/3 833/376/3
f 790/377/3 789/375/3 833/376/3
f 790/377/3 833/376/3 832/378/3
f 791/379/3 790/377/3 832/378/3
f 791/379/3 832/378/3 831/380/3
f 792/381/3 791/379/3 831/380/3
f 792/381/3 831/380/3 830/382/3
f 813/383/3 812/385/3 811/384/3
f 792/381/3 830/382/3 829/386/3
f 814/387/3 813/383/3 811/384/3
f 793/388/3 792/381/3 829/386/3
f 815/389/3 814/387/3 811/384/3
f 793/388/3 829/386/3 828/390/3
f 816/391/3 815/389/3 811/384/3
f 817/392/3 816/391/3 811/384/3
f 793/388/3 828/390/3 827/393/3
f 818/394/3 817/392/3 811/384/3
f 794/395/3 793/388/3 827/393/3
f 819/396/3 818/394/3 811/384/3
f 794/395/3 827/393/3 826/397/3
f 820/398/3 819/396/3 811/384/3
f 821/399/3 820/398/3 811/384/3
f 794/395/3 826/397/3 825/400/3
f 822/401/3 821/399/3 811/384/3
f 823/402/3 822/401/3 811/384/3
f 794/395/3 825/400/3 824/403/3
f 824/403/3 823/402/3 811/384/3
f 794/395/3 824/403/3 811/384/3
f 795/404/3 794/395/3 811/384/3
f 795/404/3 811/384/3 810/405/3
f 796/406/3 795/404/3 810/405/3
f 796/406/3 810/405/3 809/407/3
f 796/406/3 809/407/3 808/408/3
f 796/406/3 808/408/3 807/409/3
f 797/410/3 796/406/3 807/409/3
f 797/410/3 807/409/3 806/411/3
f 797/410/3 806/411/3 805/412/3
f 797/410/3 805/412/3 804/413/3
f 798/414/3 797/410/3 804/413/3
f 798/414/3 804/413/3 803/415/3
f 798/414/3 803/415/3 802/416/3
f 798/414/3 802/416/3 801/417/3
f 799/418/3 798/414/3 801/417/3
f 799/418/3 801/417/3 800/419/3
f 717/309/6 288/312/6 287/309/6
f 805/412/7 376/411/7 375/412/7
f 590/212/8 161/208/8 160/212/8
f 135/111/9 566/112/9 136/112/9
f 467/8/10 38/6/10 37/8/10
f 605/209/11 176/213/11 175/209/11
f 804/413/12 375/412/12 374/413/12
f 729/313/13 300/311/13 299/313/13
f 36/9/14 467/8/14 37/8/14
f 797/410/15 368/414/15 367/410/15
f 658/113/16 229/13/16 228/113/16
f 474/7/17 45/10/17 44/7/17
f 728/314/18 299/313/18 298/314/18
f 615/214/19 186/210/19 185/214/19
f 659/13/20 193/114/20 229/13/20
f 718/312/21 289/315/21 288/312/21
f 803/415/22 374/413/22 373/415/22
f 589/215/23 160/212/23 159/215/23
f 465/11/24 36/9/24 35/11/24
f 657/115/25 228/113/25 227/115/25
f 431/14/20 2/12/20 1/14/20
f 802/416/26 373/415/26 372/416/26
f 727/316/27 298/314/27 297/316/27
f 614/216/28 185/214/28 184/216/28
f 566/112/29 137/116/29 136/112/29
f 606/213/30 177/217/30 176/213/30
f 55/13/31 431/14/31 1/14/31
f 801/417/32 372/416/32 371/417/32
f 726/317/33 297/316/33 296/317/33
f 798/414/34 369/418/34 368/414/34
f 719/315/35 290/318/35 289/315/35
f 584/211/36 155/218/36 154/211/36
f 656/117/37 227/115/37 226/117/37
f 54/15/38 485/13/38 55/13/38
f 567/116/39 138/118/39 137/116/39
f 475/10/40 46/16/40 45/10/40
f 799/418/41 370/419/41 369/418/41
f 800/419/42 371/417/42 370/419/42
f 725/319/43 296/317/43 295/319/43
f 613/219/44 184/216/44 183/219/44
f 655/119/45 226/117/45 225/119/45
f 464/17/46 35/11/46 34/17/46
f 724/320/47 295/319/47 294/320/47
f 588/220/48 159/215/48 158/220/48
f 568/118/49 139/120/49 138/118/49
f 607/217/50 178/221/50 177/217/50
f 463/18/51 34/17/51 33/18/51
f 723/321/52 294/320/52 293/321/52
f 476/16/53 47/19/53 46/16/53
f 720/318/54 291/322/54 290/318/54
f 654/121/55 225/119/55 224/121/55
f 612/222/56 183/219/56 182/222/56
f 721/322/57 292/323/57 291/322/57
f 653/122/58 224/121/58 223/122/58
f 462/20/59 33/18/59 32/20/59
f 722/323/60 293/321/60 292/323/60
f 587/223/61 158/220/61 157/223/61
f 569/120/62 140/123/62 139/120/62
f 477/19/63 48/21/63 47/19/63
f 760/27/20 331/8/20 330/27/20
f 608/221/64 179/224/64 178/221/64
f 329/14/31 760/27/31 330/27/31
f 585/218/65 156/225/65 155/218/65
f 652/124/66 223/122/66 222/124/66
f 31/22/67 462/20/67 32/20/67
f 761/8/68 332/13/68 331/8/68
f 586/225/69 157/223/69 156/225/69
f 570/123/70 141/125/70 140/123/70
f 762/13/38 329/14/38 332/13/38
f 460/23/71 31/22/71 30/23/71
f 345/326/72 776/324/72 346/324/72
f 611/226/73 182/222/73 181/226/73
f 478/21/74 49/24/74 48/21/74
f 609/224/75 180/227/75 179/224/75
f 651/126/76 222/124/76 221/126/76
f 344/325/77 775/326/77 345/326/77
f 610/227/78 181/226/78 180/227/78
f 697/230/79 268/228/79 267/230/79
f 650/127/80 221/126/80 220/127/80
f 29/25/81 460/23/81 30/23/81
f 773/327/82 344/325/82 343/327/82
f 571/125/83 142/128/83 141/125/83
f 479/24/84 50/26/84 49/24/84
f 266/229/85 697/230/85 267/230/85
f 772/328/86 343/327/86 342/328/86
f 776/324/87 347/329/87 346/324/87
f 265/231/88 696/229/88 266/229/88
f 649/129/89 220/127/89 219/129/89
f 268/228/90 699/232/90 269/232/90
f 449/27/91 20/28/91 19/27/91
f 648/130/92 219/129/92 218/130/92
f 341/330/93 772/328/93 342/328/93
f 572/128/94 143/131/94 142/128/94
f 450/28/95 21/29/95 20/28/95
f 264/233/96 695/231/96 265/231/96
f 770/331/97 341/330/97 340/331/97
f 699/232/98 270/234/98 269/232/98
f 451/29/99 22/30/99 21/29/99
f 647/132/100 218/130/100 217/132/100
f 339/332/101 770/331/101 340/331/101
f 573/131/102 144/133/102 143/131/102
f 452/30/103 23/31/103 22/30/103
f 347/329/104 778/333/104 348/333/104
f 693/235/105 264/233/105 263/235/105
f 270/234/106 701/236/106 271/236/106
f 453/31/107 24/32/107 23/31/107
f 646/134/108 217/132/108 216/134/108
f 338/334/109 769/332/109 339/332/109
f 454/32/110 25/33/110 24/32/110
f 262/237/111 693/235/111 263/235/111
f 215/135/112 646/134/112 216/134/112
f 767/335/113 338/334/113 337/335/113
f 701/236/114 272/238/114 271/236/114
f 574/133/115 145/136/115 144/133/115
f 455/33/116 26/34/116 25/33/116
f 336/336/117 767/335/117 337/335/117
f 456/34/118 27/35/118 26/34/118
f 348/333/119 779/337/119 349/337/119
f 261/239/120 692/237/120 262/237/120
f 644/137/121 215/135/121 214/137/121
f 272/238/122 703/240/122 273/240/122
f 457/35/123 28/36/123 27/35/123
f 643/138/124 214/137/124 213/138/124
f 458/36/125 29/25/125 28/36/125
f 765/338/126 336/336/126 335/338/126
f 623/114/127 194/139/127 193/114/127
f 480/26/128 51/37/128 50/26/128
f 260/241/129 691/239/129 261/239/129
f 334/339/130 765/338/130 335/338/130
f 703/240/131 274/242/131 273/240/131
f 575/136/132 146/140/132 145/136/132
f 447/38/133 18/39/133 17/38/133
f 333/14/134 764/339/134 334/339/134
f 624/139/135 195/141/135 194/139/135
f 779/337/136 350/340/136 349/337/136
f 448/39/137 19/27/137 18/39/137
f 481/37/138 52/40/138 51/37/138
f 745/244/139 316/243/139 315/244/139
f 642/142/140 213/138/140 212/142/140
f 746/243/141 317/245/141 316/243/141
f 625/141/142 196/143/142 195/141/142
f 850/341/143 421/342/143 420/341/143
f 445/41/144 16/42/144 15/41/144
f 486/14/145 57/144/145 56/14/145
f 851/342/146 422/343/146 421/342/146
f 744/246/147 315/244/147 314/246/147
f 446/42/148 17/38/148 16/42/148
f 747/245/149 318/247/149 317/245/149
f 192/145/38 486/14/38 56/14/38
f 852/343/150 423/344/150 422/343/150
f 444/43/151 15/41/151 14/43/151
f 509/146/152 80/105/152 79/146/152
f 853/344/153 424/345/153 423/344/153
f 743/248/154 314/246/154 313/248/154
f 443/44/155 14/43/155 13/44/155
f 748/247/156 319/249/156 318/247/156
f 641/147/157 212/142/157 211/147/157
f 482/40/158 53/45/158 52/40/158
f 854/345/159 425/346/159 424/345/159
f 487/144/160 58/148/160 57/144/160
f 855/346/161 426/347/161 425/346/161
f 689/250/162 260/241/162 259/250/162
f 626/143/163 197/149/163 196/143/163
f 442/46/164 13/44/164 12/46/164
f 856/347/165 427/348/165 426/347/165
f 742/251/166 313/248/166 312/251/166
f 441/47/167 12/46/167 11/47/167
f 704/242/168 275/252/168 274/242/168
f 508/150/169 79/146/169 78/150/169
f 857/348/170 428/349/170 427/348/170
f 488/148/171 59/151/171 58/148/171
f 53/45/31 484/15/31 54/15/31
f 749/249/172 320/253/172 319/249/172
f 858/349/173 429/350/173 428/349/173
f 576/140/174 147/152/174 146/140/174
f 437/48/175 8/49/175 7/48/175
f 859/350/176 430/13/176 429/350/176
f 741/254/177 312/251/177 311/254/177
f 430/13/38 763/14/38 333/14/38
f 750/253/178 321/255/178 320/253/178
f 640/153/179 211/147/179 210/153/179
f 438/49/180 9/50/180 8/49/180
f 780/340/181 351/351/181 350/340/181
f 507/154/182 78/150/182 77/154/182
f 439/50/183 10/51/183 9/50/183
f 740/256/184 311/254/184 310/256/184
f 627/149/185 198/155/185 197/149/185
f 848/352/186 419/353/186 418/352/186
f 751/255/187 322/257/187 321/255/187
f 440/51/188 11/47/188 10/51/188
f 489/151/189 60/156/189 59/151/189
f 849/353/190 420/341/190 419/353/190
f 436/52/191 7/48/191 6/52/191
f 739/258/192 310/256/192 309/258/192
f 847/354/193 418/352/193 417/354/193
f 752/257/194 323/259/194 322/257/194
f 506/157/195 77/154/195 76/157/195
f 435/53/196 6/52/196 5/53/196
f 628/155/197 199/158/197 198/155/197
f 846/355/198 417/354/198 416/355/198
f 705/252/199 276/260/199 275/252/199
f 434/54/200 5/53/200 4/54/200
f 60/156/201 491/159/201 61/159/201
f 432/12/68 3/55/68 2/12/68
f 845/356/202 416/355/202 415/356/202
f 3/55/38 434/54/38 4/54/38
f 351/351/203 782/357/203 352/357/203
f 258/261/204 689/250/204 259/250/204
f 93/58/205 524/56/205 94/56/205
f 639/160/206 210/153/206 209/160/206
f 738/262/207 309/258/207 308/262/207
f 522/57/208 93/58/208 92/57/208
f 844/358/209 415/356/209 414/358/209
f 753/259/210 324/263/210 323/259/210
f 505/161/211 76/157/211 75/161/211
f 524/56/212 95/59/212 94/56/212
f 491/159/213 62/162/213 61/159/213
f 843/359/214 414/358/214 413/359/214
f 782/357/215 353/360/215 352/357/215
f 737/264/216 308/262/216 307/264/216
f 629/158/217 200/163/217 199/158/217
f 521/60/218 92/57/218 91/60/218
f 754/263/219 325/265/219 324/263/219
f 95/59/220 526/61/220 96/61/220
f 842/361/221 413/359/221 412/361/221
f 706/260/222 277/266/222 276/260/222
f 504/164/223 75/161/223 74/164/223
f 526/61/224 97/62/224 96/61/224
f 492/162/225 63/165/225 62/162/225
f 841/362/226 412/361/226 411/362/226
f 783/360/227 354/363/227 353/360/227
f 257/267/228 688/261/228 258/261/228
f 90/63/229 521/60/229 91/60/229
f 208/166/230 639/160/230 209/160/230
f 97/62/231 528/64/231 98/64/231
f 736/268/232 307/264/232 306/268/232
f 840/364/233 411/362/233 410/364/233
f 755/265/234 326/269/234 325/265/234
f 503/167/235 74/164/235 73/167/235
f 784/363/236 355/365/236 354/363/236
f 200/163/237 631/168/237 201/168/237
f 89/65/238 520/63/238 90/63/238
f 528/64/239 99/66/239 98/64/239
f 735/270/240 306/268/240 305/270/240
f 493/165/241 64/169/241 63/165/241
f 839/366/242 410/364/242 409/366/242
f 756/269/243 327/271/243 326/269/243
f 529/66/244 100/67/244 99/66/244
f 838/367/245 409/366/245 408/367/245
f 707/266/246 278/272/246 277/266/246
f 502/170/247 73/167/247 72/170/247
f 785/365/248 356/368/248 355/365/248
f 577/152/249 148/171/249 147/152/249
f 88/68/250 519/65/250 89/65/250
f 530/67/251 101/69/251 100/67/251
f 734/273/252 305/270/252 304/273/252
f 494/169/253 65/172/253 64/169/253
f 837/369/254 408/367/254 407/369/254
f 786/368/255 357/370/255 356/368/255
f 256/274/256 687/267/256 257/267/256
f 517/70/257 88/68/257 87/70/257
f 757/271/258 328/13/258 327/271/258
f 637/173/259 208/166/259 207/173/259
f 531/69/260 102/71/260 101/69/260
f 631/168/261 202/174/261 201/168/261
f 406/371/262 837/369/262 407/369/262
f 532/71/263 103/72/263 102/71/263
f 328/13/31 734/273/31 304/273/31
f 835/372/264 406/371/264 405/372/264
f 501/175/265 72/170/265 71/175/265
f 787/370/266 358/373/266 357/370/266
f 708/272/267 279/36/267 278/272/267
f 495/172/268 66/176/268 65/172/268
f 516/73/269 87/70/269 86/73/269
f 533/72/270 104/74/270 103/72/270
f 834/374/271 405/372/271 404/374/271
f 685/275/272 256/274/272 255/275/272
f 500/177/273 71/175/273 70/177/273
f 788/373/274 359/375/274 358/373/274
f 709/36/275 280/276/275 279/36/275
f 496/176/276 67/178/276 66/176/276
f 85/75/277 516/73/277 86/73/277
f 534/74/278 105/76/278 104/74/278
f 632/174/279 203/179/279 202/174/279
f 403/376/280 834/374/280 404/374/280
f 684/277/68 255/275/68 254/277/68
f 535/76/20 106/77/20 105/76/20
f 789/375/281 360/377/281 359/375/281
f 536/77/282 107/78/282 106/77/282
f 253/278/283 684/277/283 254/277/283
f 499/180/284 70/177/284 69/180/284
f 710/276/285 281/279/285 280/276/285
f 497/178/286 68/181/286 67/178/286
f 537/78/287 108/79/287 107/78/287
f 402/378/288 833/376/288 403/376/288
f 790/377/289 361/379/289 360/377/289
f 538/79/290 109/80/290 108/79/290
f 252/280/291 683/278/291 253/278/291
f 498/181/292 69/180/292 68/181/292
f 539/80/293 110/81/293 109/80/293
f 401/380/294 832/378/294 402/378/294
f 681/281/295 252/280/295 251/281/295
f 636/182/296 207/173/296 206/182/296
f 791/379/297 362/381/297 361/379/297
f 711/279/298 282/282/298 281/279/298
f 540/81/299 111/82/299 110/81/299
f 633/179/300 204/183/300 203/179/300
f 541/82/301 112/83/301 111/82/301
f 400/382/302 831/380/302 401/380/302
f 250/283/303 681/281/303 251/281/303
f 812/385/304 383/383/304 382/385/304
f 712/282/305 283/284/305 282/282/305
f 635/184/306 206/182/306 205/184/306
f 542/83/307 113/84/307 112/83/307
f 204/183/308 635/184/308 205/184/308
f 381/384/38 812/385/38 382/385/38
f 543/84/309 114/85/309 113/84/309
f 679/285/310 250/283/310 249/285/310
f 399/386/311 830/382/311 400/382/311
f 230/14/312 661/286/312 231/286/312
f 544/85/313 115/86/313 114/85/313
f 813/383/314 384/387/314 383/383/314
f 303/287/38 660/14/38 230/14/38
f 148/171/315 579/186/315 149/186/315
f 545/86/316 116/87/316 115/86/316
f 792/381/317 363/388/317 362/381/317
f 678/288/318 249/285/318 248/288/318
f 384/387/319 815/389/319 385/389/319
f 661/286/320 232/289/320 231/286/320
f 597/187/321 168/185/321 167/187/321
f 546/87/322 117/88/322 116/87/322
f 598/185/323 169/188/323 168/185/323
f 662/289/324 233/290/324 232/289/324
f 547/88/325 118/89/325 117/88/325
f 398/390/326 829/386/326 399/386/326
f 579/186/327 150/189/327 149/186/327
f 815/389/328 386/391/328 385/389/328
f 713/284/329 284/291/329 283/284/329
f 514/90/330 85/75/330 84/90/330
f 386/391/331 817/392/331 387/392/331
f 596/190/332 167/187/332 166/190/332
f 548/89/333 119/91/333 118/89/333
f 247/292/334 678/288/334 248/288/334
f 599/188/335 170/191/335 169/188/335
f 663/290/336 234/293/336 233/290/336
f 397/393/337 828/390/337 398/390/337
f 83/92/338 514/90/338 84/90/338
f 817/392/339 388/394/339 387/392/339
f 664/293/340 235/294/340 234/293/340
f 621/192/341 192/145/341 191/192/341
f 549/91/342 120/93/342 119/91/342
f 580/189/343 151/193/343 150/189/343
f 793/388/344 364/395/344 363/388/344
f 550/93/345 121/94/345 120/93/345
f 676/295/346 247/292/346 246/295/346
f 388/394/347 819/396/347 389/396/347
f 665/294/348 236/296/348 235/294/348
f 595/194/349 166/190/349 165/194/349
f 551/94/350 122/95/350 121/94/350
f 600/191/351 171/195/351 170/191/351
f 552/95/352 123/96/352 122/95/352
f 396/397/353 827/393/353 397/393/353
f 245/297/354 676/295/354 246/295/354
f 819/396/355 390/398/355 389/396/355
f 236/296/356 667/298/356 237/298/356
f 620/196/357 191/192/357 190/196/357
f 553/96/358 124/97/358 123/96/358
f 820/398/359 391/399/359 390/398/359
f 714/291/360 285/299/360 284/291/360
f 594/197/361 165/194/361 164/197/361
f 601/195/362 172/198/362 171/195/362
f 512/98/363 83/92/363 82/98/363
f 667/298/364 238/300/364 237/298/364
f 554/97/365 125/99/365 124/97/365
f 395/400/366 826/397/366 396/397/366
f 581/193/367 152/199/367 151/193/367
f 391/399/368 822/401/368 392/401/368
f 555/99/369 126/100/369 125/99/369
f 244/301/370 675/297/370 245/297/370
f 392/401/371 823/402/371 393/402/371
f 238/300/372 669/302/372 239/302/372
f 619/200/373 190/196/373 189/200/373
f 556/100/374 127/101/374 126/100/374
f 593/201/375 164/197/375 163/201/375
f 394/403/376 825/400/376 395/400/376
f 673/303/377 244/301/377 243/303/377
f 602/198/378 173/202/378 172/198/378
f 81/102/379 512/98/379 82/98/379
f 823/402/380 394/403/380 393/402/380
f 669/302/381 240/304/381 239/302/381
f 557/101/382 128/103/382 127/101/382
f 240/304/383 671/305/383 241/305/383
f 618/203/384 189/200/384 188/203/384
f 558/103/385 129/104/385 128/103/385
f 794/395/386 365/404/386 364/395/386
f 582/199/387 153/204/387 152/199/387
f 672/306/388 243/303/388 242/306/388
f 510/105/38 81/102/38 80/105/38
f 810/405/389 381/384/389 380/405/389
f 671/305/390 242/306/390 241/305/390
f 592/205/391 163/201/391 162/205/391
f 559/104/392 130/106/392 129/104/392
f 795/404/393 366/406/393 365/404/393
f 603/202/394 174/206/394 173/202/394
f 560/106/20 131/107/20 130/106/20
f 471/3/395 42/1/395 41/3/395
f 715/299/396 286/307/396 285/299/396
f 809/407/397 380/405/397 379/407/397
f 617/207/398 188/203/398 187/207/398
f 131/107/399 562/108/399 132/108/399
f 470/2/400 41/3/400 40/2/400
f 808/408/401 379/407/401 378/408/401
f 732/308/402 303/287/402 302/308/402
f 591/208/403 162/205/403 161/208/403
f 39/4/404 470/2/404 40/2/404
f 716/307/405 287/309/405 286/307/405
f 604/206/406 175/209/406 174/206/406
f 42/1/407 473/5/407 43/5/407
f 807/409/408 378/408/408 377/409/408
f 562/108/409 133/109/409 132/108/409
f 796/406/410 367/410/410 366/406/410
f 731/310/411 302/308/411 301/310/411
f 616/210/412 187/207/412 186/210/412
f 133/109/413 564/110/413 134/110/413
f 468/6/414 39/4/414 38/6/414
f 583/204/415 154/211/415 153/204/415
f 473/5/416 44/7/416 43/5/416
f 806/411/417 377/409/417 376/411/417
f 730/311/418 301/310/418 300/311/418
f 564/110/419 135/111/419 134/110/419
f 717/309/6 718/312/6 288/312/6
f 805/412/7 806/411/7 376/411/7
f 590/212/8 591/208/8 161/208/8
f 135/111/9 565/111/9 566/112/9
f 467/8/10 468/6/10 38/6/10
f 605/209/11 606/213/11 176/213/11
f 804/413/12 805/412/12 375/412/12
f 729/313/13 730/311/13 300/311/13
f 36/9/14 466/9/14 467/8/14
f 797/410/15 798/414/15 368/414/15
f 658/113/16 659/13/16 229/13/16
f 474/7/17 475/10/17 45/10/17
f 728/314/18 729/313/18 299/313/18
f 615/214/19 616/210/19 186/210/19
f 659/13/20 623/114/20 193/114/20
f 718/312/21 719/315/21 289/315/21
f 803/415/22 804/413/22 374/413/22
f 589/215/23 590/212/23 160/212/23
f 465/11/24 466/9/24 36/9/24
f 657/115/25 658/113/25 228/113/25
f 431/14/20 432/12/20 2/12/20
f 802/416/26 803/415/26 373/415/26
f 727/316/27 728/314/27 298/314/27
f 614/216/28 615/214/28 185/214/28
f 566/112/29 567/116/29 137/116/29
f 606/213/30 607/217/30 177/217/30
f 55/13/31 485/13/31 431/14/31
f 801/417/32 802/416/32 372/416/32
f 726/317/33 727/316/33 297/316/33
f 798/414/34 799/418/34 369/418/34
f 719/315/35 720/318/35 290/318/35
f 584/211/36 585/218/36 155/218/36
f 656/117/37 657/115/37 227/115/37
f 54/15/38 484/15/38 485/13/38
f 567/116/39 568/118/39 138/118/39
f 475/10/40 476/16/40 46/16/40
f 799/418/41 800/419/41 370/419/41
f 800/419/42 801/417/42 371/417/42
f 725/319/43 726/317/43 296/317/43
f 613/219/44 614/216/44 184/216/44
f 655/119/45 656/117/45 226/117/45
f 464/17/46 465/11/46 35/11/46
f 724/320/47 725/319/47 295/319/47
f 588/220/420 589/215/420 159/215/420
f 568/118/49 569/120/49 139/120/49
f 607/217/50 608/221/50 178/221/50
f 463/18/51 464/17/51 34/17/51
f 723/321/52 724/320/52 294/320/52
f 476/16/53 477/19/53 47/19/53
f 720/318/54 721/322/54 291/322/54
f 654/121/55 655/119/55 225/119/55
f 612/222/56 613/219/56 183/219/56
f 721/322/421 722/323/421 292/323/421
f 653/122/58 654/121/58 224/121/58
f 462/20/59 463/18/59 33/18/59
f 722/323/60 723/321/60 293/321/60
f 587/223/61 588/220/61 158/220/61
f 569/120/62 570/123/62 140/123/62
f 477/19/63 478/21/63 48/21/63
f 760/27/20 761/8/20 331/8/20
f 608/221/64 609/224/64 179/224/64
f 329/14/31 759/14/31 760/27/31
f 585/218/65 586/225/65 156/225/65
f 652/124/66 653/122/66 223/122/66
f 31/22/67 461/22/67 462/20/67
f 761/8/68 762/13/68 332/13/68
f 586/225/69 587/223/69 157/223/69
f 570/123/70 571/125/70 141/125/70
f 762/13/38 759/14/38 329/14/38
f 460/23/71 461/22/71 31/22/71
f 345/326/72 775/326/72 776/324/72
f 611/226/73 612/222/73 182/222/73
f 478/21/74 479/24/74 49/24/74
f 609/224/75 610/227/75 180/227/75
f 651/126/76 652/124/76 222/124/76
f 344/325/77 774/325/77 775/326/77
f 610/227/78 611/226/78 181/226/78
f 697/230/79 698/228/79 268/228/79
f 650/127/80 651/126/80 221/126/80
f 29/25/81 459/25/81 460/23/81
f 773/327/82 774/325/82 344/325/82
f 571/125/83 572/128/83 142/128/83
f 479/24/84 480/26/84 50/26/84
f 266/229/85 696/229/85 697/230/85
f 772/328/86 773/327/86 343/327/86
f 776/324/87 777/329/87 347/329/87
f 265/231/88 695/231/88 696/229/88
f 649/129/89 650/127/89 220/127/89
f 268/228/90 698/228/90 699/232/90
f 449/27/91 450/28/91 20/28/91
f 648/130/92 649/129/92 219/129/92
f 341/330/93 771/330/93 772/328/93
f 572/128/94 573/131/94 143/131/94
f 450/28/95 451/29/95 21/29/95
f 264/233/96 694/233/96 695/231/96
f 770/331/97 771/330/97 341/330/97
f 699/232/98 700/234/98 270/234/98
f 451/29/99 452/30/99 22/30/99
f 647/132/100 648/130/100 218/130/100
f 339/332/101 769/332/101 770/331/101
f 573/131/102 574/133/102 144/133/102
f 452/30/103 453/31/103 23/31/103
f 347/329/104 777/329/104 778/333/104
f 693/235/105 694/233/105 264/233/105
f 270/234/106 700/234/106 701/236/106
f 453/31/107 454/32/107 24/32/107
f 646/134/108 647/132/108 217/132/108
f 338/334/109 768/334/109 769/332/109
f 454/32/110 455/33/110 25/33/110
f 262/237/111 692/237/111 693/235/111
f 215/135/112 645/135/112 646/134/112
f 767/335/113 768/334/113 338/334/113
f 701/236/114 702/238/114 272/238/114
f 574/133/115 575/136/115 145/136/115
f 455/33/116 456/34/116 26/34/116
f 336/336/117 766/336/117 767/335/117
f 456/34/118 457/35/118 27/35/118
f 348/333/119 778/333/119 779/337/119
f 261/239/120 691/239/120 692/237/120
f 644/137/121 645/135/121 215/135/121
f 272/238/122 702/238/122 703/240/122
f 457/35/123 458/36/123 28/36/123
f 643/138/124 644/137/124 214/137/124
f 458/36/125 459/25/125 29/25/125
f 765/338/126 766/336/126 336/336/126
f 623/114/127 624/139/127 194/139/127
f 480/26/128 481/37/128 51/37/128
f 260/241/129 690/241/129 691/239/129
f 334/339/130 764/339/130 765/338/130
f 703/240/131 704/242/131 274/242/131
f 575/136/132 576/140/132 146/140/132
f 447/38/133 448/39/133 18/39/133
f 333/14/134 763/14/134 764/339/134
f 624/139/135 625/141/135 195/141/135
f 779/337/136 780/340/136 350/340/136
f 448/39/137 449/27/137 19/27/137
f 481/37/138 482/40/138 52/40/138
f 745/244/139 746/243/139 316/243/139
f 642/142/140 643/138/140 213/138/140
f 746/243/141 747/245/141 317/245/141
f 625/141/142 626/143/142 196/143/142
f 850/341/143 851/342/143 421/342/143
f 445/41/144 446/42/144 16/42/144
f 486/14/145 487/144/145 57/144/145
f 851/342/146 852/343/146 422/343/146
f 744/246/147 745/244/147 315/244/147
f 446/42/148 447/38/148 17/38/148
f 747/245/149 748/247/149 318/247/149
f 192/145/38 622/145/38 486/14/38
f 852/343/150 853/344/150 423/344/150
f 444/43/151 445/41/151 15/41/151
f 509/146/152 510/105/152 80/105/152
f 853/344/153 854/345/153 424/345/153
f 743/248/154 744/246/154 314/246/154
f 443/44/155 444/43/155 14/43/155
f 748/247/156 749/249/156 319/249/156
f 641/147/157 642/142/157 212/142/157
f 482/40/158 483/45/158 53/45/158
f 854/345/159 855/346/159 425/346/159
f 487/144/160 488/148/160 58/148/160
f 855/346/161 856/347/161 426/347/161
f 689/250/162 690/241/162 260/241/162
f 626/143/163 627/149/163 197/149/163
f 442/46/164 443/44/164 13/44/164
f 856/347/165 857/348/165 427/348/165
f 742/251/166 743/248/166 313/248/166
f 441/47/167 442/46/167 12/46/167
f 704/242/168 705/252/168 275/252/168
f 508/150/169 509/146/169 79/146/169
f 857/348/170 858/349/170 428/349/170
f 488/148/171 489/151/171 59/151/171
f 53/45/31 483/45/31 484/15/31
f 749/249/172 750/253/172 320/253/172
f 858/349/173 859/350/173 429/350/173
f 576/140/174 577/152/174 147/152/174
f 437/48/175 438/49/175 8/49/175
f 859/350/176 860/13/176 430/13/176
f 741/254/177 742/251/177 312/251/177
f 430/13/38 860/13/38 763/14/38
f 750/253/178 751/255/178 321/255/178
f 640/153/179 641/147/179 211/147/179
f 438/49/180 439/50/180 9/50/180
f 780/340/181 781/351/181 351/351/181
f 507/154/182 508/150/182 78/150/182
f 439/50/183 440/51/183 10/51/183
f 740/256/184 741/254/184 311/254/184
f 627/149/185 628/155/185 198/155/185
f 848/352/186 849/353/186 419/353/186
f 751/255/187 752/257/187 322/257/187
f 440/51/188 441/47/188 11/47/188
f 489/151/422 490/156/422 60/156/422
f 849/353/190 850/341/190 420/341/190
f 436/52/191 437/48/191 7/48/191
f 739/258/192 740/256/192 310/256/192
f 847/354/193 848/352/193 418/352/193
f 752/257/194 753/259/194 323/259/194
f 506/157/195 507/154/195 77/154/195
f 435/53/196 436/52/196 6/52/196
f 628/155/197 629/158/197 199/158/197
f 846/355/198 847/354/198 417/354/198
f 705/252/199 706/260/199 276/260/199
f 434/54/200 435/53/200 5/53/200
f 60/156/423 490/156/423 491/159/423
f 432/12/68 433/55/68 3/55/68
f 845/356/202 846/355/202 416/355/202
f 3/55/38 433/55/38 434/54/38
f 351/351/203 781/351/203 782/357/203
f 258/261/204 688/261/204 689/250/204
f 93/58/205 523/58/205 524/56/205
f 639/160/206 640/153/206 210/153/206
f 738/262/207 739/258/207 309/258/207
f 522/57/208 523/58/208 93/58/208
f 844/358/209 845/356/209 415/356/209
f 753/259/210 754/263/210 324/263/210
f 505/161/211 506/157/211 76/157/211
f 524/56/212 525/59/212 95/59/212
f 491/159/213 492/162/213 62/162/213
f 843/359/214 844/358/214 414/358/214
f 782/357/215 783/360/215 353/360/215
f 737/264/216 738/262/216 308/262/216
f 629/158/217 630/163/217 200/163/217
f 521/60/218 522/57/218 92/57/218
f 754/263/219 755/265/219 325/265/219
f 95/59/220 525/59/220 526/61/220
f 842/361/221 843/359/221 413/359/221
f 706/260/222 707/266/222 277/266/222
f 504/164/223 505/161/223 75/161/223
f 526/61/224 527/62/224 97/62/224
f 492/162/424 493/165/424 63/165/424
f 841/362/226 842/361/226 412/361/226
f 783/360/227 784/363/227 354/363/227
f 257/267/228 687/267/228 688/261/228
f 90/63/229 520/63/229 521/60/229
f 208/166/230 638/166/230 639/160/230
f 97/62/231 527/62/231 528/64/231
f 736/268/232 737/264/232 307/264/232
f 840/364/233 841/362/233 411/362/233
f 755/265/234 756/269/234 326/269/234
f 503/167/235 504/164/235 74/164/235
f 784/363/236 785/365/236 355/365/236
f 200/163/237 630/163/237 631/168/237
f 89/65/238 519/65/238 520/63/238
f 528/64/239 529/66/239 99/66/239
f 735/270/240 736/268/240 306/268/240
f 493/165/241 494/169/241 64/169/241
f 839/366/242 840/364/242 410/364/242
f 756/269/243 757/271/243 327/271/243
f 529/66/244 530/67/244 100/67/244
f 838/367/245 839/366/245 409/366/245
f 707/266/246 708/272/246 278/272/246
f 502/170/247 503/167/247 73/167/247
f 785/365/248 786/368/248 356/368/248
f 577/152/249 578/171/249 148/171/249
f 88/68/250 518/68/250 519/65/250
f 530/67/251 531/69/251 101/69/251
f 734/273/252 735/270/252 305/270/252
f 494/169/253 495/172/253 65/172/253
f 837/369/254 838/367/254 408/367/254
f 786/368/255 787/370/255 357/370/255
f 256/274/256 686/274/256 687/267/256
f 517/70/257 518/68/257 88/68/257
f 757/271/258 758/13/258 328/13/258
f 637/173/425 638/166/425 208/166/425
f 531/69/260 532/71/260 102/71/260
f 631/168/261 632/174/261 202/174/261
f 406/371/262 836/371/262 837/369/262
f 532/71/263 533/72/263 103/72/263
f 328/13/31 758/13/31 734/273/31
f 835/372/264 836/371/264 406/371/264
f 501/175/426 502/170/426 72/170/426
f 787/370/266 788/373/266 358/373/266
f 708/272/267 709/36/267 279/36/267
f 495/172/268 496/176/268 66/176/268
f 516/73/269 517/70/269 87/70/269
f 533/72/270 534/74/270 104/74/270
f 834/374/271 835/372/271 405/372/271
f 685/275/272 686/274/272 256/274/272
f 500/177/273 501/175/273 71/175/273
f 788/373/274 789/375/274 359/375/274
f 709/36/275 710/276/275 280/276/275
f 496/176/276 497/178/276 67/178/276
f 85/75/277 515/75/277 516/73/277
f 534/74/278 535/76/278 105/76/278
f 632/174/427 633/179/427 203/179/427
f 403/376/280 833/376/280 834/374/280
f 684/277/68 685/275/68 255/275/68
f 535/76/20 536/77/20 106/77/20
f 789/375/281 790/377/281 360/377/281
f 536/77/282 537/78/282 107/78/282
f 253/278/283 683/278/283 684/277/283
f 499/180/284 500/177/284 70/177/284
f 710/276/285 711/279/285 281/279/285
f 497/178/286 498/181/286 68/181/286
f 537/78/287 538/79/287 108/79/287
f 402/378/288 832/378/288 833/376/288
f 790/377/289 791/379/289 361/379/289
f 538/79/290 539/80/290 109/80/290
f 252/280/291 682/280/291 683/278/291
f 498/181/292 499/180/292 69/180/292
f 539/80/293 540/81/293 110/81/293
f 401/380/294 831/380/294 832/378/294
f 681/281/295 682/280/295 252/280/295
f 636/182/296 637/173/296 207/173/296
f 791/379/297 792/381/297 362/381/297
f 711/279/298 712/282/298 282/282/298
f 540/81/299 541/82/299 111/82/299
f 633/179/300 634/183/300 204/183/300
f 541/82/301 542/83/301 112/83/301
f 400/382/302 830/382/302 831/380/302
f 250/283/303 680/283/303 681/281/303
f 812/385/304 813/383/304 383/383/304
f 712/282/305 713/284/305 283/284/305
f 635/184/306 636/182/306 206/182/306
f 542/83/307 543/84/307 113/84/307
f 204/183/308 634/183/308 635/184/308
f 381/384/38 811/384/38 812/385/38
f 543/84/309 544/85/309 114/85/309
f 679/285/310 680/283/310 250/283/310
f 399/386/311 829/386/311 830/382/311
f 230/14/312 660/14/312 661/286/312
f 544/85/313 545/86/313 115/86/313
f 813/383/314 814/387/314 384/387/314
f 303/287/38 733/287/38 660/14/38
f 148/171/315 578/171/315 579/186/315
f 545/86/316 546/87/316 116/87/316
f 792/381/317 793/388/317 363/388/317
f 678/288/318 679/285/318 249/285/318
f 384/387/319 814/387/319 815/389/319
f 661/286/320 662/289/320 232/289/320
f 597/187/321 598/185/321 168/185/321
f 546/87/322 547/88/322 117/88/322
f 598/185/323 599/188/323 169/188/323
f 662/289/324 663/290/324 233/290/324
f 547/88/325 548/89/325 118/89/325
f 398/390/326 828/390/326 829/386/326
f 579/186/327 580/189/327 150/189/327
f 815/389/328 816/391/328 386/391/328
f 713/284/329 714/291/329 284/291/329
f 514/90/330 515/75/330 85/75/330
f 386/391/331 816/391/331 817/392/331
f 596/190/332 597/187/332 167/187/332
f 548/89/333 549/91/333 119/91/333
f 247/292/334 677/292/334 678/288/334
f 599/188/335 600/191/335 170/191/335
f 663/290/336 664/293/336 234/293/336
f 397/393/337 827/393/337 828/390/337
f 83/92/338 513/92/338 514/90/338
f 817/392/339 818/394/339 388/394/339
f 664/293/340 665/294/340 235/294/340
f 621/192/341 622/145/341 192/145/341
f 549/91/342 550/93/342 120/93/342
f 580/189/343 581/193/343 151/193/343
f 793/388/344 794/395/344 364/395/344
f 550/93/345 551/94/345 121/94/345
f 676/295/346 677/292/346 247/292/346
f 388/394/347 818/394/347 819/396/347
f 665/294/348 666/296/348 236/296/348
f 595/194/349 596/190/349 166/190/349
f 551/94/350 552/95/350 122/95/350
f 600/191/351 601/195/351 171/195/351
f 552/95/352 553/96/352 123/96/352
f 396/397/353 826/397/353 827/393/353
f 245/297/354 675/297/354 676/295/354
f 819/396/355 820/398/355 390/398/355
f 236/296/356 666/296/356 667/298/356
f 620/196/357 621/192/357 191/192/357
f 553/96/358 554/97/358 124/97/358
f 820/398/359 821/399/359 391/399/359
f 714/291/360 715/299/360 285/299/360
f 594/197/361 595/194/361 165/194/361
f 601/195/362 602/198/362 172/198/362
f 512/98/363 513/92/363 83/92/363
f 667/298/364 668/300/364 238/300/364
f 554/97/365 555/99/365 125/99/365
f 395/400/366 825/400/366 826/397/366
f 581/193/367 582/199/367 152/199/367
f 391/399/368 821/399/368 822/401/368
f 555/99/369 556/100/369 126/100/369
f 244/301/370 674/301/370 675/297/370
f 392/401/371 822/401/371 823/402/371
f 238/300/372 668/300/372 669/302/372
f 619/200/373 620/196/373 190/196/373
f 556/100/374 557/101/374 127/101/374
f 593/201/375 594/197/375 164/197/375
f 394/403/376 824/403/376 825/400/376
f 673/303/377 674/301/377 244/301/377
f 602/198/378 603/202/378 173/202/378
f 81/102/379 511/102/379 512/98/379
f 823/402/380 824/403/380 394/403/380
f 669/302/381 670/304/381 240/304/381
f 557/101/382 558/103/382 128/103/382
f 240/304/383 670/304/383 671/305/383
f 618/203/384 619/200/384 189/200/384
f 558/103/385 559/104/385 129/104/385
f 794/395/386 795/404/386 365/404/386
f 582/199/428 583/204/428 153/204/428
f 672/306/388 673/303/388 243/303/388
f 510/105/38 511/102/38 81/102/38
f 810/405/389 811/384/389 381/384/389
f 671/305/390 672/306/390 242/306/390
f 592/205/391 593/201/391 163/201/391
f 559/104/392 560/106/392 130/106/392
f 795/404/393 796/406/393 366/406/393
f 603/202/394 604/206/394 174/206/394
f 560/106/20 561/107/20 131/107/20
f 471/3/395 472/1/395 42/1/395
f 715/299/396 716/307/396 286/307/396
f 809/407/397 810/405/397 380/405/397
f 617/207/398 618/203/398 188/203/398
f 131/107/399 561/107/399 562/108/399
f 470/2/400 471/3/400 41/3/400
f 808/408/401 809/407/401 379/407/401
f 732/308/402 733/287/402 303/287/402
f 591/208/403 592/205/403 162/205/403
f 39/4/404 469/4/404 470/2/404
f 716/307/405 717/309/405 287/309/405
f 604/206/406 605/209/406 175/209/406
f 42/1/407 472/1/407 473/5/407
f 807/409/408 808/408/408 378/408/408
f 562/108/409 563/109/409 133/109/409
f 796/406/410 797/410/410 367/410/410
f 731/310/411 732/308/411 302/308/411
f 616/210/412 617/207/412 187/207/412
f 133/109/413 563/109/413 564/110/413
f 468/6/414 469/4/414 39/4/414
f 583/204/415 584/211/415 154/211/415
f 473/5/416 474/7/416 44/7/416
f 806/411/417 807/409/417 377/409/417
f 730/311/418 731/310/418 301/310/418
f 564/110/419 565/111/419 135/111/419
